name	MDS1	MDS2	file	dataset	marker	method	matrix_comp	codon_scheme	n_best	marker_set	method_f	comp_f	code	key_short	X	Y	X_plot	Y_plot	dist_to_centroid	meanRF
fna_60_ABS60_75_ASTRAL_IV.tre	-0.0152315484990141	-0.0144798487706114	/home/data/t200301/xjt/tree_chosen/back_bone/fna_60_ABS60_75_ASTRAL_IV.tre	FNA	USCO	ASTRAL	>=75% taxa	123	1	USCO	ASTRAL	>=75% taxa	M	FNA 123 ASTRAL ≥75%	-0.0152315484990141	-0.0144798487706114	-0.0152315484990141	-0.0144798487706114	0.0210158533040558	0.0376157407407407
fna_60_ABS60_75_12_ASTRAL_IV.tre	-0.0152858662673156	-0.0144542967644253	/home/data/t200301/xjt/tree_chosen/back_bone/fna_60_ABS60_75_12_ASTRAL_IV.tre	FNA	USCO	ASTRAL	>=75% taxa	12 (no 3rd codon pos)	1	USCO	ASTRAL	>=75% taxa	L	FNA 12 (no 3rd codon pos) ASTRAL ≥75%	-0.0152858662673156	-0.0144542967644253	-0.0152858662673156	-0.0144542967644253	0.0210376900465886	0.0399305555555556
fna_60_ABS60_90_12_ASTRAL_IV.tre	-0.0152695420409383	-0.0145088919821867	/home/data/t200301/xjt/tree_chosen/back_bone/fna_60_ABS60_90_12_ASTRAL_IV.tre	FNA	USCO	ASTRAL	>=90% taxa	12 (no 3rd codon pos)	1	USCO	ASTRAL	>=90% taxa	O	FNA 12 (no 3rd codon pos) ASTRAL ≥90%	-0.0152695420409383	-0.0145088919821867	-0.0143287730939815	-0.0145088919821867	0.0210634009763558	0.0364583333333333
fna_60_ABS60_90_ASTRAL_IV.tre	-0.0152695420409384	-0.0145088919821868	/home/data/t200301/xjt/tree_chosen/back_bone/fna_60_ABS60_90_ASTRAL_IV.tre	FNA	USCO	ASTRAL	>=90% taxa	123	1	USCO	ASTRAL	>=90% taxa	P	FNA 123 ASTRAL ≥90%	-0.0152695420409384	-0.0145088919821868	-0.0162103109878953	-0.0145088919821868	0.0210634009763559	0.0364583333333333
faa_60_abs60_90_ASTRAL_IV.tre	-0.0152652671424008	-0.0145368439422601	/home/data/t200301/xjt/tree_chosen/back_bone/faa_60_abs60_90_ASTRAL_IV.tre	FAA	USCO	ASTRAL	>=90% taxa	NA	1	USCO	ASTRAL	>=90% taxa	N	FAA ASTRAL ≥90%	-0.0152652671424008	-0.0145368439422601	-0.0152652671424008	-0.0145368439422601	0.0210795686087379	0.0428240740740741
faa_60_abs60_75_ASTRAL_IV.tre	-0.0153224558997725	-0.0145508640169663	/home/data/t200301/xjt/tree_chosen/back_bone/faa_60_abs60_75_ASTRAL_IV.tre	FAA	USCO	ASTRAL	>=75% taxa	NA	1	USCO	ASTRAL	>=75% taxa	K	FAA ASTRAL ≥75%	-0.0153224558997725	-0.0145508640169663	-0.0153224558997725	-0.0145508640169663	0.021130671982706	0.0486111111111111
fna_60_abs60_75_12.treefile	0.0370484568272876	-0.000806154458089542	/home/data/t200301/xjt/tree_chosen/back_bone/fna_60_abs60_75_12.treefile	FNA	USCO	ML	>=75% taxa	12 (no 3rd codon pos)	1	USCO	ML	>=75% taxa	F	FNA 12 (no 3rd codon pos) ML ≥75%	0.0370484568272876	-0.000806154458089542	0.0379892257742444	-0.000806154458089542	0.0370572265326709	0.0439814814814815
FNA_60_ABS60_75.treefile	0.0370484568272876	-0.00080615445808955	/home/data/t200301/xjt/tree_chosen/back_bone/FNA_60_ABS60_75.treefile	FNA	USCO	ML	>=75% taxa	123	1	USCO	ML	>=75% taxa	G	FNA 123 ML ≥75%	0.0370484568272876	-0.000806154458089551	0.0370484568272876	0.000134614488867324	0.0370572265326709	0.0439814814814815
FNA_60_abs60_90_12.treefile	0.0370484568272876	-0.00080615445808955	/home/data/t200301/xjt/tree_chosen/back_bone/FNA_60_abs60_90_12.treefile	FNA	USCO	ML	>=90% taxa	12 (no 3rd codon pos)	1	USCO	ML	>=90% taxa	I	FNA 12 (no 3rd codon pos) ML ≥90%	0.0370484568272876	-0.000806154458089551	0.0361076878803307	-0.000806154458089551	0.0370572265326709	0.0439814814814815
FNA60_abs60_90.treefile	0.0370484568272876	-0.00080615445808955	/home/data/t200301/xjt/tree_chosen/back_bone/FNA60_abs60_90.treefile	FNA	USCO	ML	>=90% taxa	123	1	USCO	ML	>=90% taxa	J	FNA 123 ML ≥90%	0.0370484568272876	-0.000806154458089551	0.0370484568272876	-0.00174692340504643	0.0370572265326709	0.0439814814814815
FAA_60_ABS60_75.treefile	0.0370485286068202	-0.000848488859492011	/home/data/t200301/xjt/tree_chosen/back_bone/FAA_60_ABS60_75.treefile	FAA	USCO	ML	>=75% taxa	NA	1	USCO	ML	>=75% taxa	E	FAA ML ≥75%	0.0370485286068202	-0.000848488859492012	0.0370485286068202	-0.000848488859492012	0.0370582434186384	0.0486111111111111
FAA_60_ABS60_90.treefile	0.0370789944863502	-0.000931650500807435	/home/data/t200301/xjt/tree_chosen/back_bone/FAA_60_ABS60_90.treefile	FAA	USCO	ML	>=90% taxa	NA	1	USCO	ML	>=90% taxa	H	FAA ML ≥90%	0.0370789944863502	-0.000931650500807435	0.0370789944863502	-0.000931650500807435	0.0370906970111704	0.0497685185185185
uce_60_tax99_abs60_occ100.treefile	-0.00099165502535304	0.0377140774806378	/home/data/t200301/xjt/tree_chosen/back_bone/uce_60_tax99_abs60_occ100.treefile	UCE	UCE	ML	100% taxa	NA	1	UCE	ML	100% taxa	B	UCE ML 100%	-0.00099165502535304	0.0377140774806378	-5.08860783961653e-05	0.0377140774806378	0.0377271125307101	0.0596064814814815
uce_60_tax99_abs60_occ90.treefile	-0.00099165502535304	0.0377140774806378	/home/data/t200301/xjt/tree_chosen/back_bone/uce_60_tax99_abs60_occ90.treefile	UCE	UCE	ML	>=90% taxa	NA	1	UCE	ML	>=90% taxa	A	UCE ML ≥90%	-0.00099165502535304	0.0377140774806378	-0.00193242397230991	0.0377140774806378	0.0377271125307101	0.0596064814814815
uce60_abs60_100_ASTRAL_IV.tre	-0.0643387065580751	0.00833258842619701	/home/data/t200301/xjt/tree_chosen/back_bone/uce60_abs60_100_ASTRAL_IV.tre	UCE	UCE	ASTRAL	100% taxa	NA	1	UCE	ASTRAL	100% taxa	D	UCE ASTRAL 100%	-0.0643387065580751	0.00833258842619701	-0.0643387065580751	0.00833258842619701	0.0648760448196905	0.0677083333333333
uce60_abs60_90_ASTRAL_IV.tre	-0.0643551119031596	0.00828365126382157	/home/data/t200301/xjt/tree_chosen/back_bone/uce60_abs60_90_ASTRAL_IV.tre	UCE	UCE	ASTRAL	>=90% taxa	NA	1	UCE	ASTRAL	>=90% taxa	C	UCE ASTRAL ≥90%	-0.0643551119031596	0.00828365126382157	-0.0643551119031596	0.00828365126382157	0.0648860486262556	0.0677083333333333
