candidate_id	host_branch_a	host_branch_b	host_a_tips_json	host_b_tips_json	candidate_basis	direction_status
candidate_7832e25d36b6214e1a23bcb1753020c8b837ac777f7b5f79686706daa3dbaaa2	Aeromachus_catocyanea_mydata	Ochlodes_bouddha_mydata	"[""Aeromachus_catocyanea_mydata""]"	"[""Ochlodes_bouddha_mydata""]"	all_transfer_branch_pairs_from_three_primary_canonical_root_medians	undirected_for_interpretation_actual_DTLevent_direction_retained_in_instances
candidate_778fac891a2df2fed265d299123e5b0b4482fe29f12c0d8830e30b4738e3bb22	Aeromachus_nana_mydata	H_ace1fc7848c6feb4ffacfb939d754efaf2ec931d9488a4d37478ba193c6088bd	"[""Aeromachus_nana_mydata""]"	"[""Acerbas_sarala_chinensis_mydata"",""Ancistroides_nigrita_mydata"",""Idmon_fujianana_mydata"",""Matapa_druna_mydata"",""Ochlodes_bouddha_mydata"",""Perichares_adela_mydata"",""Polytremis_eltola_mydata"",""Polytremis_theca_mydata""]"	all_transfer_branch_pairs_from_three_primary_canonical_root_medians	undirected_for_interpretation_actual_DTLevent_direction_retained_in_instances
candidate_a02514bb360b33a0dfae3261e3346a2b17e057531524464d87f32496827509f6	Aeromachus_nana_mydata	Thoressa_kuata_ncbi	"[""Aeromachus_nana_mydata""]"	"[""Thoressa_kuata_ncbi""]"	all_transfer_branch_pairs_from_three_primary_canonical_root_medians	undirected_for_interpretation_actual_DTLevent_direction_retained_in_instances
candidate_a6ade7785bf1b65c289ba5a083412c1f41c1fa6b0e2c0fac0a51bb394fa0f693	Ampittia_dioscorides_fabricius_mydata	Ancistroides_nigrita_mydata	"[""Ampittia_dioscorides_fabricius_mydata""]"	"[""Ancistroides_nigrita_mydata""]"	all_transfer_branch_pairs_from_three_primary_canonical_root_medians	undirected_for_interpretation_actual_DTLevent_direction_retained_in_instances
candidate_631c951acb3121aa383793bda032c44954da7fc7a521888cd90029944f23d5b2	Ampittia_dioscorides_fabricius_mydata	Sovia_subflava_mydata	"[""Ampittia_dioscorides_fabricius_mydata""]"	"[""Sovia_subflava_mydata""]"	all_transfer_branch_pairs_from_three_primary_canonical_root_medians	undirected_for_interpretation_actual_DTLevent_direction_retained_in_instances
candidate_10ad82748f0f1d37f3f2e9191d4e630e09a098018eb6380c0a4aeb1dbc117fcc	Ancistroides_nigrita_mydata	Cupitha_purreea_mydata	"[""Ancistroides_nigrita_mydata""]"	"[""Cupitha_purreea_mydata""]"	all_transfer_branch_pairs_from_three_primary_canonical_root_medians	undirected_for_interpretation_actual_DTLevent_direction_retained_in_instances
candidate_64a9e988f0b63dcbbd54ef646426e9358a3201e9d12e88073f87182f8fb0c400	Ancistroides_nigrita_mydata	H_509c0bd32c83bb515335f78b40bd4fb2979fd48e9bdc1c05058408a64add4b45	"[""Ancistroides_nigrita_mydata""]"	"[""Aeromachus_catocyanea_mydata"",""Aeromachus_nana_mydata"",""Ampittia_dioscorides_fabricius_mydata"",""Halpe_concavimarginata_mydata"",""Halpe_porus_mydata"",""Pedesta_masuriensis_mydata"",""Pedesta_rubella_mydata"",""Pithauria_linus_mydata"",""Pithauria_stramineipennis_mydata"",""Sovia_lucasii_lucasii_mydata"",""Sovia_subflava_mydata"",""Thoressa_kuata_ncbi""]"	all_transfer_branch_pairs_from_three_primary_canonical_root_medians	undirected_for_interpretation_actual_DTLevent_direction_retained_in_instances
candidate_0d431cfb5f472c38dfabb9d3345aaadcc610d6572d18af30fb6d6be74a6fb075	Ancistroides_nigrita_mydata	Matapa_druna_mydata	"[""Ancistroides_nigrita_mydata""]"	"[""Matapa_druna_mydata""]"	all_transfer_branch_pairs_from_three_primary_canonical_root_medians	undirected_for_interpretation_actual_DTLevent_direction_retained_in_instances
candidate_8e4d67b2e5e289e7365043d37d4085e27f758bade8920ce3ffe26b8cf332cbbf	H_61795077543b2cd55b8f0605a23b943df2d239e5e0591a16157d12475139c3ee	H_ce29eac6203405f5b9bbed50e4536e63c0bf4bd9a73181ac4c5e12d8e1a5fda1	"[""Idmon_fujianana_mydata"",""Ochlodes_bouddha_mydata"",""Perichares_adela_mydata"",""Polytremis_eltola_mydata"",""Polytremis_theca_mydata""]"	"[""Pedesta_rubella_mydata"",""Pithauria_linus_mydata"",""Pithauria_stramineipennis_mydata""]"	all_transfer_branch_pairs_from_three_primary_canonical_root_medians	undirected_for_interpretation_actual_DTLevent_direction_retained_in_instances
candidate_1d9754314a314329bb6f8acb2722d55cf53eb6c4a9f023e332d3c15d5788f3e2	H_6a0736e763655e9978f1c15d0f4c0d93b4f170897d16476398a00f6563d35a20	H_8f93aea4e650eae478e94634d66d0dc99c5f58d0cd9a618167e6c420b0da003b	"[""Ancistroides_nigrita_mydata"",""Idmon_fujianana_mydata"",""Ochlodes_bouddha_mydata"",""Perichares_adela_mydata"",""Polytremis_eltola_mydata"",""Polytremis_theca_mydata""]"	"[""Halpe_concavimarginata_mydata"",""Halpe_porus_mydata"",""Pedesta_masuriensis_mydata"",""Pedesta_rubella_mydata"",""Pithauria_linus_mydata"",""Pithauria_stramineipennis_mydata"",""Thoressa_kuata_ncbi""]"	all_transfer_branch_pairs_from_three_primary_canonical_root_medians	undirected_for_interpretation_actual_DTLevent_direction_retained_in_instances
candidate_60a0af09eb2776de1853e5d2af419349a86b48022d5c86e8d6578fbcef843523	H_6a0736e763655e9978f1c15d0f4c0d93b4f170897d16476398a00f6563d35a20	H_ec3726a5ed5b005259d92fa569b7eded419179ce62b03696fedaf557822da943	"[""Ancistroides_nigrita_mydata"",""Idmon_fujianana_mydata"",""Ochlodes_bouddha_mydata"",""Perichares_adela_mydata"",""Polytremis_eltola_mydata"",""Polytremis_theca_mydata""]"	"[""Halpe_concavimarginata_mydata"",""Halpe_porus_mydata""]"	all_transfer_branch_pairs_from_three_primary_canonical_root_medians	undirected_for_interpretation_actual_DTLevent_direction_retained_in_instances
candidate_1bd5d4f014af0483542bf7cb6203bc6376681b4f925b659a182cd0bc16cd3822	H_82627d8e2b884de2bb1760d5a230561e0420d629fb7889328e53a35900496a91	H_d0dca0c6ee51e05ff7a15fac59be2d1abe9a588a27ae6d304ec5c8d1fbeeacef	"[""Pithauria_linus_mydata"",""Pithauria_stramineipennis_mydata""]"	"[""Ochlodes_bouddha_mydata"",""Perichares_adela_mydata"",""Polytremis_eltola_mydata"",""Polytremis_theca_mydata""]"	all_transfer_branch_pairs_from_three_primary_canonical_root_medians	undirected_for_interpretation_actual_DTLevent_direction_retained_in_instances
candidate_999c3d228f910206e5255444d6cfe01b5a3dc97884c28c454a685a25bfc535ad	H_ce29eac6203405f5b9bbed50e4536e63c0bf4bd9a73181ac4c5e12d8e1a5fda1	Idmon_fujianana_mydata	"[""Pedesta_rubella_mydata"",""Pithauria_linus_mydata"",""Pithauria_stramineipennis_mydata""]"	"[""Idmon_fujianana_mydata""]"	all_transfer_branch_pairs_from_three_primary_canonical_root_medians	undirected_for_interpretation_actual_DTLevent_direction_retained_in_instances
candidate_3b6e16bd9419e74c9921d6cc8d75931b7b2683de68e707b2b12859b37d4dd6a6	H_ce29eac6203405f5b9bbed50e4536e63c0bf4bd9a73181ac4c5e12d8e1a5fda1	Matapa_druna_mydata	"[""Pedesta_rubella_mydata"",""Pithauria_linus_mydata"",""Pithauria_stramineipennis_mydata""]"	"[""Matapa_druna_mydata""]"	all_transfer_branch_pairs_from_three_primary_canonical_root_medians	undirected_for_interpretation_actual_DTLevent_direction_retained_in_instances
candidate_41bc23d2a3e0b867f453753d072a167b515189cd7a34a64d2ad5ecb7c53bc1c2	H_d0dca0c6ee51e05ff7a15fac59be2d1abe9a588a27ae6d304ec5c8d1fbeeacef	H_ec3726a5ed5b005259d92fa569b7eded419179ce62b03696fedaf557822da943	"[""Ochlodes_bouddha_mydata"",""Perichares_adela_mydata"",""Polytremis_eltola_mydata"",""Polytremis_theca_mydata""]"	"[""Halpe_concavimarginata_mydata"",""Halpe_porus_mydata""]"	all_transfer_branch_pairs_from_three_primary_canonical_root_medians	undirected_for_interpretation_actual_DTLevent_direction_retained_in_instances
candidate_8df89d2fba97c4c9f0407f1e6e49369901aa3f6edb9a586906e62ef11aed0ec1	H_d0dca0c6ee51e05ff7a15fac59be2d1abe9a588a27ae6d304ec5c8d1fbeeacef	Pithauria_linus_mydata	"[""Ochlodes_bouddha_mydata"",""Perichares_adela_mydata"",""Polytremis_eltola_mydata"",""Polytremis_theca_mydata""]"	"[""Pithauria_linus_mydata""]"	all_transfer_branch_pairs_from_three_primary_canonical_root_medians	undirected_for_interpretation_actual_DTLevent_direction_retained_in_instances
candidate_34c1d90f7bc045f394b8e094032aa996fe3d026692a7fa6a87d92dc1b0262d40	Halpe_porus_mydata	Isoteinon_lamprospilus_mydata	"[""Halpe_porus_mydata""]"	"[""Isoteinon_lamprospilus_mydata""]"	all_transfer_branch_pairs_from_three_primary_canonical_root_medians	undirected_for_interpretation_actual_DTLevent_direction_retained_in_instances
candidate_8a39c1774e8f7febe1de496c1e46f25934fce4d77bf19d579454cae5f72e8ba3	Halpe_porus_mydata	Oriens_gola_mydata	"[""Halpe_porus_mydata""]"	"[""Oriens_gola_mydata""]"	all_transfer_branch_pairs_from_three_primary_canonical_root_medians	undirected_for_interpretation_actual_DTLevent_direction_retained_in_instances
candidate_79cf5321e995c1f49506e2c70547d8fa16519b00af80af9b3529d68e997d8313	Halpe_porus_mydata	Polytremis_eltola_mydata	"[""Halpe_porus_mydata""]"	"[""Polytremis_eltola_mydata""]"	all_transfer_branch_pairs_from_three_primary_canonical_root_medians	undirected_for_interpretation_actual_DTLevent_direction_retained_in_instances
candidate_34f0343d845fe1b68dc5b62f5414653d29794f21e28ea0a545137bceee76269b	Idmon_fujianana_mydata	Matapa_druna_mydata	"[""Idmon_fujianana_mydata""]"	"[""Matapa_druna_mydata""]"	all_transfer_branch_pairs_from_three_primary_canonical_root_medians	undirected_for_interpretation_actual_DTLevent_direction_retained_in_instances
candidate_95f85fac3272df1838c72b3f5968a4a9a0aaeeb3ee11a384ff62fd48cae21a55	Idmon_fujianana_mydata	Telicota_bambusae_mydata	"[""Idmon_fujianana_mydata""]"	"[""Telicota_bambusae_mydata""]"	all_transfer_branch_pairs_from_three_primary_canonical_root_medians	undirected_for_interpretation_actual_DTLevent_direction_retained_in_instances
candidate_e5061391623a766788a9c987183de9d3839656657e8ba6b4e06c7a493d6f4a3a	Isoteinon_lamprospilus_mydata	Potanthus_trachala_mydata	"[""Isoteinon_lamprospilus_mydata""]"	"[""Potanthus_trachala_mydata""]"	all_transfer_branch_pairs_from_three_primary_canonical_root_medians	undirected_for_interpretation_actual_DTLevent_direction_retained_in_instances
candidate_596f02867bd679301c2f3e391ba7086b44f4b48826f383a492cd183d104fe918	Ochlodes_bouddha_mydata	Pedesta_masuriensis_mydata	"[""Ochlodes_bouddha_mydata""]"	"[""Pedesta_masuriensis_mydata""]"	all_transfer_branch_pairs_from_three_primary_canonical_root_medians	undirected_for_interpretation_actual_DTLevent_direction_retained_in_instances
candidate_71556c3632b23eae88c1033acfab25b63ed76e1ea6e7d330e8abef49b0688b3a	Potanthus_trachala_mydata	Sovia_lucasii_lucasii_mydata	"[""Potanthus_trachala_mydata""]"	"[""Sovia_lucasii_lucasii_mydata""]"	all_transfer_branch_pairs_from_three_primary_canonical_root_medians	undirected_for_interpretation_actual_DTLevent_direction_retained_in_instances
