host_node_id	host_branch_id	selected_descendant_tips_json	clade_hash	is_tip	is_sampled_root	retained_parent_node_id	full_target_node_id	full_immediate_parent_node_id	retained_parent_full_node_id	node_age_Ma	retained_parent_age_Ma	original_immediate_parent_age_Ma	full_path_node_ids_json	full_path_segments_json	sampled_incoming_branch_length_Ma	root_stem_status
H_24c37c5a29ff3b48d0404d33937eb7f0102883afb9dd0f419dbd795dda9b6f60	H_24c37c5a29ff3b48d0404d33937eb7f0102883afb9dd0f419dbd795dda9b6f60	"[""Acerbas_sarala_chinensis_mydata"",""Aeromachus_catocyanea_mydata"",""Aeromachus_nana_mydata"",""Ampittia_dioscorides_fabricius_mydata"",""Ancistroides_nigrita_mydata"",""Cupitha_purreea_mydata"",""Halpe_concavimarginata_mydata"",""Halpe_porus_mydata"",""Idmon_fujianana_mydata"",""Isoteinon_lamprospilus_mydata"",""Matapa_druna_mydata"",""Ochlodes_bouddha_mydata"",""Oriens_gola_mydata"",""Pedesta_masuriensis_mydata"",""Pedesta_rubella_mydata"",""Perichares_adela_mydata"",""Pithauria_linus_mydata"",""Pithauria_stramineipennis_mydata"",""Polytremis_eltola_mydata"",""Polytremis_theca_mydata"",""Potanthus_trachala_mydata"",""Sovia_lucasii_lucasii_mydata"",""Sovia_subflava_mydata"",""Telicota_bambusae_mydata"",""Thoressa_kuata_ncbi""]"	24c37c5a29ff3b48d0404d33937eb7f0102883afb9dd0f419dbd795dda9b6f60	0	1		N0015	N0001		42.083092		91.504603	"[""N0015""]"	"[{""full_child_node_id"":""N0015"",""full_parent_node_id"":""N0001"",""child_age_Ma"":42.083092,""parent_age_Ma"":91.504603,""branch_length_Ma"":49.421511}]"	49.421511	known_finite_source_stem_saved_but_no_sampled_parent
H_509c0bd32c83bb515335f78b40bd4fb2979fd48e9bdc1c05058408a64add4b45	H_509c0bd32c83bb515335f78b40bd4fb2979fd48e9bdc1c05058408a64add4b45	"[""Aeromachus_catocyanea_mydata"",""Aeromachus_nana_mydata"",""Ampittia_dioscorides_fabricius_mydata"",""Halpe_concavimarginata_mydata"",""Halpe_porus_mydata"",""Pedesta_masuriensis_mydata"",""Pedesta_rubella_mydata"",""Pithauria_linus_mydata"",""Pithauria_stramineipennis_mydata"",""Sovia_lucasii_lucasii_mydata"",""Sovia_subflava_mydata"",""Thoressa_kuata_ncbi""]"	509c0bd32c83bb515335f78b40bd4fb2979fd48e9bdc1c05058408a64add4b45	0	0	H_24c37c5a29ff3b48d0404d33937eb7f0102883afb9dd0f419dbd795dda9b6f60	N0020	N0016	N0015	34.717807	42.083092	36.174529	"[""N0016"",""N0020""]"	"[{""full_child_node_id"":""N0016"",""full_parent_node_id"":""N0015"",""child_age_Ma"":36.174529,""parent_age_Ma"":42.083092,""branch_length_Ma"":5.908563},{""full_child_node_id"":""N0020"",""full_parent_node_id"":""N0016"",""child_age_Ma"":34.717807,""parent_age_Ma"":36.174529,""branch_length_Ma"":1.456722}]"	7.365285	not_root
H_5406936883ee8bb6e5584fe70e2b00b350e2c2db77f77fa0df693e6ecec78ff7	H_5406936883ee8bb6e5584fe70e2b00b350e2c2db77f77fa0df693e6ecec78ff7	"[""Sovia_lucasii_lucasii_mydata"",""Sovia_subflava_mydata""]"	5406936883ee8bb6e5584fe70e2b00b350e2c2db77f77fa0df693e6ecec78ff7	0	0	H_509c0bd32c83bb515335f78b40bd4fb2979fd48e9bdc1c05058408a64add4b45	N0022	N0021	N0020	9.045956	34.717807	33.402451	"[""N0021"",""N0022""]"	"[{""full_child_node_id"":""N0021"",""full_parent_node_id"":""N0020"",""child_age_Ma"":33.402451,""parent_age_Ma"":34.717807,""branch_length_Ma"":1.315356},{""full_child_node_id"":""N0022"",""full_parent_node_id"":""N0021"",""child_age_Ma"":9.045956,""parent_age_Ma"":33.402451,""branch_length_Ma"":24.356495}]"	25.671851	not_root
Sovia_subflava_mydata	Sovia_subflava_mydata	"[""Sovia_subflava_mydata""]"	356b7dfd351517d32cd95d0a52dbb5bdfbbebb16561d875cb7b9e1a485611632	1	0	H_5406936883ee8bb6e5584fe70e2b00b350e2c2db77f77fa0df693e6ecec78ff7	N0023	N0022	N0022	0.000003	9.045956	9.045956	"[""N0023""]"	"[{""full_child_node_id"":""N0023"",""full_parent_node_id"":""N0022"",""child_age_Ma"":3e-06,""parent_age_Ma"":9.045956,""branch_length_Ma"":9.045953}]"	9.045953	not_root
Sovia_lucasii_lucasii_mydata	Sovia_lucasii_lucasii_mydata	"[""Sovia_lucasii_lucasii_mydata""]"	01555ae335b54826a91a731f66d58680851abb96e3efa65505058c762090c17c	1	0	H_5406936883ee8bb6e5584fe70e2b00b350e2c2db77f77fa0df693e6ecec78ff7	N0024	N0022	N0022	0.000003	9.045956	9.045956	"[""N0024""]"	"[{""full_child_node_id"":""N0024"",""full_parent_node_id"":""N0022"",""child_age_Ma"":3e-06,""parent_age_Ma"":9.045956,""branch_length_Ma"":9.045953}]"	9.045953	not_root
H_4c585c62681552e7856e89a66dcdb87322ad4053cf62f8bc6ea806a7f02e42cb	H_4c585c62681552e7856e89a66dcdb87322ad4053cf62f8bc6ea806a7f02e42cb	"[""Aeromachus_catocyanea_mydata"",""Aeromachus_nana_mydata"",""Ampittia_dioscorides_fabricius_mydata"",""Halpe_concavimarginata_mydata"",""Halpe_porus_mydata"",""Pedesta_masuriensis_mydata"",""Pedesta_rubella_mydata"",""Pithauria_linus_mydata"",""Pithauria_stramineipennis_mydata"",""Thoressa_kuata_ncbi""]"	4c585c62681552e7856e89a66dcdb87322ad4053cf62f8bc6ea806a7f02e42cb	0	0	H_509c0bd32c83bb515335f78b40bd4fb2979fd48e9bdc1c05058408a64add4b45	N0028	N0020	N0020	33.636711	34.717807	34.717807	"[""N0028""]"	"[{""full_child_node_id"":""N0028"",""full_parent_node_id"":""N0020"",""child_age_Ma"":33.636711,""parent_age_Ma"":34.717807,""branch_length_Ma"":1.081096}]"	1.081096	not_root
H_f2666a863d8732a6aaf7b442a057359a98ffc8d62983617723d85b7f13cdbe5e	H_f2666a863d8732a6aaf7b442a057359a98ffc8d62983617723d85b7f13cdbe5e	"[""Aeromachus_catocyanea_mydata"",""Aeromachus_nana_mydata""]"	f2666a863d8732a6aaf7b442a057359a98ffc8d62983617723d85b7f13cdbe5e	0	0	H_4c585c62681552e7856e89a66dcdb87322ad4053cf62f8bc6ea806a7f02e42cb	N0031	N0029	N0028	10.554571	33.636711	18.810157	"[""N0029"",""N0031""]"	"[{""full_child_node_id"":""N0029"",""full_parent_node_id"":""N0028"",""child_age_Ma"":18.810157,""parent_age_Ma"":33.636711,""branch_length_Ma"":14.826554},{""full_child_node_id"":""N0031"",""full_parent_node_id"":""N0029"",""child_age_Ma"":10.554571,""parent_age_Ma"":18.810157,""branch_length_Ma"":8.255586}]"	23.082140	not_root
Aeromachus_nana_mydata	Aeromachus_nana_mydata	"[""Aeromachus_nana_mydata""]"	c8b5784e988906d639e6c99aaf742b7f453514e869263f5dbccf27cc59c62da3	1	0	H_f2666a863d8732a6aaf7b442a057359a98ffc8d62983617723d85b7f13cdbe5e	N0032	N0031	N0031	0.000003	10.554571	10.554571	"[""N0032""]"	"[{""full_child_node_id"":""N0032"",""full_parent_node_id"":""N0031"",""child_age_Ma"":3e-06,""parent_age_Ma"":10.554571,""branch_length_Ma"":10.554568}]"	10.554568	not_root
Aeromachus_catocyanea_mydata	Aeromachus_catocyanea_mydata	"[""Aeromachus_catocyanea_mydata""]"	2ef2a66eb918b03ffed3353f59aec63def7286c451bb4465a864d67e0704192f	1	0	H_f2666a863d8732a6aaf7b442a057359a98ffc8d62983617723d85b7f13cdbe5e	N0039	N0037	N0031	0.000003	10.554571	1.528455	"[""N0033"",""N0035"",""N0037"",""N0039""]"	"[{""full_child_node_id"":""N0033"",""full_parent_node_id"":""N0031"",""child_age_Ma"":8.288557,""parent_age_Ma"":10.554571,""branch_length_Ma"":2.266014},{""full_child_node_id"":""N0035"",""full_parent_node_id"":""N0033"",""child_age_Ma"":4.454451,""parent_age_Ma"":8.288557,""branch_length_Ma"":3.834106},{""full_child_node_id"":""N0037"",""full_parent_node_id"":""N0035"",""child_age_Ma"":1.528455,""parent_age_Ma"":4.454451,""branch_length_Ma"":2.925996},{""full_child_node_id"":""N0039"",""full_parent_node_id"":""N0037"",""child_age_Ma"":3e-06,""parent_age_Ma"":1.528455,""branch_length_Ma"":1.528452}]"	10.554568	not_root
H_5a768f14ab7cabd78b5e44b1191595a6cce8f42882f203186889cc108c7999a0	H_5a768f14ab7cabd78b5e44b1191595a6cce8f42882f203186889cc108c7999a0	"[""Ampittia_dioscorides_fabricius_mydata"",""Halpe_concavimarginata_mydata"",""Halpe_porus_mydata"",""Pedesta_masuriensis_mydata"",""Pedesta_rubella_mydata"",""Pithauria_linus_mydata"",""Pithauria_stramineipennis_mydata"",""Thoressa_kuata_ncbi""]"	5a768f14ab7cabd78b5e44b1191595a6cce8f42882f203186889cc108c7999a0	0	0	H_4c585c62681552e7856e89a66dcdb87322ad4053cf62f8bc6ea806a7f02e42cb	N0042	N0040	N0028	28.384657	33.636711	30.928286	"[""N0040"",""N0042""]"	"[{""full_child_node_id"":""N0040"",""full_parent_node_id"":""N0028"",""child_age_Ma"":30.928286,""parent_age_Ma"":33.636711,""branch_length_Ma"":2.708425},{""full_child_node_id"":""N0042"",""full_parent_node_id"":""N0040"",""child_age_Ma"":28.384657,""parent_age_Ma"":30.928286,""branch_length_Ma"":2.543629}]"	5.252054	not_root
Ampittia_dioscorides_fabricius_mydata	Ampittia_dioscorides_fabricius_mydata	"[""Ampittia_dioscorides_fabricius_mydata""]"	55a68a95d5f4ac535f1989c6ed03d3825dac5d5fe3a51bbf44ede2254363c2ae	1	0	H_5a768f14ab7cabd78b5e44b1191595a6cce8f42882f203186889cc108c7999a0	N0054	N0053	N0042	0.000002	28.384657	1.084082	"[""N0043"",""N0047"",""N0049"",""N0053"",""N0054""]"	"[{""full_child_node_id"":""N0043"",""full_parent_node_id"":""N0042"",""child_age_Ma"":25.177154,""parent_age_Ma"":28.384657,""branch_length_Ma"":3.207503},{""full_child_node_id"":""N0047"",""full_parent_node_id"":""N0043"",""child_age_Ma"":13.983496,""parent_age_Ma"":25.177154,""branch_length_Ma"":11.193658},{""full_child_node_id"":""N0049"",""full_parent_node_id"":""N0047"",""child_age_Ma"":12.461052,""parent_age_Ma"":13.983496,""branch_length_Ma"":1.522444},{""full_child_node_id"":""N0053"",""full_parent_node_id"":""N0049"",""child_age_Ma"":1.084082,""parent_age_Ma"":12.461052,""branch_length_Ma"":11.37697},{""full_child_node_id"":""N0054"",""full_parent_node_id"":""N0053"",""child_age_Ma"":2e-06,""parent_age_Ma"":1.084082,""branch_length_Ma"":1.08408}]"	28.384655	not_root
H_8f93aea4e650eae478e94634d66d0dc99c5f58d0cd9a618167e6c420b0da003b	H_8f93aea4e650eae478e94634d66d0dc99c5f58d0cd9a618167e6c420b0da003b	"[""Halpe_concavimarginata_mydata"",""Halpe_porus_mydata"",""Pedesta_masuriensis_mydata"",""Pedesta_rubella_mydata"",""Pithauria_linus_mydata"",""Pithauria_stramineipennis_mydata"",""Thoressa_kuata_ncbi""]"	8f93aea4e650eae478e94634d66d0dc99c5f58d0cd9a618167e6c420b0da003b	0	0	H_5a768f14ab7cabd78b5e44b1191595a6cce8f42882f203186889cc108c7999a0	N0060	N0056	N0042	18.803000	28.384657	27.246663	"[""N0056"",""N0060""]"	"[{""full_child_node_id"":""N0056"",""full_parent_node_id"":""N0042"",""child_age_Ma"":27.246663,""parent_age_Ma"":28.384657,""branch_length_Ma"":1.137994},{""full_child_node_id"":""N0060"",""full_parent_node_id"":""N0056"",""child_age_Ma"":18.803,""parent_age_Ma"":27.246663,""branch_length_Ma"":8.443663}]"	9.581657	not_root
H_ec3726a5ed5b005259d92fa569b7eded419179ce62b03696fedaf557822da943	H_ec3726a5ed5b005259d92fa569b7eded419179ce62b03696fedaf557822da943	"[""Halpe_concavimarginata_mydata"",""Halpe_porus_mydata""]"	ec3726a5ed5b005259d92fa569b7eded419179ce62b03696fedaf557822da943	0	0	H_8f93aea4e650eae478e94634d66d0dc99c5f58d0cd9a618167e6c420b0da003b	N0061	N0060	N0060	8.549049	18.803000	18.803000	"[""N0061""]"	"[{""full_child_node_id"":""N0061"",""full_parent_node_id"":""N0060"",""child_age_Ma"":8.549049,""parent_age_Ma"":18.803,""branch_length_Ma"":10.253951}]"	10.253951	not_root
Halpe_porus_mydata	Halpe_porus_mydata	"[""Halpe_porus_mydata""]"	02ef40d586a71084e0226373b3279c596110473c489342a83a36abd65d7a9944	1	0	H_ec3726a5ed5b005259d92fa569b7eded419179ce62b03696fedaf557822da943	N0063	N0062	N0061	0.000002	8.549049	2.385705	"[""N0062"",""N0063""]"	"[{""full_child_node_id"":""N0062"",""full_parent_node_id"":""N0061"",""child_age_Ma"":2.385705,""parent_age_Ma"":8.549049,""branch_length_Ma"":6.163344},{""full_child_node_id"":""N0063"",""full_parent_node_id"":""N0062"",""child_age_Ma"":2e-06,""parent_age_Ma"":2.385705,""branch_length_Ma"":2.385703}]"	8.549047	not_root
Halpe_concavimarginata_mydata	Halpe_concavimarginata_mydata	"[""Halpe_concavimarginata_mydata""]"	ea4ce654213f805767b531ab5c5e340b2016a547d04f582aae4512cc726df0fa	1	0	H_ec3726a5ed5b005259d92fa569b7eded419179ce62b03696fedaf557822da943	N0067	N0065	N0061	0.000003	8.549049	6.084194	"[""N0065"",""N0067""]"	"[{""full_child_node_id"":""N0065"",""full_parent_node_id"":""N0061"",""child_age_Ma"":6.084194,""parent_age_Ma"":8.549049,""branch_length_Ma"":2.464855},{""full_child_node_id"":""N0067"",""full_parent_node_id"":""N0065"",""child_age_Ma"":3e-06,""parent_age_Ma"":6.084194,""branch_length_Ma"":6.084191}]"	8.549046	not_root
H_e8b997800c6d06cbadc0d4c82ddd182056f5e7aff39357dbfd62c64159eaa80e	H_e8b997800c6d06cbadc0d4c82ddd182056f5e7aff39357dbfd62c64159eaa80e	"[""Pedesta_masuriensis_mydata"",""Pedesta_rubella_mydata"",""Pithauria_linus_mydata"",""Pithauria_stramineipennis_mydata"",""Thoressa_kuata_ncbi""]"	e8b997800c6d06cbadc0d4c82ddd182056f5e7aff39357dbfd62c64159eaa80e	0	0	H_8f93aea4e650eae478e94634d66d0dc99c5f58d0cd9a618167e6c420b0da003b	N0068	N0060	N0060	16.949978	18.803000	18.803000	"[""N0068""]"	"[{""full_child_node_id"":""N0068"",""full_parent_node_id"":""N0060"",""child_age_Ma"":16.949978,""parent_age_Ma"":18.803,""branch_length_Ma"":1.853022}]"	1.853022	not_root
H_ce29eac6203405f5b9bbed50e4536e63c0bf4bd9a73181ac4c5e12d8e1a5fda1	H_ce29eac6203405f5b9bbed50e4536e63c0bf4bd9a73181ac4c5e12d8e1a5fda1	"[""Pedesta_rubella_mydata"",""Pithauria_linus_mydata"",""Pithauria_stramineipennis_mydata""]"	ce29eac6203405f5b9bbed50e4536e63c0bf4bd9a73181ac4c5e12d8e1a5fda1	0	0	H_e8b997800c6d06cbadc0d4c82ddd182056f5e7aff39357dbfd62c64159eaa80e	N0069	N0068	N0068	12.839118	16.949978	16.949978	"[""N0069""]"	"[{""full_child_node_id"":""N0069"",""full_parent_node_id"":""N0068"",""child_age_Ma"":12.839118,""parent_age_Ma"":16.949978,""branch_length_Ma"":4.11086}]"	4.110860	not_root
Pedesta_rubella_mydata	Pedesta_rubella_mydata	"[""Pedesta_rubella_mydata""]"	ac01bb4c7e73c0df0bfc56a702c47736d264ee7bbdfd8a6ea2961dd5df61033c	1	0	H_ce29eac6203405f5b9bbed50e4536e63c0bf4bd9a73181ac4c5e12d8e1a5fda1	N0070	N0069	N0069	0.000003	12.839118	12.839118	"[""N0070""]"	"[{""full_child_node_id"":""N0070"",""full_parent_node_id"":""N0069"",""child_age_Ma"":3e-06,""parent_age_Ma"":12.839118,""branch_length_Ma"":12.839115}]"	12.839115	not_root
H_82627d8e2b884de2bb1760d5a230561e0420d629fb7889328e53a35900496a91	H_82627d8e2b884de2bb1760d5a230561e0420d629fb7889328e53a35900496a91	"[""Pithauria_linus_mydata"",""Pithauria_stramineipennis_mydata""]"	82627d8e2b884de2bb1760d5a230561e0420d629fb7889328e53a35900496a91	0	0	H_ce29eac6203405f5b9bbed50e4536e63c0bf4bd9a73181ac4c5e12d8e1a5fda1	N0073	N0071	N0069	2.533087	12.839118	10.170698	"[""N0071"",""N0073""]"	"[{""full_child_node_id"":""N0071"",""full_parent_node_id"":""N0069"",""child_age_Ma"":10.170698,""parent_age_Ma"":12.839118,""branch_length_Ma"":2.66842},{""full_child_node_id"":""N0073"",""full_parent_node_id"":""N0071"",""child_age_Ma"":2.533087,""parent_age_Ma"":10.170698,""branch_length_Ma"":7.637611}]"	10.306031	not_root
Pithauria_linus_mydata	Pithauria_linus_mydata	"[""Pithauria_linus_mydata""]"	cde0b97c334ef409ce57c4fb493d188060685400f8fd4f34f8755bb147d99ac4	1	0	H_82627d8e2b884de2bb1760d5a230561e0420d629fb7889328e53a35900496a91	N0074	N0073	N0073	0.000004	2.533087	2.533087	"[""N0074""]"	"[{""full_child_node_id"":""N0074"",""full_parent_node_id"":""N0073"",""child_age_Ma"":4e-06,""parent_age_Ma"":2.533087,""branch_length_Ma"":2.533083}]"	2.533083	not_root
Pithauria_stramineipennis_mydata	Pithauria_stramineipennis_mydata	"[""Pithauria_stramineipennis_mydata""]"	b60524a86389eedaa9e1d40e52c211328f282efe2b547347906bf729c7160946	1	0	H_82627d8e2b884de2bb1760d5a230561e0420d629fb7889328e53a35900496a91	N0076	N0075	N0073	0.000004	2.533087	0.639713	"[""N0075"",""N0076""]"	"[{""full_child_node_id"":""N0075"",""full_parent_node_id"":""N0073"",""child_age_Ma"":0.639713,""parent_age_Ma"":2.533087,""branch_length_Ma"":1.893374},{""full_child_node_id"":""N0076"",""full_parent_node_id"":""N0075"",""child_age_Ma"":4e-06,""parent_age_Ma"":0.639713,""branch_length_Ma"":0.639709}]"	2.533083	not_root
H_2d279a9e3a2d4bcfaa135f6533d4b050296305dc938b3f592a7f29d852e1a4cb	H_2d279a9e3a2d4bcfaa135f6533d4b050296305dc938b3f592a7f29d852e1a4cb	"[""Pedesta_masuriensis_mydata"",""Thoressa_kuata_ncbi""]"	2d279a9e3a2d4bcfaa135f6533d4b050296305dc938b3f592a7f29d852e1a4cb	0	0	H_e8b997800c6d06cbadc0d4c82ddd182056f5e7aff39357dbfd62c64159eaa80e	N0080	N0078	N0068	8.364977	16.949978	10.609127	"[""N0078"",""N0080""]"	"[{""full_child_node_id"":""N0078"",""full_parent_node_id"":""N0068"",""child_age_Ma"":10.609127,""parent_age_Ma"":16.949978,""branch_length_Ma"":6.340851},{""full_child_node_id"":""N0080"",""full_parent_node_id"":""N0078"",""child_age_Ma"":8.364977,""parent_age_Ma"":10.609127,""branch_length_Ma"":2.24415}]"	8.585001	not_root
Thoressa_kuata_ncbi	Thoressa_kuata_ncbi	"[""Thoressa_kuata_ncbi""]"	9d9a9769a7a9f640de06522d35a22417d5b87b0723698f61a7556bb76530de2c	1	0	H_2d279a9e3a2d4bcfaa135f6533d4b050296305dc938b3f592a7f29d852e1a4cb	N0082	N0081	N0080	0.000003	8.364977	6.891882	"[""N0081"",""N0082""]"	"[{""full_child_node_id"":""N0081"",""full_parent_node_id"":""N0080"",""child_age_Ma"":6.891882,""parent_age_Ma"":8.364977,""branch_length_Ma"":1.473095},{""full_child_node_id"":""N0082"",""full_parent_node_id"":""N0081"",""child_age_Ma"":3e-06,""parent_age_Ma"":6.891882,""branch_length_Ma"":6.891879}]"	8.364974	not_root
Pedesta_masuriensis_mydata	Pedesta_masuriensis_mydata	"[""Pedesta_masuriensis_mydata""]"	2bfe3ce2115aa5fbed0bc4b5f6c6715804369040e84155c2ba1ab63361e4d4eb	1	0	H_2d279a9e3a2d4bcfaa135f6533d4b050296305dc938b3f592a7f29d852e1a4cb	N0089	N0088	N0080	0.000002	8.364977	4.510010	"[""N0084"",""N0088"",""N0089""]"	"[{""full_child_node_id"":""N0084"",""full_parent_node_id"":""N0080"",""child_age_Ma"":7.778976,""parent_age_Ma"":8.364977,""branch_length_Ma"":0.586001},{""full_child_node_id"":""N0088"",""full_parent_node_id"":""N0084"",""child_age_Ma"":4.51001,""parent_age_Ma"":7.778976,""branch_length_Ma"":3.268966},{""full_child_node_id"":""N0089"",""full_parent_node_id"":""N0088"",""child_age_Ma"":2e-06,""parent_age_Ma"":4.51001,""branch_length_Ma"":4.510008}]"	8.364975	not_root
H_df064dcada743e30a599791a7e0a65e240303853162283d279373be801d4e151	H_df064dcada743e30a599791a7e0a65e240303853162283d279373be801d4e151	"[""Acerbas_sarala_chinensis_mydata"",""Ancistroides_nigrita_mydata"",""Cupitha_purreea_mydata"",""Idmon_fujianana_mydata"",""Isoteinon_lamprospilus_mydata"",""Matapa_druna_mydata"",""Ochlodes_bouddha_mydata"",""Oriens_gola_mydata"",""Perichares_adela_mydata"",""Polytremis_eltola_mydata"",""Polytremis_theca_mydata"",""Potanthus_trachala_mydata"",""Telicota_bambusae_mydata""]"	df064dcada743e30a599791a7e0a65e240303853162283d279373be801d4e151	0	0	H_24c37c5a29ff3b48d0404d33937eb7f0102883afb9dd0f419dbd795dda9b6f60	N0107	N0091	N0015	36.026247	42.083092	37.411970	"[""N0091"",""N0107""]"	"[{""full_child_node_id"":""N0091"",""full_parent_node_id"":""N0015"",""child_age_Ma"":37.41197,""parent_age_Ma"":42.083092,""branch_length_Ma"":4.671122},{""full_child_node_id"":""N0107"",""full_parent_node_id"":""N0091"",""child_age_Ma"":36.026247,""parent_age_Ma"":37.41197,""branch_length_Ma"":1.385723}]"	6.056845	not_root
H_2b9a73efe2335bfa83d4f9882ecc845e719f730e3e969689483ad399dbe1bbd7	H_2b9a73efe2335bfa83d4f9882ecc845e719f730e3e969689483ad399dbe1bbd7	"[""Cupitha_purreea_mydata"",""Isoteinon_lamprospilus_mydata""]"	2b9a73efe2335bfa83d4f9882ecc845e719f730e3e969689483ad399dbe1bbd7	0	0	H_df064dcada743e30a599791a7e0a65e240303853162283d279373be801d4e151	N0108	N0107	N0107	34.461444	36.026247	36.026247	"[""N0108""]"	"[{""full_child_node_id"":""N0108"",""full_parent_node_id"":""N0107"",""child_age_Ma"":34.461444,""parent_age_Ma"":36.026247,""branch_length_Ma"":1.564803}]"	1.564803	not_root
Isoteinon_lamprospilus_mydata	Isoteinon_lamprospilus_mydata	"[""Isoteinon_lamprospilus_mydata""]"	454a066dad648f70b4e0037e15dfc8b297c50d4d17a4060b4a27bbe517a4d61b	1	0	H_2b9a73efe2335bfa83d4f9882ecc845e719f730e3e969689483ad399dbe1bbd7	N0133	N0132	N0108	0.000002	34.461444	0.301915	"[""N0109"",""N0110"",""N0112"",""N0114"",""N0118"",""N0122"",""N0124"",""N0130"",""N0132"",""N0133""]"	"[{""full_child_node_id"":""N0109"",""full_parent_node_id"":""N0108"",""child_age_Ma"":24.869282,""parent_age_Ma"":34.461444,""branch_length_Ma"":9.592162},{""full_child_node_id"":""N0110"",""full_parent_node_id"":""N0109"",""child_age_Ma"":23.856089,""parent_age_Ma"":24.869282,""branch_length_Ma"":1.013193},{""full_child_node_id"":""N0112"",""full_parent_node_id"":""N0110"",""child_age_Ma"":18.38995,""parent_age_Ma"":23.856089,""branch_length_Ma"":5.466139},{""full_child_node_id"":""N0114"",""full_parent_node_id"":""N0112"",""child_age_Ma"":16.02715,""parent_age_Ma"":18.38995,""branch_length_Ma"":2.3628},{""full_child_node_id"":""N0118"",""full_parent_node_id"":""N0114"",""child_age_Ma"":13.840138,""parent_age_Ma"":16.02715,""branch_length_Ma"":2.187012},{""full_child_node_id"":""N0122"",""full_parent_node_id"":""N0118"",""child_age_Ma"":12.913915,""parent_age_Ma"":13.840138,""branch_length_Ma"":0.926223},{""full_child_node_id"":""N0124"",""full_parent_node_id"":""N0122"",""child_age_Ma"":10.479364,""parent_age_Ma"":12.913915,""branch_length_Ma"":2.434551},{""full_child_node_id"":""N0130"",""full_parent_node_id"":""N0124"",""child_age_Ma"":6.714181,""parent_age_Ma"":10.479364,""branch_length_Ma"":3.765183},{""full_child_node_id"":""N0132"",""full_parent_node_id"":""N0130"",""child_age_Ma"":0.301915,""parent_age_Ma"":6.714181,""branch_length_Ma"":6.412266},{""full_child_node_id"":""N0133"",""full_parent_node_id"":""N0132"",""child_age_Ma"":2e-06,""parent_age_Ma"":0.301915,""branch_length_Ma"":0.301913}]"	34.461442	not_root
Cupitha_purreea_mydata	Cupitha_purreea_mydata	"[""Cupitha_purreea_mydata""]"	489609e753a326057948eb0e5c6dc0e445d1f64bad3c5d98d5d0aa1e6ba80e03	1	0	H_2b9a73efe2335bfa83d4f9882ecc845e719f730e3e969689483ad399dbe1bbd7	N0188	N0186	N0108	0.000001	34.461444	2.114648	"[""N0166"",""N0176"",""N0177"",""N0181"",""N0182"",""N0184"",""N0186"",""N0188""]"	"[{""full_child_node_id"":""N0166"",""full_parent_node_id"":""N0108"",""child_age_Ma"":33.245877,""parent_age_Ma"":34.461444,""branch_length_Ma"":1.215567},{""full_child_node_id"":""N0176"",""full_parent_node_id"":""N0166"",""child_age_Ma"":32.840496,""parent_age_Ma"":33.245877,""branch_length_Ma"":0.405381},{""full_child_node_id"":""N0177"",""full_parent_node_id"":""N0176"",""child_age_Ma"":32.180077,""parent_age_Ma"":32.840496,""branch_length_Ma"":0.660419},{""full_child_node_id"":""N0181"",""full_parent_node_id"":""N0177"",""child_age_Ma"":26.984496,""parent_age_Ma"":32.180077,""branch_length_Ma"":5.195581},{""full_child_node_id"":""N0182"",""full_parent_node_id"":""N0181"",""child_age_Ma"":25.886094,""parent_age_Ma"":26.984496,""branch_length_Ma"":1.098402},{""full_child_node_id"":""N0184"",""full_parent_node_id"":""N0182"",""child_age_Ma"":21.820645,""parent_age_Ma"":25.886094,""branch_length_Ma"":4.065449},{""full_child_node_id"":""N0186"",""full_parent_node_id"":""N0184"",""child_age_Ma"":2.114648,""parent_age_Ma"":21.820645,""branch_length_Ma"":19.705997},{""full_child_node_id"":""N0188"",""full_parent_node_id"":""N0186"",""child_age_Ma"":1e-06,""parent_age_Ma"":2.114648,""branch_length_Ma"":2.114647}]"	34.461443	not_root
H_0c218c874cc0bf4660dc1fab58294018c69328811319e91cb72aab1527aa42bd	H_0c218c874cc0bf4660dc1fab58294018c69328811319e91cb72aab1527aa42bd	"[""Acerbas_sarala_chinensis_mydata"",""Ancistroides_nigrita_mydata"",""Idmon_fujianana_mydata"",""Matapa_druna_mydata"",""Ochlodes_bouddha_mydata"",""Oriens_gola_mydata"",""Perichares_adela_mydata"",""Polytremis_eltola_mydata"",""Polytremis_theca_mydata"",""Potanthus_trachala_mydata"",""Telicota_bambusae_mydata""]"	0c218c874cc0bf4660dc1fab58294018c69328811319e91cb72aab1527aa42bd	0	0	H_df064dcada743e30a599791a7e0a65e240303853162283d279373be801d4e151	N0237	N0235	N0107	34.034470	36.026247	34.923476	"[""N0235"",""N0237""]"	"[{""full_child_node_id"":""N0235"",""full_parent_node_id"":""N0107"",""child_age_Ma"":34.923476,""parent_age_Ma"":36.026247,""branch_length_Ma"":1.102771},{""full_child_node_id"":""N0237"",""full_parent_node_id"":""N0235"",""child_age_Ma"":34.03447,""parent_age_Ma"":34.923476,""branch_length_Ma"":0.889006}]"	1.991777	not_root
H_d64b30de97dbed02922b7c40d08d9afad6ec4dccf08a3a0b1ce613f237dcde99	H_d64b30de97dbed02922b7c40d08d9afad6ec4dccf08a3a0b1ce613f237dcde99	"[""Oriens_gola_mydata"",""Potanthus_trachala_mydata"",""Telicota_bambusae_mydata""]"	d64b30de97dbed02922b7c40d08d9afad6ec4dccf08a3a0b1ce613f237dcde99	0	0	H_0c218c874cc0bf4660dc1fab58294018c69328811319e91cb72aab1527aa42bd	N0240	N0238	N0237	28.910456	34.034470	31.282945	"[""N0238"",""N0240""]"	"[{""full_child_node_id"":""N0238"",""full_parent_node_id"":""N0237"",""child_age_Ma"":31.282945,""parent_age_Ma"":34.03447,""branch_length_Ma"":2.751525},{""full_child_node_id"":""N0240"",""full_parent_node_id"":""N0238"",""child_age_Ma"":28.910456,""parent_age_Ma"":31.282945,""branch_length_Ma"":2.372489}]"	5.124014	not_root
Oriens_gola_mydata	Oriens_gola_mydata	"[""Oriens_gola_mydata""]"	58cc0367562d2038e5d288ac1c6c3c16ec8043685f87b729d498b94d14b74be8	1	0	H_d64b30de97dbed02922b7c40d08d9afad6ec4dccf08a3a0b1ce613f237dcde99	N0242	N0241	N0240	0.000003	28.910456	4.197497	"[""N0241"",""N0242""]"	"[{""full_child_node_id"":""N0241"",""full_parent_node_id"":""N0240"",""child_age_Ma"":4.197497,""parent_age_Ma"":28.910456,""branch_length_Ma"":24.712959},{""full_child_node_id"":""N0242"",""full_parent_node_id"":""N0241"",""child_age_Ma"":3e-06,""parent_age_Ma"":4.197497,""branch_length_Ma"":4.197494}]"	28.910453	not_root
H_992e4bac74851c0e3654831f6191e75798d709b19069431bd9ef9de94b192712	H_992e4bac74851c0e3654831f6191e75798d709b19069431bd9ef9de94b192712	"[""Potanthus_trachala_mydata"",""Telicota_bambusae_mydata""]"	992e4bac74851c0e3654831f6191e75798d709b19069431bd9ef9de94b192712	0	0	H_d64b30de97dbed02922b7c40d08d9afad6ec4dccf08a3a0b1ce613f237dcde99	N0246	N0244	N0240	20.248651	28.910456	23.342024	"[""N0244"",""N0246""]"	"[{""full_child_node_id"":""N0244"",""full_parent_node_id"":""N0240"",""child_age_Ma"":23.342024,""parent_age_Ma"":28.910456,""branch_length_Ma"":5.568432},{""full_child_node_id"":""N0246"",""full_parent_node_id"":""N0244"",""child_age_Ma"":20.248651,""parent_age_Ma"":23.342024,""branch_length_Ma"":3.093373}]"	8.661805	not_root
Potanthus_trachala_mydata	Potanthus_trachala_mydata	"[""Potanthus_trachala_mydata""]"	f1242fa5aa3238aad7b8ff72e04376a564711d016472687e43187f1f027c30b0	1	0	H_992e4bac74851c0e3654831f6191e75798d709b19069431bd9ef9de94b192712	N0265	N0263	N0246	0.000003	20.248651	2.457676	"[""N0247"",""N0251"",""N0253"",""N0257"",""N0259"",""N0261"",""N0263"",""N0265""]"	"[{""full_child_node_id"":""N0247"",""full_parent_node_id"":""N0246"",""child_age_Ma"":18.375413,""parent_age_Ma"":20.248651,""branch_length_Ma"":1.873238},{""full_child_node_id"":""N0251"",""full_parent_node_id"":""N0247"",""child_age_Ma"":14.600526,""parent_age_Ma"":18.375413,""branch_length_Ma"":3.774887},{""full_child_node_id"":""N0253"",""full_parent_node_id"":""N0251"",""child_age_Ma"":8.972948,""parent_age_Ma"":14.600526,""branch_length_Ma"":5.627578},{""full_child_node_id"":""N0257"",""full_parent_node_id"":""N0253"",""child_age_Ma"":8.029856,""parent_age_Ma"":8.972948,""branch_length_Ma"":0.943092},{""full_child_node_id"":""N0259"",""full_parent_node_id"":""N0257"",""child_age_Ma"":4.64435,""parent_age_Ma"":8.029856,""branch_length_Ma"":3.385506},{""full_child_node_id"":""N0261"",""full_parent_node_id"":""N0259"",""child_age_Ma"":3.708342,""parent_age_Ma"":4.64435,""branch_length_Ma"":0.936008},{""full_child_node_id"":""N0263"",""full_parent_node_id"":""N0261"",""child_age_Ma"":2.457676,""parent_age_Ma"":3.708342,""branch_length_Ma"":1.250666},{""full_child_node_id"":""N0265"",""full_parent_node_id"":""N0263"",""child_age_Ma"":3e-06,""parent_age_Ma"":2.457676,""branch_length_Ma"":2.457673}]"	20.248648	not_root
Telicota_bambusae_mydata	Telicota_bambusae_mydata	"[""Telicota_bambusae_mydata""]"	079b2b617c064386e7dc70f676e297cdb55422b8c176bd4cdf029a71a27a5836	1	0	H_992e4bac74851c0e3654831f6191e75798d709b19069431bd9ef9de94b192712	N0285	N0284	N0246	0.000003	20.248651	1.716545	"[""N0266"",""N0274"",""N0280"",""N0284"",""N0285""]"	"[{""full_child_node_id"":""N0266"",""full_parent_node_id"":""N0246"",""child_age_Ma"":15.818488,""parent_age_Ma"":20.248651,""branch_length_Ma"":4.430163},{""full_child_node_id"":""N0274"",""full_parent_node_id"":""N0266"",""child_age_Ma"":14.697506,""parent_age_Ma"":15.818488,""branch_length_Ma"":1.120982},{""full_child_node_id"":""N0280"",""full_parent_node_id"":""N0274"",""child_age_Ma"":5.559693,""parent_age_Ma"":14.697506,""branch_length_Ma"":9.137813},{""full_child_node_id"":""N0284"",""full_parent_node_id"":""N0280"",""child_age_Ma"":1.716545,""parent_age_Ma"":5.559693,""branch_length_Ma"":3.843148},{""full_child_node_id"":""N0285"",""full_parent_node_id"":""N0284"",""child_age_Ma"":3e-06,""parent_age_Ma"":1.716545,""branch_length_Ma"":1.716542}]"	20.248648	not_root
H_ace1fc7848c6feb4ffacfb939d754efaf2ec931d9488a4d37478ba193c6088bd	H_ace1fc7848c6feb4ffacfb939d754efaf2ec931d9488a4d37478ba193c6088bd	"[""Acerbas_sarala_chinensis_mydata"",""Ancistroides_nigrita_mydata"",""Idmon_fujianana_mydata"",""Matapa_druna_mydata"",""Ochlodes_bouddha_mydata"",""Perichares_adela_mydata"",""Polytremis_eltola_mydata"",""Polytremis_theca_mydata""]"	ace1fc7848c6feb4ffacfb939d754efaf2ec931d9488a4d37478ba193c6088bd	0	0	H_0c218c874cc0bf4660dc1fab58294018c69328811319e91cb72aab1527aa42bd	N0287	N0237	N0237	33.593025	34.034470	34.034470	"[""N0287""]"	"[{""full_child_node_id"":""N0287"",""full_parent_node_id"":""N0237"",""child_age_Ma"":33.593025,""parent_age_Ma"":34.03447,""branch_length_Ma"":0.441445}]"	0.441445	not_root
H_411d5701cda6d21aa0b78fe1996da2657f0118c72c9795e1ebc21cafccef2f05	H_411d5701cda6d21aa0b78fe1996da2657f0118c72c9795e1ebc21cafccef2f05	"[""Acerbas_sarala_chinensis_mydata"",""Matapa_druna_mydata""]"	411d5701cda6d21aa0b78fe1996da2657f0118c72c9795e1ebc21cafccef2f05	0	0	H_ace1fc7848c6feb4ffacfb939d754efaf2ec931d9488a4d37478ba193c6088bd	N0344	N0336	N0287	26.579501	33.593025	28.843670	"[""N0288"",""N0306"",""N0326"",""N0336"",""N0344""]"	"[{""full_child_node_id"":""N0288"",""full_parent_node_id"":""N0287"",""child_age_Ma"":30.98793,""parent_age_Ma"":33.593025,""branch_length_Ma"":2.605095},{""full_child_node_id"":""N0306"",""full_parent_node_id"":""N0288"",""child_age_Ma"":30.578606,""parent_age_Ma"":30.98793,""branch_length_Ma"":0.409324},{""full_child_node_id"":""N0326"",""full_parent_node_id"":""N0306"",""child_age_Ma"":30.221753,""parent_age_Ma"":30.578606,""branch_length_Ma"":0.356853},{""full_child_node_id"":""N0336"",""full_parent_node_id"":""N0326"",""child_age_Ma"":28.84367,""parent_age_Ma"":30.221753,""branch_length_Ma"":1.378083},{""full_child_node_id"":""N0344"",""full_parent_node_id"":""N0336"",""child_age_Ma"":26.579501,""parent_age_Ma"":28.84367,""branch_length_Ma"":2.264169}]"	7.013524	not_root
Matapa_druna_mydata	Matapa_druna_mydata	"[""Matapa_druna_mydata""]"	5a1354d58cb1ac589087c3bfbdef9127312366b34d6ba94f84501d807149ed96	1	0	H_411d5701cda6d21aa0b78fe1996da2657f0118c72c9795e1ebc21cafccef2f05	N0348	N0347	N0344	0.000002	26.579501	9.247523	"[""N0345"",""N0347"",""N0348""]"	"[{""full_child_node_id"":""N0345"",""full_parent_node_id"":""N0344"",""child_age_Ma"":11.050338,""parent_age_Ma"":26.579501,""branch_length_Ma"":15.529163},{""full_child_node_id"":""N0347"",""full_parent_node_id"":""N0345"",""child_age_Ma"":9.247523,""parent_age_Ma"":11.050338,""branch_length_Ma"":1.802815},{""full_child_node_id"":""N0348"",""full_parent_node_id"":""N0347"",""child_age_Ma"":2e-06,""parent_age_Ma"":9.247523,""branch_length_Ma"":9.247521}]"	26.579499	not_root
Acerbas_sarala_chinensis_mydata	Acerbas_sarala_chinensis_mydata	"[""Acerbas_sarala_chinensis_mydata""]"	253535d76da1a2f5587af21803a0fba5b9c53808b4e5f707774415e3c742796e	1	0	H_411d5701cda6d21aa0b78fe1996da2657f0118c72c9795e1ebc21cafccef2f05	N0355	N0353	N0344	0.000003	26.579501	18.504217	"[""N0352"",""N0353"",""N0355""]"	"[{""full_child_node_id"":""N0352"",""full_parent_node_id"":""N0344"",""child_age_Ma"":24.811423,""parent_age_Ma"":26.579501,""branch_length_Ma"":1.768078},{""full_child_node_id"":""N0353"",""full_parent_node_id"":""N0352"",""child_age_Ma"":18.504217,""parent_age_Ma"":24.811423,""branch_length_Ma"":6.307206},{""full_child_node_id"":""N0355"",""full_parent_node_id"":""N0353"",""child_age_Ma"":3e-06,""parent_age_Ma"":18.504217,""branch_length_Ma"":18.504214}]"	26.579498	not_root
H_6a0736e763655e9978f1c15d0f4c0d93b4f170897d16476398a00f6563d35a20	H_6a0736e763655e9978f1c15d0f4c0d93b4f170897d16476398a00f6563d35a20	"[""Ancistroides_nigrita_mydata"",""Idmon_fujianana_mydata"",""Ochlodes_bouddha_mydata"",""Perichares_adela_mydata"",""Polytremis_eltola_mydata"",""Polytremis_theca_mydata""]"	6a0736e763655e9978f1c15d0f4c0d93b4f170897d16476398a00f6563d35a20	0	0	H_ace1fc7848c6feb4ffacfb939d754efaf2ec931d9488a4d37478ba193c6088bd	N0365	N0287	N0287	33.126398	33.593025	33.593025	"[""N0365""]"	"[{""full_child_node_id"":""N0365"",""full_parent_node_id"":""N0287"",""child_age_Ma"":33.126398,""parent_age_Ma"":33.593025,""branch_length_Ma"":0.466627}]"	0.466627	not_root
Ancistroides_nigrita_mydata	Ancistroides_nigrita_mydata	"[""Ancistroides_nigrita_mydata""]"	08a01cdec70902b599453003fd802c2a34d1a4d13b9aed37725dfda81f5e829d	1	0	H_6a0736e763655e9978f1c15d0f4c0d93b4f170897d16476398a00f6563d35a20	N0369	N0368	N0365	0.000002	33.126398	17.756001	"[""N0366"",""N0368"",""N0369""]"	"[{""full_child_node_id"":""N0366"",""full_parent_node_id"":""N0365"",""child_age_Ma"":21.8674,""parent_age_Ma"":33.126398,""branch_length_Ma"":11.258998},{""full_child_node_id"":""N0368"",""full_parent_node_id"":""N0366"",""child_age_Ma"":17.756001,""parent_age_Ma"":21.8674,""branch_length_Ma"":4.111399},{""full_child_node_id"":""N0369"",""full_parent_node_id"":""N0368"",""child_age_Ma"":2e-06,""parent_age_Ma"":17.756001,""branch_length_Ma"":17.755999}]"	33.126396	not_root
H_61795077543b2cd55b8f0605a23b943df2d239e5e0591a16157d12475139c3ee	H_61795077543b2cd55b8f0605a23b943df2d239e5e0591a16157d12475139c3ee	"[""Idmon_fujianana_mydata"",""Ochlodes_bouddha_mydata"",""Perichares_adela_mydata"",""Polytremis_eltola_mydata"",""Polytremis_theca_mydata""]"	61795077543b2cd55b8f0605a23b943df2d239e5e0591a16157d12475139c3ee	0	0	H_6a0736e763655e9978f1c15d0f4c0d93b4f170897d16476398a00f6563d35a20	N0383	N0365	N0365	32.898626	33.126398	33.126398	"[""N0383""]"	"[{""full_child_node_id"":""N0383"",""full_parent_node_id"":""N0365"",""child_age_Ma"":32.898626,""parent_age_Ma"":33.126398,""branch_length_Ma"":0.227772}]"	0.227772	not_root
Idmon_fujianana_mydata	Idmon_fujianana_mydata	"[""Idmon_fujianana_mydata""]"	b72ae9b097a88982ea8e54847938750b1252af0d80a9bfc09ad460090cbf9d07	1	0	H_61795077543b2cd55b8f0605a23b943df2d239e5e0591a16157d12475139c3ee	N0395	N0394	N0383	0.000002	32.898626	8.485220	"[""N0384"",""N0386"",""N0390"",""N0394"",""N0395""]"	"[{""full_child_node_id"":""N0384"",""full_parent_node_id"":""N0383"",""child_age_Ma"":31.32337,""parent_age_Ma"":32.898626,""branch_length_Ma"":1.575256},{""full_child_node_id"":""N0386"",""full_parent_node_id"":""N0384"",""child_age_Ma"":26.663576,""parent_age_Ma"":31.32337,""branch_length_Ma"":4.659794},{""full_child_node_id"":""N0390"",""full_parent_node_id"":""N0386"",""child_age_Ma"":16.712434,""parent_age_Ma"":26.663576,""branch_length_Ma"":9.951142},{""full_child_node_id"":""N0394"",""full_parent_node_id"":""N0390"",""child_age_Ma"":8.48522,""parent_age_Ma"":16.712434,""branch_length_Ma"":8.227214},{""full_child_node_id"":""N0395"",""full_parent_node_id"":""N0394"",""child_age_Ma"":2e-06,""parent_age_Ma"":8.48522,""branch_length_Ma"":8.485218}]"	32.898624	not_root
H_d0dca0c6ee51e05ff7a15fac59be2d1abe9a588a27ae6d304ec5c8d1fbeeacef	H_d0dca0c6ee51e05ff7a15fac59be2d1abe9a588a27ae6d304ec5c8d1fbeeacef	"[""Ochlodes_bouddha_mydata"",""Perichares_adela_mydata"",""Polytremis_eltola_mydata"",""Polytremis_theca_mydata""]"	d0dca0c6ee51e05ff7a15fac59be2d1abe9a588a27ae6d304ec5c8d1fbeeacef	0	0	H_61795077543b2cd55b8f0605a23b943df2d239e5e0591a16157d12475139c3ee	N0407	N0397	N0383	31.233508	32.898626	32.453747	"[""N0397"",""N0407""]"	"[{""full_child_node_id"":""N0397"",""full_parent_node_id"":""N0383"",""child_age_Ma"":32.453747,""parent_age_Ma"":32.898626,""branch_length_Ma"":0.444879},{""full_child_node_id"":""N0407"",""full_parent_node_id"":""N0397"",""child_age_Ma"":31.233508,""parent_age_Ma"":32.453747,""branch_length_Ma"":1.220239}]"	1.665118	not_root
H_63ffb2d030d0ffd4795d38fc97a2317fcc4ab05fbcb5e4c21a7d3d188df8ba48	H_63ffb2d030d0ffd4795d38fc97a2317fcc4ab05fbcb5e4c21a7d3d188df8ba48	"[""Polytremis_eltola_mydata"",""Polytremis_theca_mydata""]"	63ffb2d030d0ffd4795d38fc97a2317fcc4ab05fbcb5e4c21a7d3d188df8ba48	0	0	H_d0dca0c6ee51e05ff7a15fac59be2d1abe9a588a27ae6d304ec5c8d1fbeeacef	N0417	N0416	N0407	11.668133	31.233508	13.668558	"[""N0408"",""N0416"",""N0417""]"	"[{""full_child_node_id"":""N0408"",""full_parent_node_id"":""N0407"",""child_age_Ma"":22.194179,""parent_age_Ma"":31.233508,""branch_length_Ma"":9.039329},{""full_child_node_id"":""N0416"",""full_parent_node_id"":""N0408"",""child_age_Ma"":13.668558,""parent_age_Ma"":22.194179,""branch_length_Ma"":8.525621},{""full_child_node_id"":""N0417"",""full_parent_node_id"":""N0416"",""child_age_Ma"":11.668133,""parent_age_Ma"":13.668558,""branch_length_Ma"":2.000425}]"	19.565375	not_root
Polytremis_theca_mydata	Polytremis_theca_mydata	"[""Polytremis_theca_mydata""]"	b37e81d008b9bb2ae910021d049bcf2ab8297228d3ea1d0f3ff70dc17ee71ff3	1	0	H_63ffb2d030d0ffd4795d38fc97a2317fcc4ab05fbcb5e4c21a7d3d188df8ba48	N0420	N0418	N0417	0.000002	11.668133	4.718540	"[""N0418"",""N0420""]"	"[{""full_child_node_id"":""N0418"",""full_parent_node_id"":""N0417"",""child_age_Ma"":4.71854,""parent_age_Ma"":11.668133,""branch_length_Ma"":6.949593},{""full_child_node_id"":""N0420"",""full_parent_node_id"":""N0418"",""child_age_Ma"":2e-06,""parent_age_Ma"":4.71854,""branch_length_Ma"":4.718538}]"	11.668131	not_root
Polytremis_eltola_mydata	Polytremis_eltola_mydata	"[""Polytremis_eltola_mydata""]"	df53d912996700755909d11de768c7c8fa7e8a0804cd75e194612c2a6fdfe220	1	0	H_63ffb2d030d0ffd4795d38fc97a2317fcc4ab05fbcb5e4c21a7d3d188df8ba48	N0423	N0421	N0417	0.000002	11.668133	7.885379	"[""N0421"",""N0423""]"	"[{""full_child_node_id"":""N0421"",""full_parent_node_id"":""N0417"",""child_age_Ma"":7.885379,""parent_age_Ma"":11.668133,""branch_length_Ma"":3.782754},{""full_child_node_id"":""N0423"",""full_parent_node_id"":""N0421"",""child_age_Ma"":2e-06,""parent_age_Ma"":7.885379,""branch_length_Ma"":7.885377}]"	11.668131	not_root
H_89bd10136a1ad2f4afa90386baf87f9dc4abd6c38087e386b6709d598c394ac8	H_89bd10136a1ad2f4afa90386baf87f9dc4abd6c38087e386b6709d598c394ac8	"[""Ochlodes_bouddha_mydata"",""Perichares_adela_mydata""]"	89bd10136a1ad2f4afa90386baf87f9dc4abd6c38087e386b6709d598c394ac8	0	0	H_d0dca0c6ee51e05ff7a15fac59be2d1abe9a588a27ae6d304ec5c8d1fbeeacef	N0465	N0407	N0407	30.970061	31.233508	31.233508	"[""N0465""]"	"[{""full_child_node_id"":""N0465"",""full_parent_node_id"":""N0407"",""child_age_Ma"":30.970061,""parent_age_Ma"":31.233508,""branch_length_Ma"":0.263447}]"	0.263447	not_root
Perichares_adela_mydata	Perichares_adela_mydata	"[""Perichares_adela_mydata""]"	6c922675faa3a469c046a2b0c53371ca7172d1644841194f72f36132b98a8847	1	0	H_89bd10136a1ad2f4afa90386baf87f9dc4abd6c38087e386b6709d598c394ac8	N0479	N0477	N0465	0.000002	30.970061	4.532716	"[""N0466"",""N0470"",""N0474"",""N0475"",""N0477"",""N0479""]"	"[{""full_child_node_id"":""N0466"",""full_parent_node_id"":""N0465"",""child_age_Ma"":29.910653,""parent_age_Ma"":30.970061,""branch_length_Ma"":1.059408},{""full_child_node_id"":""N0470"",""full_parent_node_id"":""N0466"",""child_age_Ma"":27.078377,""parent_age_Ma"":29.910653,""branch_length_Ma"":2.832276},{""full_child_node_id"":""N0474"",""full_parent_node_id"":""N0470"",""child_age_Ma"":21.787841,""parent_age_Ma"":27.078377,""branch_length_Ma"":5.290536},{""full_child_node_id"":""N0475"",""full_parent_node_id"":""N0474"",""child_age_Ma"":15.937601,""parent_age_Ma"":21.787841,""branch_length_Ma"":5.85024},{""full_child_node_id"":""N0477"",""full_parent_node_id"":""N0475"",""child_age_Ma"":4.532716,""parent_age_Ma"":15.937601,""branch_length_Ma"":11.404885},{""full_child_node_id"":""N0479"",""full_parent_node_id"":""N0477"",""child_age_Ma"":2e-06,""parent_age_Ma"":4.532716,""branch_length_Ma"":4.532714}]"	30.970059	not_root
Ochlodes_bouddha_mydata	Ochlodes_bouddha_mydata	"[""Ochlodes_bouddha_mydata""]"	d15325e4dca5e49f491ecfc06ac7c6846484def02bc9a9e1f3226d83d858d712	1	0	H_89bd10136a1ad2f4afa90386baf87f9dc4abd6c38087e386b6709d598c394ac8	N0680	N0679	N0465	0.000003	30.970061	4.679436	"[""N0487"",""N0509"",""N0551"",""N0552"",""N0588"",""N0624"",""N0646"",""N0670"",""N0671"",""N0675"",""N0677"",""N0679"",""N0680""]"	"[{""full_child_node_id"":""N0487"",""full_parent_node_id"":""N0465"",""child_age_Ma"":30.678105,""parent_age_Ma"":30.970061,""branch_length_Ma"":0.291956},{""full_child_node_id"":""N0509"",""full_parent_node_id"":""N0487"",""child_age_Ma"":28.234085,""parent_age_Ma"":30.678105,""branch_length_Ma"":2.44402},{""full_child_node_id"":""N0551"",""full_parent_node_id"":""N0509"",""child_age_Ma"":27.700428,""parent_age_Ma"":28.234085,""branch_length_Ma"":0.533657},{""full_child_node_id"":""N0552"",""full_parent_node_id"":""N0551"",""child_age_Ma"":27.270552,""parent_age_Ma"":27.700428,""branch_length_Ma"":0.429876},{""full_child_node_id"":""N0588"",""full_parent_node_id"":""N0552"",""child_age_Ma"":21.504675,""parent_age_Ma"":27.270552,""branch_length_Ma"":5.765877},{""full_child_node_id"":""N0624"",""full_parent_node_id"":""N0588"",""child_age_Ma"":21.148891,""parent_age_Ma"":21.504675,""branch_length_Ma"":0.355784},{""full_child_node_id"":""N0646"",""full_parent_node_id"":""N0624"",""child_age_Ma"":20.491968,""parent_age_Ma"":21.148891,""branch_length_Ma"":0.656923},{""full_child_node_id"":""N0670"",""full_parent_node_id"":""N0646"",""child_age_Ma"":18.975074,""parent_age_Ma"":20.491968,""branch_length_Ma"":1.516894},{""full_child_node_id"":""N0671"",""full_parent_node_id"":""N0670"",""child_age_Ma"":10.655582,""parent_age_Ma"":18.975074,""branch_length_Ma"":8.319492},{""full_child_node_id"":""N0675"",""full_parent_node_id"":""N0671"",""child_age_Ma"":9.024439,""parent_age_Ma"":10.655582,""branch_length_Ma"":1.631143},{""full_child_node_id"":""N0677"",""full_parent_node_id"":""N0675"",""child_age_Ma"":5.715136,""parent_age_Ma"":9.024439,""branch_length_Ma"":3.309303},{""full_child_node_id"":""N0679"",""full_parent_node_id"":""N0677"",""child_age_Ma"":4.679436,""parent_age_Ma"":5.715136,""branch_length_Ma"":1.0357},{""full_child_node_id"":""N0680"",""full_parent_node_id"":""N0679"",""child_age_Ma"":3e-06,""parent_age_Ma"":4.679436,""branch_length_Ma"":4.679433}]"	30.970058	not_root
