W001,H020,Cospeciation,1.0,1.0
W002,H023,Transfer,1.0,0.5360824742268041
Cupitha_purreea,Cupitha_purreea,Contemporaneous,1.0,1.4259911495289671e-268
W003,H023,Loss,0.5360824742268041,0.4639175257731959
W003,H024,Cospeciation,0.9278350515463918,0.9278350515463918
W004,H025,Loss,0.9278350515463918,0.5567010309278351
W004,H030,Transfer,0.5567010309278351,0.27835051546391754
W041,H005,Cospeciation,1.0,1.0
W042,H014,Transfer,1.0,0.5
Ochlodes_sylvanus,Ochlodes_sylvanus,Contemporaneous,1.0,1.4259911495289671e-268
Aeromachus_catocyanea,H014,Loss,0.5,0.5
Aeromachus_catocyanea,Aeromachus_catocyanea,Contemporaneous,1.0,1.4259911495289671e-268
Ampittia_dioscorides_fabricius,H006,Loss,1.0,1.0
Ampittia_dioscorides_fabricius,Ampittia_dioscorides_fabricius,Contemporaneous,1.0,1.4259911495289671e-268
W005,H030,Loss,0.5567010309278351,0.3711340206185567
W005,H031,Transfer,0.5567010309278351,0.27835051546391754
Potanthus_trachala,Potanthus_trachala,Contemporaneous,1.0,1.4259911495289671e-268
W006,H031,Loss,0.5567010309278351,0.5567010309278351
W006,H033,Cospeciation,0.9278350515463918,0.9278350515463918
W038,H040,Transfer,0.9278350515463918,0.6185567010309279
Ancistroides_nigrita,Ancistroides_nigrita,Contemporaneous,1.0,1.4259911495289671e-268
W039,H040,Loss,0.6185567010309279,0.30927835051546393
W039,Calpodes_ethlius,Transfer,0.654639175257732,0.327319587628866
W040,Sovia_subflava,Transfer,0.5,0.5
Pedesta_masuriensis,Pedesta_masuriensis,Contemporaneous,1.0,1.4259911495289671e-268
Sovia_subflava,Sovia_subflava,Contemporaneous,1.0,1.4259911495289671e-268
Calpodes_ethlius,Calpodes_ethlius,Contemporaneous,1.0,1.4259911495289671e-268
W007,H034,Cospeciation,0.9587628865979382,0.9587628865979382
W036,H037,Loss,0.9587628865979382,0.6391752577319587
W036,H038,Transfer,0.6391752577319587,0.15979381443298968
W037,Matapa_druna,Transfer,0.5,0.5
Borbo_cinnara,Borbo_cinnara,Contemporaneous,1.0,1.4259911495289671e-268
Matapa_druna,Matapa_druna,Contemporaneous,1.0,1.4259911495289671e-268
Hesperia_nevada_nevada,H038,Loss,0.6391752577319587,0.6391752577319587
Hesperia_nevada_nevada,Hesperia_nevada_nevada,Contemporaneous,1.0,1.4259911495289671e-268
W008,H035,Loss,0.9587628865979382,0.6391752577319587
W008,H036,Transfer,0.6391752577319587,0.31958762886597936
W009,H009,Cospeciation,0.9862542955326461,0.9862542955326461
W016,Pedesta_rubella,Transfer,0.9862542955326461,0.9862542955326461
W017,H030,Cospeciation,1.0,1.0
W018,H031,Cospeciation,1.0,1.0
W019,H033,Cospeciation,1.0,1.0
W028,H040,Transfer,1.0,0.5
Polytremis_theca,Polytremis_theca,Contemporaneous,1.0,1.4259911495289671e-268
Oarisma_powesheik,H040,Loss,0.5,0.5
Oarisma_powesheik,Oarisma_powesheik,Contemporaneous,1.0,1.4259911495289671e-268
W020,H034,Loss,1.0,0.5
W020,H037,Transfer,0.5,0.5
Isoteinon_lamprospilus,Isoteinon_lamprospilus,Contemporaneous,1.0,1.4259911495289671e-268
W021,H037,Cospeciation,1.0,1.0
Hesperia_comma,H038,Loss,1.0,1.0
Hesperia_comma,H039,Loss,1.0,1.0
Hesperia_comma,Hesperia_comma,Contemporaneous,1.0,1.4259911495289671e-268
W022,Hesperia_meskei_straton,Transfer,1.0,0.5
W027,Ochlodes_thibetana,Transfer,0.5,0.5
Sovia_lucasii_lucasii,Sovia_lucasii_lucasii,Contemporaneous,1.0,1.4259911495289671e-268
Ochlodes_thibetana,Ochlodes_thibetana,Contemporaneous,1.0,1.4259911495289671e-268
W023,Hesperia_meskei_straton,Transfer,1.0,0.5
W025,Carystus_phorcus,Transfer,0.5,0.25
W026,Polytremis_eltola,Transfer,0.5,0.5
Oriens_gola,Oriens_gola,Contemporaneous,1.0,1.4259911495289671e-268
Polytremis_eltola,Polytremis_eltola,Contemporaneous,1.0,1.4259911495289671e-268
Carystus_phorcus,Carystus_phorcus,Contemporaneous,1.0,1.4259911495289671e-268
W024,Hesperia_meskei_straton,Transfer,1.0,1.0
Arnetta_atkinsoni,Arnetta_atkinsoni,Contemporaneous,1.0,1.4259911495289671e-268
Hesperia_meskei_straton,Hesperia_meskei_straton,Contemporaneous,1.0,1.4259911495289671e-268
W029,H032,Loss,1.0,0.5
W029,Molo_mango,Transfer,0.5,0.5
Pedesta_submacula,Pedesta_submacula,Contemporaneous,1.0,1.4259911495289671e-268
Molo_mango,Molo_mango,Contemporaneous,1.0,1.4259911495289671e-268
W030,Perichares_adela,Transfer,1.0,1.0
W031,H007,Cospeciation,1.0,1.0
W032,H013,Loss,1.0,0.5
W032,Halpe_porus,Transfer,0.5,0.5
Potanthus_flavus,Potanthus_flavus,Contemporaneous,1.0,1.4259911495289671e-268
Halpe_porus,Halpe_porus,Contemporaneous,1.0,1.4259911495289671e-268
Thoressa_kuata,H008,Loss,1.0,1.0
Thoressa_kuata,H011,Loss,1.0,1.0
Thoressa_kuata,Thoressa_kuata,Contemporaneous,1.0,1.4259911495289671e-268
Perichares_adela,Perichares_adela,Contemporaneous,1.0,1.4259911495289671e-268
W033,Pedesta_rubella,Transfer,0.9862542955326461,0.49312714776632305
W035,Matapa_aria,Transfer,0.5034364261168385,0.5034364261168385
Hesperia_colorado_sublima,Hesperia_colorado_sublima,Contemporaneous,1.0,1.4259911495289671e-268
Matapa_aria,Matapa_aria,Contemporaneous,1.0,1.4259911495289671e-268
W034,Pedesta_rubella,Transfer,0.9896907216494846,0.9896907216494846
Caltoris_cahira,Caltoris_cahira,Contemporaneous,1.0,1.4259911495289671e-268
Pedesta_rubella,Pedesta_rubella,Contemporaneous,1.0,1.4259911495289671e-268
W010,H010,Transfer,0.9896907216494846,0.4948453608247423
W011,Parnara_guttata,Transfer,0.5,0.5
Aeromachus_nana,Aeromachus_nana,Contemporaneous,1.0,1.4259911495289671e-268
Parnara_guttata,Parnara_guttata,Contemporaneous,1.0,1.4259911495289671e-268
W012,H010,Transfer,0.993127147766323,0.993127147766323
Astictopterus_jama,Astictopterus_jama,Contemporaneous,1.0,1.4259911495289671e-268
W013,H010,Cospeciation,1.0,1.0
W014,Pithauria_linus,Transfer,1.0,1.0
Halpe_concavimarginata,Halpe_concavimarginata,Contemporaneous,1.0,1.4259911495289671e-268
Pithauria_linus,Pithauria_linus,Contemporaneous,1.0,1.4259911495289671e-268
W015,Pithauria_stramineipennis,Transfer,1.0,1.0
Telicota_bambusae,Telicota_bambusae,Contemporaneous,1.0,1.4259911495289671e-268
Pithauria_stramineipennis,Pithauria_stramineipennis,Contemporaneous,1.0,1.4259911495289671e-268
Ochlodes_bouddha,H036,Loss,0.6391752577319587,0.6391752577319587
Ochlodes_bouddha,Ochlodes_bouddha,Contemporaneous,1.0,1.4259911495289671e-268
Idmon_fujianana,Idmon_fujianana,Contemporaneous,1.0,1.4259911495289671e-268
Acerbas_sarala_chinensis,H021,Loss,1.0,1.0
Acerbas_sarala_chinensis,Acerbas_sarala_chinensis,Contemporaneous,1.0,1.4259911495289671e-268
