W001,H020,Cospeciation,0.8252032520325203,0.8252032520325203
W002,H023,Transfer,0.8252032520325203,0.8252032520325203
Cupitha_purreea,Cupitha_purreea,Contemporaneous,1.0,2.9226365195147527e-260
W003,H023,Cospeciation,0.8252032520325203,0.8252032520325203
Idmon_fujianana,H024,Loss,0.8252032520325203,0.8252032520325203
Idmon_fujianana,Idmon_fujianana,Contemporaneous,1.0,2.9226365195147527e-260
W004,Ancistroides_nigrita,Transfer,0.8252032520325203,0.2750677506775068
W041,Ampittia_dioscorides_fabricius,Transfer,0.3333333333333333,0.16666666666666666
W042,Aeromachus_catocyanea,Transfer,0.5,0.5
Ochlodes_sylvanus,Ochlodes_sylvanus,Contemporaneous,1.0,2.9226365195147527e-260
Aeromachus_catocyanea,Aeromachus_catocyanea,Contemporaneous,1.0,2.9226365195147527e-260
Ampittia_dioscorides_fabricius,Ampittia_dioscorides_fabricius,Contemporaneous,1.0,2.9226365195147527e-260
W005,Ancistroides_nigrita,Transfer,0.8252032520325203,0.8252032520325203
Potanthus_trachala,Potanthus_trachala,Contemporaneous,1.0,2.9226365195147527e-260
W006,Ancistroides_nigrita,Transfer,0.8252032520325203,0.13617886178861788
W007,Ochlodes_bouddha,Transfer,0.13617886178861788,0.03404471544715447
W036,Matapa_druna,Transfer,0.3983739837398374,0.3983739837398374
Hesperia_nevada_nevada,Hesperia_nevada_nevada,Contemporaneous,1.0,2.9226365195147527e-260
W037,Matapa_druna,Transfer,0.5995934959349594,0.5995934959349594
Borbo_cinnara,Borbo_cinnara,Contemporaneous,1.0,2.9226365195147527e-260
Matapa_druna,Matapa_druna,Contemporaneous,1.0,2.9226365195147527e-260
W008,Ochlodes_bouddha,Transfer,0.27235772357723576,0.17479674796747968
W009,H009,Cospeciation,0.34959349593495936,0.34959349593495936
W016,Pedesta_rubella,Transfer,0.34959349593495936,0.3252032520325203
W017,H030,Cospeciation,0.6504065040650406,0.6504065040650406
W018,H031,Cospeciation,0.6504065040650406,0.5203252032520326
W019,H033,Cospeciation,0.5203252032520326,0.5203252032520326
W028,H040,Loss,0.5203252032520326,0.2601626016260163
W028,Oarisma_powesheik,Transfer,0.3902439024390244,0.3902439024390244
Polytremis_theca,Polytremis_theca,Contemporaneous,1.0,2.9226365195147527e-260
Oarisma_powesheik,Oarisma_powesheik,Contemporaneous,1.0,2.9226365195147527e-260
W020,H034,Transfer,0.5203252032520326,0.2601626016260163
Isoteinon_lamprospilus,Isoteinon_lamprospilus,Contemporaneous,1.0,2.9226365195147527e-260
W021,H034,Loss,0.2601626016260163,0.2601626016260163
W021,H037,Cospeciation,0.5203252032520326,0.5203252032520326
Hesperia_comma,H038,Loss,0.5203252032520326,0.5203252032520326
Hesperia_comma,H039,Loss,0.5203252032520326,0.5203252032520326
Hesperia_comma,Hesperia_comma,Contemporaneous,1.0,2.9226365195147527e-260
W022,Hesperia_meskei_straton,Transfer,0.5203252032520326,0.2601626016260163
W027,Sovia_lucasii_lucasii,Transfer,0.5,0.5
Ochlodes_thibetana,Ochlodes_thibetana,Contemporaneous,1.0,2.9226365195147527e-260
Sovia_lucasii_lucasii,Sovia_lucasii_lucasii,Contemporaneous,1.0,2.9226365195147527e-260
W023,Hesperia_meskei_straton,Transfer,0.5203252032520326,0.13008130081300814
W025,Polytremis_eltola,Transfer,0.3821138211382114,0.3821138211382114
Carystus_phorcus,Carystus_phorcus,Contemporaneous,1.0,2.9226365195147527e-260
W026,Polytremis_eltola,Transfer,0.6097560975609756,0.6097560975609756
Oriens_gola,Oriens_gola,Contemporaneous,1.0,2.9226365195147527e-260
Polytremis_eltola,Polytremis_eltola,Contemporaneous,1.0,2.9226365195147527e-260
W024,Hesperia_meskei_straton,Transfer,0.6951219512195121,0.6951219512195121
Arnetta_atkinsoni,Arnetta_atkinsoni,Contemporaneous,1.0,2.9226365195147527e-260
Hesperia_meskei_straton,Hesperia_meskei_straton,Contemporaneous,1.0,2.9226365195147527e-260
W029,H032,Loss,0.5203252032520326,0.2601626016260163
W029,Molo_mango,Transfer,0.540650406504065,0.540650406504065
Pedesta_submacula,Pedesta_submacula,Contemporaneous,1.0,2.9226365195147527e-260
Molo_mango,Molo_mango,Contemporaneous,1.0,2.9226365195147527e-260
W030,Perichares_adela,Transfer,0.8008130081300813,0.40040650406504064
W031,Thoressa_kuata,Transfer,0.524390243902439,0.2621951219512195
W032,Halpe_porus,Transfer,0.5,0.5
Potanthus_flavus,Potanthus_flavus,Contemporaneous,1.0,2.9226365195147527e-260
Halpe_porus,Halpe_porus,Contemporaneous,1.0,2.9226365195147527e-260
Thoressa_kuata,Thoressa_kuata,Contemporaneous,1.0,2.9226365195147527e-260
Perichares_adela,Perichares_adela,Contemporaneous,1.0,2.9226365195147527e-260
W033,Pedesta_rubella,Transfer,0.34959349593495936,0.17479674796747968
W035,Matapa_aria,Transfer,0.5660569105691057,0.5660569105691057
Hesperia_colorado_sublima,Hesperia_colorado_sublima,Contemporaneous,1.0,2.9226365195147527e-260
Matapa_aria,Matapa_aria,Contemporaneous,1.0,2.9226365195147527e-260
W034,Pedesta_rubella,Transfer,0.5457317073170732,0.5457317073170732
Caltoris_cahira,Caltoris_cahira,Contemporaneous,1.0,2.9226365195147527e-260
Pedesta_rubella,Pedesta_rubella,Contemporaneous,1.0,2.9226365195147527e-260
W010,H010,Transfer,0.4695121951219512,0.2347560975609756
W011,Parnara_guttata,Transfer,0.5853658536585366,0.5853658536585366
Aeromachus_nana,Aeromachus_nana,Contemporaneous,1.0,2.9226365195147527e-260
Parnara_guttata,Parnara_guttata,Contemporaneous,1.0,2.9226365195147527e-260
W012,H010,Transfer,0.6747967479674797,0.6747967479674797
Astictopterus_jama,Astictopterus_jama,Contemporaneous,1.0,2.9226365195147527e-260
W013,H010,Cospeciation,1.0,1.0
W014,Pithauria_linus,Transfer,1.0,1.0
Halpe_concavimarginata,Halpe_concavimarginata,Contemporaneous,1.0,2.9226365195147527e-260
Pithauria_linus,Pithauria_linus,Contemporaneous,1.0,2.9226365195147527e-260
W015,Pithauria_stramineipennis,Transfer,1.0,1.0
Telicota_bambusae,Telicota_bambusae,Contemporaneous,1.0,2.9226365195147527e-260
Pithauria_stramineipennis,Pithauria_stramineipennis,Contemporaneous,1.0,2.9226365195147527e-260
Ochlodes_bouddha,Ochlodes_bouddha,Contemporaneous,1.0,2.9226365195147527e-260
W038,Ancistroides_nigrita,Transfer,0.9126016260162602,0.4563008130081301
W039,Calpodes_ethlius,Transfer,0.5,0.25
W040,Sovia_subflava,Transfer,0.5,0.5
Pedesta_masuriensis,Pedesta_masuriensis,Contemporaneous,1.0,2.9226365195147527e-260
Sovia_subflava,Sovia_subflava,Contemporaneous,1.0,2.9226365195147527e-260
Calpodes_ethlius,Calpodes_ethlius,Contemporaneous,1.0,2.9226365195147527e-260
Ancistroides_nigrita,Ancistroides_nigrita,Contemporaneous,1.0,2.9226365195147527e-260
Acerbas_sarala_chinensis,H021,Loss,0.8252032520325203,0.8252032520325203
Acerbas_sarala_chinensis,Acerbas_sarala_chinensis,Contemporaneous,1.0,2.9226365195147527e-260
