taxon	included	original_strict_loci	original_strict_ACGT_bp	scenario_loci	scenario_ACGT_bp
Acerbas_sarala_chinensis	1	38	37317	38	37317
Aeromachus_catocyanea	1	22	24762	22	24762
Aeromachus_nana	1	15	21768	15	21768
Ampittia_dioscorides_fabricius	1	34	35019	34	35019
Ancistroides_nigrita	1	42	45792	42	45792
Arnetta_atkinsoni	0	14	20475	0	0
Borbo_cinnara	0	4	4134	0	0
Carystus_phorcus	0	14	14130	0	0
Cupitha_purreea	1	43	47889	43	47889
Halpe_concavimarginata	1	35	35256	35	35256
Halpe_porus	1	15	13929	15	13929
Hesperia_colorado_sublima	0	5	5589	0	0
Hesperia_comma	0	6	4902	0	0
Hesperia_nevada_nevada	0	5	3165	0	0
Idmon_fujianana	1	42	45465	42	45465
Isoteinon_lamprospilus	1	15	18840	15	18840
Matapa_druna	1	41	44790	41	44790
Molo_mango	0	6	5700	0	0
Oarisma_powesheik	0	9	10296	0	0
Ochlodes_bouddha	1	27	32316	27	32316
Ochlodes_sylvanus	0	12	13986	0	0
Ochlodes_thibetana	0	14	17568	0	0
Oriens_gola	1	46	44532	46	44532
Parnara_guttata	0	13	17394	0	0
Pedesta_masuriensis	1	25	25215	25	25215
Pedesta_rubella	1	39	38733	39	38733
Perichares_adela	1	28	28389	28	28389
Pithauria_linus	1	23	24714	23	24714
Pithauria_stramineipennis	1	42	45534	42	45534
Polytremis_eltola	1	46	43281	46	43281
Polytremis_theca	1	31	29043	31	29043
Potanthus_flavus	0	14	20475	0	0
Potanthus_trachala	1	15	18864	15	18864
Sovia_lucasii_lucasii	1	15	18864	15	18864
Sovia_subflava	1	38	36990	38	36990
Telicota_bambusae	1	41	45747	41	45747
Thoressa_kuata	1	15	18987	15	18987
