	AF	AUS	CAM	ENA	EPA	IND	MDG	ORI	SAM	WNA	WPA
AF	0	0.888989893251341	0.21904291355759	0.555141259664437	0.14070529413629	0	0.611340636419152	0.522232967867094	0.301511344577764	0.171446607997765	0
AUS	1.47969420810347	0	0.729189393585214	0.757121075675696	0.659353831222262	0.675995337979262	1.24117083856536	0.804720919061856	1.47774739848777	0.904031375159473	1.38898989531707
CAM	1.0096003809889	0.977731863017461	0	0.836297757616233	0.626357112455213	0.348735088019777	0.256432399976243	0.171446607997765	0.21904291355759	0.479372485441102	0.409360180740332
ENA	1.11934324178479	1.02494148638108	1.4526534411903	0	1.01821789257883	0.689312349484263	0.506423386569624	0.256432399976243	0.589127072091164	0.535223921797827	0.544114515576093
EPA	0.841535393303109	0.894201297022074	1.73784378184606	1.96769361990585	0	1.05308589345309	0.778758400574046	0.522232967867094	0.841835416626593	0.603022689155527	0.80972622883081
IND	0.666666666666667	0.582228390745332	1.33071713027528	1.63435342295084	1.14145928220383	0	0.825355754333924	0.547814758929522	0.843513575181308	0.746439359339871	0.688945908360348
MDG	0.984731927834662	1.12474463992966	0.409360180740332	0.945964314785967	1.02769723954169	0.847098434407571	0	0.910710678203533	0.991427906067452	1.03005344570566	0.439926531974776
ORI	0.402015126103685	0.14070529413629	0	0.196946385566932	0	0	0.358870281282637	0	0.21904291355759	0.52068331172711	0
SAM	1.40690935720605	1.4742229591664	0.593823427145025	0.394277244403663	0.80018937152591	0.77746025264604	0.94339811320566	0.857291954324485	0	0.951553753318511	1.09447649032713
WNA	1.46594334781051	1.48647097502641	0.839432227548159	0.794615719334913	1.07101386875741	0.951925215634934	1.01955625126569	0.979589689408764	1.48133164225417	0	1.18934665028555
WPA	0.1	0.21904291355759	0.446196043338474	0.439926531974776	0.14070529413629	0.14070529413629	0.14070529413629	0	0.385992097056273	0.427702341505507	0
