epoch	area_code	area	n_maps	mean	sd	q025	q975	mcse	young_ma	old_ma	lineage_myr_exposure	epoch_index	duration_myr	exposure_fraction	denominator_note	mean_per_myr	mean_per_lineage_myr	sd_per_myr	sd_per_lineage_myr	q025_per_myr	q025_per_lineage_myr	q975_per_myr	q975_per_lineage_myr	mcse_per_myr	mcse_per_lineage_myr
0-3.3	A	AF	300	0.42999999999999999	0.65308631828452413	0	2	0.037705956166563158	0	3.2999999999999998	1347.7543370000001	1	3.2999999999999998	0.22940289891749674	total fixed-tree lineage-Myr, not occupied-area or dispersal-opportunity exposure	0.13030303030303031	0.00031904924228042013	0.19790494493470429	0.00048457370928462021	0	0	0.60606060606060608	0.0014839499640949773	0.011426047323200957	2.7976876149769094e-05
0-3.3	B	AUS	300	0.080000000000000002	0.28378709811557007	0	1	0.016384455748956712	0	3.2999999999999998	1347.7543370000001	1	3.2999999999999998	0.22940289891749674	total fixed-tree lineage-Myr, not occupied-area or dispersal-opportunity exposure	0.024242424242424246	5.9357998563799093e-05	0.085996090338051542	0.000210562927029609	0	0	0.30303030303030304	0.00074197498204748864	0.0049649865905929428	1.2156856260190027e-05
0-3.3	C	CAM	300	0.95666666666666667	0.95804404048068548	0	3	0.055312698466704044	0	3.2999999999999998	1347.7543370000001	1	3.2999999999999998	0.22940289891749674	total fixed-tree lineage-Myr, not occupied-area or dispersal-opportunity exposure	0.28989898989898993	0.0007098227328254308	0.29031637590323806	0.00071084470973636004	0	0	0.90909090909090917	0.0022259249461424658	0.016761423777789105	4.1040638451830886e-05
0-3.3	D	ENA	300	0.38	0.62468721270118421	0	2	0.03606633304123457	0	3.2999999999999998	1347.7543370000001	1	3.2999999999999998	0.22940289891749674	total fixed-tree lineage-Myr, not occupied-area or dispersal-opportunity exposure	0.11515151515151516	0.00028195049317804571	0.18929915536399522	0.00046350228342925687	0	0	0.60606060606060608	0.0014839499640949773	0.010929191830677143	2.6760316810788766e-05
0-3.3	E	EPA	300	0.72999999999999998	0.79110861631596741	0	2.5249999999999773	0.045674677258825611	0	3.2999999999999998	1347.7543370000001	1	3.2999999999999998	0.22940289891749674	total fixed-tree lineage-Myr, not occupied-area or dispersal-opportunity exposure	0.22121212121212122	0.00054164173689466664	0.23972988373211135	0.00058698280138865346	0	0	0.76515151515150825	0.001873486829669892	0.013840811290553217	3.3889467839141972e-05
0-3.3	F	IND	300	0.71999999999999997	0.8350194758708398	0	3	0.048209871917260956	0	3.2999999999999998	1347.7543370000001	1	3.2999999999999998	0.22940289891749674	total fixed-tree lineage-Myr, not occupied-area or dispersal-opportunity exposure	0.2181818181818182	0.00053422198707419179	0.25303620480934541	0.00061956356061856975	0	0	0.90909090909090917	0.0022259249461424658	0.014609052096139684	3.5770518850321422e-05
0-3.3	G	MDG	300	0.029999999999999999	0.18943676418641145	0	0.52499999999997726	0.01093713667974363	0	3.2999999999999998	1347.7543370000001	1	3.2999999999999998	0.22940289891749674	total fixed-tree lineage-Myr, not occupied-area or dispersal-opportunity exposure	0.0090909090909090905	2.2259249461424657e-05	0.057405080056488318	0.00014055733970634699	0	0	0.15909090909090221	0.00038953686557491465	0.0033142838423465544	8.1150817916037085e-06
0-3.3	H	ORI	300	0.53333333333333333	0.69075758581678548	0	2	0.03988090781160971	0	3.2999999999999998	1347.7543370000001	1	3.2999999999999998	0.22940289891749674	total fixed-tree lineage-Myr, not occupied-area or dispersal-opportunity exposure	0.16161616161616163	0.00039571999042532725	0.20932048055054106	0.00051252484733557604	0	0	0.60606060606060608	0.0014839499640949773	0.012085123579275671	2.9590635857556664e-05
0-3.3	I	SAM	300	1.3666666666666667	1.1058776787496638	0	4	0.063847877551691676	0	3.2999999999999998	1347.7543370000001	1	3.2999999999999998	0.22940289891749674	total fixed-tree lineage-Myr, not occupied-area or dispersal-opportunity exposure	0.4141414141414142	0.0010140324754649012	0.33511444810595875	0.0008205335708370002	0	0	1.2121212121212122	0.0029678999281899546	0.019347841682330811	4.7373527800186682e-05
0-3.3	J	WNA	300	1.0966666666666667	1.0152625682537562	0	3	0.05861621170794569	0	3.2999999999999998	1347.7543370000001	1	3.2999999999999998	0.22940289891749674	total fixed-tree lineage-Myr, not occupied-area or dispersal-opportunity exposure	0.33232323232323235	0.00081369923031207917	0.30765532371325943	0.00075329942585356793	0	0	0.90909090909090917	0.0022259249461424658	0.017762488396347181	4.3491762629694795e-05
0-3.3	K	WPA	300	1.6599999999999999	1.1614199589598218	0	4	0.067054612594765708	0	3.2999999999999998	1347.7543370000001	1	3.2999999999999998	0.22940289891749674	total fixed-tree lineage-Myr, not occupied-area or dispersal-opportunity exposure	0.50303030303030305	0.001231678470198831	0.35194544210903689	0.00086174455319880871	0	0	1.2121212121212122	0.0029678999281899546	0.020319579574171426	4.9752844976202595e-05
3.3-13.9	A	AF	300	1.4199999999999999	1.003472232669709	0	3	0.057935496365617123	3.2999999999999998	13.9	3095.5846040000001	2	10.600000000000001	0.52690320669468649	total fixed-tree lineage-Myr, not occupied-area or dispersal-opportunity exposure	0.13396226415094337	0.00045871787776858962	0.09466719176129329	0.000324162431668984	0	0	0.28301886792452824	0.00096912227697589361	0.0054656128646808598	1.8715526718525159e-05
3.3-13.9	B	AUS	300	0.11	0.33407387082884615	0	1	0.019287763925225458	3.2999999999999998	13.9	3095.5846040000001	2	10.600000000000001	0.52690320669468649	total fixed-tree lineage-Myr, not occupied-area or dispersal-opportunity exposure	0.010377358490566037	3.5534483489116096e-05	0.031516402908381709	0.00010791947679193399	0	0	0.094339622641509427	0.00032304075899196452	0.0018196003703042883	6.2307338976626652e-06
3.3-13.9	C	CAM	300	1.3266666666666667	1.1508128095528796	0	4	0.066442208538222441	3.2999999999999998	13.9	3095.5846040000001	2	10.600000000000001	0.52690320669468649	total fixed-tree lineage-Myr, not occupied-area or dispersal-opportunity exposure	0.12515723270440249	0.00042856740692933959	0.10856724618423391	0.00037175944345563733	0	0	0.37735849056603771	0.0012921630359678581	0.0062681328809643805	2.1463541475289764e-05
3.3-13.9	D	ENA	300	0.68333333333333335	0.80740027634565015	0	3	0.046615276689193928	3.2999999999999998	13.9	3095.5846040000001	2	10.600000000000001	0.52690320669468649	total fixed-tree lineage-Myr, not occupied-area or dispersal-opportunity exposure	0.064465408805031446	0.00022074451864450911	0.07616983739109906	0.00026082319808102075	0	0	0.28301886792452824	0.00096912227697589361	0.0043976676121881058	1.5058634362297638e-05
3.3-13.9	E	EPA	300	1.3100000000000001	1.0759921920369193	0	4	0.062122438171845082	3.2999999999999998	13.9	3095.5846040000001	2	10.600000000000001	0.52690320669468649	total fixed-tree lineage-Myr, not occupied-area or dispersal-opportunity exposure	0.12358490566037734	0.00042318339427947354	0.1015086973619735	0.00034758933438503408	0	0	0.37735849056603771	0.0012921630359678581	0.0058606073747023658	2.0068079577464225e-05
3.3-13.9	F	IND	300	1.1933333333333334	1.0195196368168062	0	3	0.058861993676029255	3.2999999999999998	13.9	3095.5846040000001	2	10.600000000000001	0.52690320669468649	total fixed-tree lineage-Myr, not occupied-area or dispersal-opportunity exposure	0.11257861635220125	0.00038549530573041101	0.096181097812906236	0.00032934639728451312	0	0	0.28301886792452824	0.00096912227697589361	0.0055530182713235138	1.9014823112884707e-05
3.3-13.9	G	MDG	300	0.096666666666666665	0.29599707733047437	0	1	0.017089399227609183	3.2999999999999998	13.9	3095.5846040000001	2	10.600000000000001	0.52690320669468649	total fixed-tree lineage-Myr, not occupied-area or dispersal-opportunity exposure	0.0091194968553459099	3.1227273369223238e-05	0.027924252578346635	9.5619120520239656e-05	0	0	0.094339622641509427	0.00032304075899196452	0.0016122074743027529	5.520572497203563e-06
3.3-13.9	H	ORI	300	0.92333333333333334	0.91665501158091656	0	3	0.052923101769026162	3.2999999999999998	13.9	3095.5846040000001	2	10.600000000000001	0.52690320669468649	total fixed-tree lineage-Myr, not occupied-area or dispersal-opportunity exposure	0.087106918238993705	0.00029827430080258061	0.08647688788499211	0.00029611693067488733	0	0	0.28301886792452824	0.00096912227697589361	0.0049927454499081279	1.7096318963675192e-05
3.3-13.9	I	SAM	300	0.44666666666666666	0.64953460742521818	0	2	0.037500898044492754	3.2999999999999998	13.9	3095.5846040000001	2	10.600000000000001	0.52690320669468649	total fixed-tree lineage-Myr, not occupied-area or dispersal-opportunity exposure	0.042138364779874204	0.00014429153901641083	0.061276849757096047	0.00020982615257419021	0	0	0.18867924528301885	0.00064608151798392903	0.0035378205702351652	1.2114318567173219e-05
3.3-13.9	J	WNA	300	1.52	1.1892495033721489	0	4	0.068661352090553879	3.2999999999999998	13.9	3095.5846040000001	2	10.600000000000001	0.52690320669468649	total fixed-tree lineage-Myr, not occupied-area or dispersal-opportunity exposure	0.14339622641509434	0.00049102195366778614	0.11219334937473101	0.00038417606220015585	0	0	0.37735849056603771	0.0012921630359678581	0.0064774860462786668	2.2180415292747034e-05
3.3-13.9	K	WPA	300	2.1066666666666665	1.3594542809631316	0	5	0.078488129506505314	3.2999999999999998	13.9	3095.5846040000001	2	10.600000000000001	0.52690320669468649	total fixed-tree lineage-Myr, not occupied-area or dispersal-opportunity exposure	0.19874213836477983	0.00068053919894307184	0.12825040386444636	0.00043915914273720541	0	0	0.47169811320754712	0.0016152037949598227	0.0074045405194816324	2.5354864927641083e-05
13.9-23.03	A	AF	300	0.53000000000000003	0.66122921915744048	0	2	0.038176086767659427	13.9	23.030000000000001	1030.7748300000001	3	9.1300000000000008	0.17544943291337367	total fixed-tree lineage-Myr, not occupied-area or dispersal-opportunity exposure	0.058050383351588165	0.00051417631142584267	0.072423791802567403	0.00064148754889313748	0	0	0.21905805038335158	0.0019402879676446892	0.0041813895692945696	3.7036300903524607e-05
13.9-23.03	B	AUS	300	0.016666666666666666	0.12823299585640946	0	0	0.0074035354676690156	13.9	23.030000000000001	1030.7748300000001	3	9.1300000000000008	0.17544943291337367	total fixed-tree lineage-Myr, not occupied-area or dispersal-opportunity exposure	0.0018254837531945965	1.6169066397039075e-05	0.014045235033560729	0.00012440446945761126	0	0	0	0	0.00081090202274578481	7.1824953929744433e-06
13.9-23.03	C	CAM	300	0.20000000000000001	0.42497294818489711	0	1	0.024535824603285922	13.9	23.030000000000001	1030.7748300000001	3	9.1300000000000008	0.17544943291337367	total fixed-tree lineage-Myr, not occupied-area or dispersal-opportunity exposure	0.021905805038335158	0.00019402879676446892	0.046546872747524323	0.00041228494896882291	0	0	0.10952902519167579	0.00097014398382234458	0.0026873849510718425	2.3803282626998101e-05
13.9-23.03	D	ENA	300	0.089999999999999997	0.30911460571264332	0	1	0.017846740081863963	13.9	23.030000000000001	1030.7748300000001	3	9.1300000000000008	0.17544943291337367	total fixed-tree lineage-Myr, not occupied-area or dispersal-opportunity exposure	0.0098576122672508204	8.7312958544011004e-05	0.033857021436215037	0.00029988567504373706	0	0	0.10952902519167579	0.00097014398382234458	0.0019547360440157679	1.7313907521261419e-05
13.9-23.03	E	EPA	300	0.39666666666666667	0.63823719043922444	0	2	0.036848641370691666	13.9	23.030000000000001	1030.7748300000001	3	9.1300000000000008	0.17544943291337367	total fixed-tree lineage-Myr, not occupied-area or dispersal-opportunity exposure	0.043446513326031395	0.00038482378024952998	0.069905497309882186	0.00061918197055628964	0	0	0.21905805038335158	0.0019402879676446892	0.0040359957689695136	3.5748487737803674e-05
13.9-23.03	F	IND	300	0.37333333333333335	0.6233651974996155	0	2	0.035990006457984718	13.9	23.030000000000001	1030.7748300000001	3	9.1300000000000008	0.17544943291337367	total fixed-tree lineage-Myr, not occupied-area or dispersal-opportunity exposure	0.04089083607155896	0.00036218708729367531	0.068276582420549334	0.00060475399607847955	0	0	0.21905805038335158	0.0019402879676446892	0.0039419503239851821	3.4915488242941201e-05
13.9-23.03	G	MDG	300	0.023333333333333334	0.1512121222276315	0	0	0.0087302359472857631	13.9	23.030000000000001	1030.7748300000001	3	9.1300000000000008	0.17544943291337367	total fixed-tree lineage-Myr, not occupied-area or dispersal-opportunity exposure	0.002555677254472435	2.2636692955854707e-05	0.016562116344757009	0.00014669753066014573	0	0	0	0	0.00095621423299953583	8.4695858816088508e-06
13.9-23.03	H	ORI	300	0.37	0.57811248630585943	0	2	0.033377339959057173	13.9	23.030000000000001	1030.7748300000001	3	9.1300000000000008	0.17544943291337367	total fixed-tree lineage-Myr, not occupied-area or dispersal-opportunity exposure	0.040525739320920039	0.00035895327401426746	0.063320097076216803	0.00056085235056220711	0	0	0.21905805038335158	0.0019402879676446892	0.0036557875092067	3.2380825557272458e-05
13.9-23.03	I	SAM	300	0.13333333333333333	0.35018708170949081	0	1	0.020218060589170396	13.9	23.030000000000001	1030.7748300000001	3	9.1300000000000008	0.17544943291337367	total fixed-tree lineage-Myr, not occupied-area or dispersal-opportunity exposure	0.014603870025556772	0.0001293525311763126	0.038355649694358243	0.00033973189053276631	0	0	0.10952902519167579	0.00097014398382234458	0.0022144644675980716	1.9614429845139306e-05
13.9-23.03	J	WNA	300	0.17999999999999999	0.44149336117303756	0	1	0.025489631091868588	13.9	23.030000000000001	1030.7748300000001	3	9.1300000000000008	0.17544943291337367	total fixed-tree lineage-Myr, not occupied-area or dispersal-opportunity exposure	0.019715224534501641	0.00017462591708802201	0.048356337477879249	0.00042831212823952786	0	0	0.10952902519167579	0.00097014398382234458	0.0027918544459877969	2.4728612253627291e-05
13.9-23.03	K	WPA	300	0.22	0.45345201410622266	0	1	0.026180064240880561	13.9	23.030000000000001	1030.7748300000001	3	9.1300000000000008	0.17544943291337367	total fixed-tree lineage-Myr, not occupied-area or dispersal-opportunity exposure	0.024096385542168672	0.0002134316764409158	0.049666157076256587	0.0004399137434372768	0	0	0.10952902519167579	0.00097014398382234458	0.0028674769157590973	2.5398431819372773e-05
23.03-33.9	A	AF	300	0.0033333333333333335	0.057735026918962581	0	0	0.0033333333333333331	23.030000000000001	33.899999999999999	376.39827400000001	4	10.869999999999997	0.064067206339208566	total fixed-tree lineage-Myr, not occupied-area or dispersal-opportunity exposure	0.00030665440049064711	8.8558677432546712e-06	0.0053114100201437529	0.00015338812876427424	0	0	0	0	0.00030665440049064711	8.8558677432546695e-06
23.03-33.9	B	AUS	300	0.0033333333333333335	0.057735026918962581	0	0	0.0033333333333333331	23.030000000000001	33.899999999999999	376.39827400000001	4	10.869999999999997	0.064067206339208566	total fixed-tree lineage-Myr, not occupied-area or dispersal-opportunity exposure	0.00030665440049064711	8.8558677432546712e-06	0.0053114100201437529	0.00015338812876427424	0	0	0	0	0.00030665440049064711	8.8558677432546695e-06
23.03-33.9	C	CAM	300	0.013333333333333334	0.11488931224930929	0	0	0.0066331375354149683	23.030000000000001	33.899999999999999	376.39827400000001	4	10.869999999999997	0.064067206339208566	total fixed-tree lineage-Myr, not occupied-area or dispersal-opportunity exposure	0.0012266176019625884	3.5423470973018685e-05	0.01056939395117841	0.00030523336631801154	0	0	0	0	0.00061022424428840572	1.762265662093596e-05
23.03-33.9	D	ENA	300	0.0066666666666666671	0.0815130058495636	0	0	0.004706155586970108	23.030000000000001	33.899999999999999	376.39827400000001	4	10.869999999999997	0.064067206339208566	total fixed-tree lineage-Myr, not occupied-area or dispersal-opportunity exposure	0.00061330880098129422	1.7711735486509342e-05	0.0074988965822965614	0.00021656051974766388	0	0	0	0	0.00043294899604140837	1.2503127437215899e-05
23.03-33.9	E	EPA	300	0.14000000000000001	0.37532594530273455	0	1	0.021669453555438454	23.030000000000001	33.899999999999999	376.39827400000001	4	10.869999999999997	0.064067206339208566	total fixed-tree lineage-Myr, not occupied-area or dispersal-opportunity exposure	0.01287948482060718	0.0003719464452166962	0.034528605823618642	0.00099715107966391625	0	0	0.091996320147194138	0.002656760322976401	0.0019935099867008704	5.7570544426668792e-05
23.03-33.9	F	IND	300	0.13	0.37447845560509163	0	1	0.021620523714931495	23.030000000000001	33.899999999999999	376.39827400000001	4	10.869999999999997	0.064067206339208566	total fixed-tree lineage-Myr, not occupied-area or dispersal-opportunity exposure	0.011959521619135239	0.00034537884198693219	0.034450639890072833	0.00099489950266108706	0	0	0.091996320147194138	0.002656760322976401	0.0019890086214288407	5.7440549567800338e-05
23.03-33.9	G	MDG	300	0.01	0.099664990683253338	0	0	0.0057541609199757851	23.030000000000001	33.899999999999999	376.39827400000001	4	10.869999999999997	0.064067206339208566	total fixed-tree lineage-Myr, not occupied-area or dispersal-opportunity exposure	0.00091996320147194133	2.6567603229764014e-05	0.0091688123903636946	0.00026478599283708015	0	0	0	0	0.0005293616301725655	1.5287426424213053e-05
23.03-33.9	H	ORI	300	0.093333333333333338	0.30264534177573382	0	1	0.017473236954320619	23.030000000000001	33.899999999999999	376.39827400000001	4	10.869999999999997	0.064067206339208566	total fixed-tree lineage-Myr, not occupied-area or dispersal-opportunity exposure	0.0085863232137381191	0.00024796429681113078	0.027842257753057396	0.00080405613596340193	0	0	0.091996320147194138	0.002656760322976401	0.001607473500857463	4.6422202654204036e-05
23.03-33.9	I	SAM	300	0.016666666666666666	0.12823299585640946	0	0	0.0074035354676690156	23.030000000000001	33.899999999999999	376.39827400000001	4	10.869999999999997	0.064067206339208566	total fixed-tree lineage-Myr, not occupied-area or dispersal-opportunity exposure	0.0015332720024532356	4.4279338716273353e-05	0.011796963740240064	0.00034068433548770593	0	0	0	0	0.00068109801910478545	1.9669419280251574e-05
23.03-33.9	J	WNA	300	0.013333333333333334	0.1148893122493093	0	0	0.0066331375354149692	23.030000000000001	33.899999999999999	376.39827400000001	4	10.869999999999997	0.064067206339208566	total fixed-tree lineage-Myr, not occupied-area or dispersal-opportunity exposure	0.0012266176019625884	3.5423470973018685e-05	0.010569393951178412	0.00030523336631801159	0	0	0	0	0.00061022424428840572	1.7622656620935963e-05
23.03-33.9	K	WPA	300	0.033333333333333333	0.17980541941701306	0	1	0.010381070730216603	23.030000000000001	33.899999999999999	376.39827400000001	4	10.869999999999997	0.064067206339208566	total fixed-tree lineage-Myr, not occupied-area or dispersal-opportunity exposure	0.0030665440049064711	8.8558677432546706e-05	0.016541436928888049	0.00047769990416325088	0	0	0.091996320147194138	0.002656760322976401	0.00095502030636767299	2.7580016826051129e-05
33.9-45	A	AF	300	0	0	0	0	0	33.899999999999999	45	24.5415980000001	5	11.100000000000001	0.0041772551352345332	total fixed-tree lineage-Myr, not occupied-area or dispersal-opportunity exposure	0	0	0	0	0	0	0	0	0	0
33.9-45	B	AUS	300	0	0	0	0	0	33.899999999999999	45	24.5415980000001	5	11.100000000000001	0.0041772551352345332	total fixed-tree lineage-Myr, not occupied-area or dispersal-opportunity exposure	0	0	0	0	0	0	0	0	0	0
33.9-45	C	CAM	300	0	0	0	0	0	33.899999999999999	45	24.5415980000001	5	11.100000000000001	0.0041772551352345332	total fixed-tree lineage-Myr, not occupied-area or dispersal-opportunity exposure	0	0	0	0	0	0	0	0	0	0
33.9-45	D	ENA	300	0.0066666666666666671	0.0815130058495636	0	0	0.004706155586970108	33.899999999999999	45	24.5415980000001	5	11.100000000000001	0.0041772551352345332	total fixed-tree lineage-Myr, not occupied-area or dispersal-opportunity exposure	0.00060060060060060057	0.00027164761914308269	0.0073435140405012245	0.0033214220952345183	0	0	0	0	0.0004239779808081178	0.00019176239407760198
33.9-45	E	EPA	300	0.01	0.099664990683253338	0	0	0.0057541609199757851	33.899999999999999	45	24.5415980000001	5	11.100000000000001	0.0041772551352345332	total fixed-tree lineage-Myr, not occupied-area or dispersal-opportunity exposure	0.00090090090090090081	0.00040747142871462404	0.0089788279894822808	0.0040610636146534932	0	0	0	0	0.00051839287567349412	0.00023446561711163883
33.9-45	F	IND	300	0.0033333333333333335	0.057735026918962568	0	0	0.0033333333333333327	33.899999999999999	45	24.5415980000001	5	11.100000000000001	0.0041772551352345332	total fixed-tree lineage-Myr, not occupied-area or dispersal-opportunity exposure	0.00030030030030030029	0.00013582380957154135	0.0052013537764831136	0.0023525373905546954	0	0	0	0	0.00030030030030030018	0.00013582380957154132
33.9-45	G	MDG	300	0.0033333333333333335	0.057735026918962574	0	0	0.0033333333333333331	33.899999999999999	45	24.5415980000001	5	11.100000000000001	0.0041772551352345332	total fixed-tree lineage-Myr, not occupied-area or dispersal-opportunity exposure	0.00030030030030030029	0.00013582380957154135	0.0052013537764831145	0.0023525373905546958	0	0	0	0	0.00030030030030030023	0.00013582380957154132
33.9-45	H	ORI	300	0.013333333333333334	0.11488931224930929	0	0	0.0066331375354149683	33.899999999999999	45	24.5415980000001	5	11.100000000000001	0.0041772551352345332	total fixed-tree lineage-Myr, not occupied-area or dispersal-opportunity exposure	0.0012012012012012011	0.00054329523828616538	0.010350388490928763	0.0046814112206266609	0	0	0	0	0.00059757995814549252	0.00027028140284161373
33.9-45	I	SAM	300	0	0	0	0	0	33.899999999999999	45	24.5415980000001	5	11.100000000000001	0.0041772551352345332	total fixed-tree lineage-Myr, not occupied-area or dispersal-opportunity exposure	0	0	0	0	0	0	0	0	0	0
33.9-45	J	WNA	300	0.0033333333333333335	0.057735026918962568	0	0	0.0033333333333333327	33.899999999999999	45	24.5415980000001	5	11.100000000000001	0.0041772551352345332	total fixed-tree lineage-Myr, not occupied-area or dispersal-opportunity exposure	0.00030030030030030029	0.00013582380957154135	0.0052013537764831136	0.0023525373905546954	0	0	0	0	0.00030030030030030018	0.00013582380957154132
33.9-45	K	WPA	300	0.01	0.099664990683253338	0	0	0.0057541609199757851	33.899999999999999	45	24.5415980000001	5	11.100000000000001	0.0041772551352345332	total fixed-tree lineage-Myr, not occupied-area or dispersal-opportunity exposure	0.00090090090090090081	0.00040747142871462404	0.0089788279894822808	0.0040610636146534932	0	0	0	0	0.00051839287567349412	0.00023446561711163883
