map_id	attempt_id	map_seed	source_seed	maxtries	d	e	j	cladogenetic_events
1	1	202609141	203609141	40000	433	22	0	416
2	2	202609142	203609142	40000	440	30	0	416
3	3	202609143	203609143	40000	440	25	0	416
4	4	202609144	203609144	40000	434	25	0	416
5	5	202609145	203609145	40000	436	17	0	416
6	6	202609146	203609146	40000	437	19	0	416
7	7	202609147	203609147	40000	432	24	0	416
8	8	202609148	203609148	40000	442	28	0	416
9	9	202609149	203609149	40000	431	20	0	416
10	10	202609150	203609150	40000	433	25	0	416
11	11	202609151	203609151	40000	437	26	0	416
12	12	202609152	203609152	40000	436	14	0	416
13	13	202609153	203609153	40000	444	28	0	416
14	14	202609154	203609154	40000	442	24	0	416
15	15	202609155	203609155	40000	427	20	0	416
16	16	202609156	203609156	40000	444	22	0	416
17	17	202609157	203609157	40000	438	20	0	416
18	18	202609158	203609158	40000	440	22	0	416
19	19	202609159	203609159	40000	429	23	0	416
20	20	202609160	203609160	40000	430	19	0	416
21	21	202609161	203609161	40000	429	22	0	416
22	22	202609162	203609162	40000	435	32	0	416
23	23	202609163	203609163	40000	430	15	0	416
24	24	202609164	203609164	40000	443	28	0	416
25	25	202609165	203609165	40000	434	22	0	416
26	26	202609166	203609166	40000	438	23	0	416
27	27	202609167	203609167	40000	436	22	0	416
28	28	202609168	203609168	40000	438	28	0	416
29	29	202609169	203609169	40000	436	18	0	416
30	30	202609170	203609170	40000	439	23	0	416
31	31	202609171	203609171	40000	438	17	0	416
32	32	202609172	203609172	40000	439	24	0	416
33	33	202609173	203609173	40000	436	23	0	416
34	34	202609174	203609174	40000	438	22	0	416
35	35	202609175	203609175	40000	438	26	0	416
36	36	202609176	203609176	40000	440	20	0	416
37	37	202609177	203609177	40000	442	30	0	416
38	38	202609178	203609178	40000	437	26	0	416
39	39	202609179	203609179	40000	434	17	0	416
40	40	202609180	203609180	40000	442	31	0	416
41	41	202609181	203609181	40000	444	20	0	416
42	42	202609182	203609182	40000	427	18	0	416
43	43	202609183	203609183	40000	434	24	0	416
44	44	202609184	203609184	40000	430	21	0	416
45	45	202609185	203609185	40000	431	17	0	416
46	46	202609186	203609186	40000	429	18	0	416
47	47	202609187	203609187	40000	444	22	0	416
48	48	202609188	203609188	40000	441	29	0	416
49	49	202609189	203609189	40000	431	25	0	416
50	50	202609190	203609190	40000	424	22	0	416
51	51	202609191	203609191	40000	428	19	0	416
52	52	202609192	203609192	40000	428	17	0	416
53	53	202609193	203609193	40000	444	29	0	416
54	54	202609194	203609194	40000	439	13	0	416
55	55	202609195	203609195	40000	435	24	0	416
56	56	202609196	203609196	40000	437	12	0	416
57	57	202609197	203609197	40000	433	24	0	416
58	58	202609198	203609198	40000	441	24	0	416
59	59	202609199	203609199	40000	424	18	0	416
60	60	202609200	203609200	40000	440	19	0	416
61	61	202609201	203609201	40000	436	30	0	416
62	62	202609202	203609202	40000	422	13	0	416
63	63	202609203	203609203	40000	433	27	0	416
64	64	202609204	203609204	40000	433	24	0	416
65	65	202609205	203609205	40000	432	18	0	416
66	66	202609206	203609206	40000	445	31	0	416
67	67	202609207	203609207	40000	430	24	0	416
68	68	202609208	203609208	40000	438	22	0	416
69	69	202609209	203609209	40000	438	18	0	416
70	70	202609210	203609210	40000	439	27	0	416
71	71	202609211	203609211	40000	432	21	0	416
72	72	202609212	203609212	40000	436	22	0	416
73	73	202609213	203609213	40000	435	24	0	416
74	74	202609214	203609214	40000	436	23	0	416
75	75	202609215	203609215	40000	452	30	0	416
76	76	202609216	203609216	40000	441	22	0	416
77	77	202609217	203609217	40000	441	16	0	416
78	78	202609218	203609218	40000	435	27	0	416
79	79	202609219	203609219	40000	425	16	0	416
80	80	202609220	203609220	40000	440	22	0	416
81	81	202609221	203609221	40000	436	18	0	416
82	82	202609222	203609222	40000	435	18	0	416
83	83	202609223	203609223	40000	426	15	0	416
84	84	202609224	203609224	40000	447	27	0	416
85	85	202609225	203609225	40000	434	23	0	416
86	86	202609226	203609226	40000	431	16	0	416
87	87	202609227	203609227	40000	432	23	0	416
88	88	202609228	203609228	40000	445	29	0	416
89	89	202609229	203609229	40000	432	23	0	416
90	90	202609230	203609230	40000	431	29	0	416
91	91	202609231	203609231	40000	436	24	0	416
92	92	202609232	203609232	40000	442	25	0	416
93	93	202609233	203609233	40000	426	25	0	416
94	94	202609234	203609234	40000	426	25	0	416
95	95	202609235	203609235	40000	431	19	0	416
96	96	202609236	203609236	40000	439	21	0	416
97	97	202609237	203609237	40000	436	18	0	416
98	98	202609238	203609238	40000	433	17	0	416
99	99	202609239	203609239	40000	434	22	0	416
100	100	202609240	203609240	40000	439	22	0	416
101	101	202609241	203609241	40000	435	20	0	416
102	102	202609242	203609242	40000	448	28	0	416
103	103	202609243	203609243	40000	438	18	0	416
104	104	202609244	203609244	40000	431	21	0	416
105	105	202609245	203609245	40000	435	23	0	416
106	106	202609246	203609246	40000	435	24	0	416
107	107	202609247	203609247	40000	443	22	0	416
108	108	202609248	203609248	40000	426	21	0	416
109	109	202609249	203609249	40000	444	31	0	416
110	110	202609250	203609250	40000	427	21	0	416
111	111	202609251	203609251	40000	447	29	0	416
112	112	202609252	203609252	40000	436	29	0	416
113	113	202609253	203609253	40000	432	23	0	416
114	114	202609254	203609254	40000	442	25	0	416
115	115	202609255	203609255	40000	435	16	0	416
116	116	202609256	203609256	40000	445	18	0	416
117	117	202609257	203609257	40000	441	22	0	416
118	118	202609258	203609258	40000	436	19	0	416
119	119	202609259	203609259	40000	439	24	0	416
120	120	202609260	203609260	40000	451	26	0	416
121	121	202609261	203609261	40000	443	21	0	416
122	122	202609262	203609262	40000	432	23	0	416
123	123	202609263	203609263	40000	442	25	0	416
124	124	202609264	203609264	40000	437	26	0	416
125	125	202609265	203609265	40000	433	23	0	416
126	126	202609266	203609266	40000	438	28	0	416
127	127	202609267	203609267	40000	436	27	0	416
128	128	202609268	203609268	40000	436	26	0	416
129	129	202609269	203609269	40000	435	28	0	416
130	130	202609270	203609270	40000	433	17	0	416
131	131	202609271	203609271	40000	446	24	0	416
132	132	202609272	203609272	40000	442	18	0	416
133	133	202609273	203609273	40000	441	23	0	416
134	134	202609274	203609274	40000	444	24	0	416
135	135	202609275	203609275	40000	433	16	0	416
136	136	202609276	203609276	40000	432	19	0	416
137	137	202609277	203609277	40000	433	22	0	416
138	138	202609278	203609278	40000	438	21	0	416
139	139	202609279	203609279	40000	433	25	0	416
140	140	202609280	203609280	40000	433	21	0	416
141	141	202609281	203609281	40000	427	22	0	416
142	142	202609282	203609282	40000	425	17	0	416
143	143	202609283	203609283	40000	430	20	0	416
144	144	202609284	203609284	40000	434	20	0	416
145	145	202609285	203609285	40000	446	22	0	416
146	146	202609286	203609286	40000	439	20	0	416
147	147	202609287	203609287	40000	433	21	0	416
148	148	202609288	203609288	40000	437	23	0	416
149	149	202609289	203609289	40000	425	19	0	416
150	150	202609290	203609290	40000	440	24	0	416
151	151	202609291	203609291	40000	445	26	0	416
152	152	202609292	203609292	40000	435	22	0	416
153	153	202609293	203609293	40000	438	21	0	416
154	154	202609294	203609294	40000	445	28	0	416
155	155	202609295	203609295	40000	432	19	0	416
156	156	202609296	203609296	40000	429	16	0	416
157	157	202609297	203609297	40000	432	20	0	416
158	158	202609298	203609298	40000	435	20	0	416
159	159	202609299	203609299	40000	441	19	0	416
160	160	202609300	203609300	40000	439	17	0	416
161	161	202609301	203609301	40000	438	24	0	416
162	162	202609302	203609302	40000	436	23	0	416
163	163	202609303	203609303	40000	434	18	0	416
164	164	202609304	203609304	40000	437	23	0	416
165	165	202609305	203609305	40000	428	21	0	416
166	166	202609306	203609306	40000	436	20	0	416
167	167	202609307	203609307	40000	433	20	0	416
168	168	202609308	203609308	40000	435	24	0	416
169	169	202609309	203609309	40000	434	20	0	416
170	170	202609310	203609310	40000	432	23	0	416
171	171	202609311	203609311	40000	434	23	0	416
172	172	202609312	203609312	40000	444	27	0	416
173	173	202609313	203609313	40000	440	28	0	416
174	174	202609314	203609314	40000	435	19	0	416
175	175	202609315	203609315	40000	429	20	0	416
176	176	202609316	203609316	40000	437	29	0	416
177	177	202609317	203609317	40000	434	20	0	416
178	178	202609318	203609318	40000	442	26	0	416
179	179	202609319	203609319	40000	447	27	0	416
180	180	202609320	203609320	40000	442	20	0	416
181	181	202609321	203609321	40000	435	26	0	416
182	182	202609322	203609322	40000	441	25	0	416
183	183	202609323	203609323	40000	437	25	0	416
184	184	202609324	203609324	40000	436	16	0	416
185	185	202609325	203609325	40000	434	24	0	416
186	186	202609326	203609326	40000	437	19	0	416
187	187	202609327	203609327	40000	433	20	0	416
188	188	202609328	203609328	40000	430	18	0	416
189	189	202609329	203609329	40000	443	28	0	416
190	190	202609330	203609330	40000	434	24	0	416
191	191	202609331	203609331	40000	429	19	0	416
192	192	202609332	203609332	40000	430	20	0	416
193	193	202609333	203609333	40000	431	18	0	416
194	194	202609334	203609334	40000	423	23	0	416
195	195	202609335	203609335	40000	433	19	0	416
196	196	202609336	203609336	40000	436	23	0	416
197	197	202609337	203609337	40000	444	32	0	416
198	198	202609338	203609338	40000	446	28	0	416
199	199	202609339	203609339	40000	434	17	0	416
200	200	202609340	203609340	40000	431	24	0	416
201	201	202609341	203609341	40000	435	20	0	416
202	202	202609342	203609342	40000	427	15	0	416
203	203	202609343	203609343	40000	433	24	0	416
204	204	202609344	203609344	40000	437	28	0	416
205	205	202609345	203609345	40000	431	21	0	416
206	206	202609346	203609346	40000	435	17	0	416
207	207	202609347	203609347	40000	442	24	0	416
208	208	202609348	203609348	40000	434	20	0	416
209	209	202609349	203609349	40000	438	20	0	416
210	210	202609350	203609350	40000	434	18	0	416
211	211	202609351	203609351	40000	440	20	0	416
212	212	202609352	203609352	40000	447	26	0	416
213	213	202609353	203609353	40000	436	19	0	416
214	214	202609354	203609354	40000	428	18	0	416
215	215	202609355	203609355	40000	448	24	0	416
216	216	202609356	203609356	40000	442	24	0	416
217	217	202609357	203609357	40000	433	17	0	416
218	218	202609358	203609358	40000	431	20	0	416
219	219	202609359	203609359	40000	434	15	0	416
220	220	202609360	203609360	40000	445	31	0	416
221	221	202609361	203609361	40000	422	16	0	416
222	222	202609362	203609362	40000	425	14	0	416
223	223	202609363	203609363	40000	431	14	0	416
224	224	202609364	203609364	40000	432	24	0	416
225	225	202609365	203609365	40000	431	23	0	416
226	226	202609366	203609366	40000	430	28	0	416
227	227	202609367	203609367	40000	441	27	0	416
228	228	202609368	203609368	40000	444	24	0	416
229	229	202609369	203609369	40000	446	24	0	416
230	230	202609370	203609370	40000	439	27	0	416
231	231	202609371	203609371	40000	435	21	0	416
232	232	202609372	203609372	40000	434	17	0	416
233	233	202609373	203609373	40000	437	22	0	416
234	234	202609374	203609374	40000	435	21	0	416
235	235	202609375	203609375	40000	434	22	0	416
236	236	202609376	203609376	40000	431	17	0	416
237	237	202609377	203609377	40000	447	28	0	416
238	238	202609378	203609378	40000	438	24	0	416
239	239	202609379	203609379	40000	427	23	0	416
240	240	202609380	203609380	40000	437	29	0	416
241	241	202609381	203609381	40000	431	24	0	416
242	242	202609382	203609382	40000	441	23	0	416
243	243	202609383	203609383	40000	440	17	0	416
244	244	202609384	203609384	40000	438	24	0	416
245	245	202609385	203609385	40000	435	19	0	416
246	246	202609386	203609386	40000	441	29	0	416
247	247	202609387	203609387	40000	433	21	0	416
248	248	202609388	203609388	40000	435	20	0	416
249	249	202609389	203609389	40000	445	28	0	416
250	250	202609390	203609390	40000	431	20	0	416
251	251	202609391	203609391	40000	444	21	0	416
252	252	202609392	203609392	40000	439	21	0	416
253	253	202609393	203609393	40000	431	17	0	416
254	254	202609394	203609394	40000	428	19	0	416
255	255	202609395	203609395	40000	436	22	0	416
256	256	202609396	203609396	40000	431	19	0	416
257	257	202609397	203609397	40000	436	25	0	416
258	258	202609398	203609398	40000	440	28	0	416
259	259	202609399	203609399	40000	436	20	0	416
260	260	202609400	203609400	40000	431	22	0	416
261	261	202609401	203609401	40000	445	25	0	416
262	262	202609402	203609402	40000	435	24	0	416
263	263	202609403	203609403	40000	430	19	0	416
264	264	202609404	203609404	40000	438	26	0	416
265	265	202609405	203609405	40000	434	18	0	416
266	266	202609406	203609406	40000	429	20	0	416
267	267	202609407	203609407	40000	437	20	0	416
268	268	202609408	203609408	40000	431	23	0	416
269	269	202609409	203609409	40000	433	26	0	416
270	270	202609410	203609410	40000	430	17	0	416
271	271	202609411	203609411	40000	428	16	0	416
272	272	202609412	203609412	40000	433	29	0	416
273	273	202609413	203609413	40000	438	21	0	416
274	274	202609414	203609414	40000	435	18	0	416
275	275	202609415	203609415	40000	443	25	0	416
276	276	202609416	203609416	40000	425	18	0	416
277	277	202609417	203609417	40000	433	24	0	416
278	278	202609418	203609418	40000	439	23	0	416
279	279	202609419	203609419	40000	434	22	0	416
280	280	202609420	203609420	40000	434	18	0	416
281	281	202609421	203609421	40000	446	28	0	416
282	282	202609422	203609422	40000	440	25	0	416
283	283	202609423	203609423	40000	430	21	0	416
284	284	202609424	203609424	40000	437	22	0	416
285	285	202609425	203609425	40000	430	19	0	416
286	286	202609426	203609426	40000	425	16	0	416
287	287	202609427	203609427	40000	430	21	0	416
288	288	202609428	203609428	40000	444	29	0	416
289	289	202609429	203609429	40000	435	15	0	416
290	290	202609430	203609430	40000	426	19	0	416
291	291	202609431	203609431	40000	434	16	0	416
292	292	202609432	203609432	40000	427	18	0	416
293	293	202609433	203609433	40000	437	23	0	416
294	294	202609434	203609434	40000	437	23	0	416
295	295	202609435	203609435	40000	436	22	0	416
296	296	202609436	203609436	40000	432	24	0	416
297	297	202609437	203609437	40000	441	27	0	416
298	298	202609438	203609438	40000	437	26	0	416
299	299	202609439	203609439	40000	431	22	0	416
300	300	202609440	203609440	40000	435	28	0	416
