epoch	younger_ma	older_ma	from	to	multiplier
0-3.3	0.0	3.3	AF	AF	1
0-3.3	0.0	3.3	AF	AUS	1e-07
0-3.3	0.0	3.3	AF	CAM	1e-07
0-3.3	0.0	3.3	AF	ENA	1e-07
0-3.3	0.0	3.3	AF	EPA	0.01
0-3.3	0.0	3.3	AF	IND	0.01
0-3.3	0.0	3.3	AF	MDG	0.01
0-3.3	0.0	3.3	AF	ORI	1e-07
0-3.3	0.0	3.3	AF	SAM	1e-07
0-3.3	0.0	3.3	AF	WNA	1e-07
0-3.3	0.0	3.3	AF	WPA	1
0-3.3	0.0	3.3	AUS	AF	1e-07
0-3.3	0.0	3.3	AUS	AUS	1
0-3.3	0.0	3.3	AUS	CAM	1e-07
0-3.3	0.0	3.3	AUS	ENA	1e-07
0-3.3	0.0	3.3	AUS	EPA	0.01
0-3.3	0.0	3.3	AUS	IND	0.01
0-3.3	0.0	3.3	AUS	MDG	1e-07
0-3.3	0.0	3.3	AUS	ORI	0.1
0-3.3	0.0	3.3	AUS	SAM	1e-07
0-3.3	0.0	3.3	AUS	WNA	1e-07
0-3.3	0.0	3.3	AUS	WPA	1e-07
0-3.3	0.0	3.3	CAM	AF	1e-07
0-3.3	0.0	3.3	CAM	AUS	1e-07
0-3.3	0.0	3.3	CAM	CAM	1
0-3.3	0.0	3.3	CAM	ENA	1
0-3.3	0.0	3.3	CAM	EPA	0.01
0-3.3	0.0	3.3	CAM	IND	1e-07
0-3.3	0.0	3.3	CAM	MDG	1e-07
0-3.3	0.0	3.3	CAM	ORI	1e-07
0-3.3	0.0	3.3	CAM	SAM	1
0-3.3	0.0	3.3	CAM	WNA	1
0-3.3	0.0	3.3	CAM	WPA	1e-07
0-3.3	0.0	3.3	ENA	AF	1e-07
0-3.3	0.0	3.3	ENA	AUS	1e-07
0-3.3	0.0	3.3	ENA	CAM	1
0-3.3	0.0	3.3	ENA	ENA	1
0-3.3	0.0	3.3	ENA	EPA	0.01
0-3.3	0.0	3.3	ENA	IND	1e-07
0-3.3	0.0	3.3	ENA	MDG	1e-07
0-3.3	0.0	3.3	ENA	ORI	1e-07
0-3.3	0.0	3.3	ENA	SAM	0.01
0-3.3	0.0	3.3	ENA	WNA	1
0-3.3	0.0	3.3	ENA	WPA	1e-07
0-3.3	0.0	3.3	EPA	AF	0.01
0-3.3	0.0	3.3	EPA	AUS	0.01
0-3.3	0.0	3.3	EPA	CAM	0.01
0-3.3	0.0	3.3	EPA	ENA	0.01
0-3.3	0.0	3.3	EPA	EPA	1
0-3.3	0.0	3.3	EPA	IND	0.1
0-3.3	0.0	3.3	EPA	MDG	1e-07
0-3.3	0.0	3.3	EPA	ORI	1
0-3.3	0.0	3.3	EPA	SAM	1e-07
0-3.3	0.0	3.3	EPA	WNA	0.1
0-3.3	0.0	3.3	EPA	WPA	1
0-3.3	0.0	3.3	IND	AF	0.01
0-3.3	0.0	3.3	IND	AUS	0.01
0-3.3	0.0	3.3	IND	CAM	1e-07
0-3.3	0.0	3.3	IND	ENA	1e-07
0-3.3	0.0	3.3	IND	EPA	0.1
0-3.3	0.0	3.3	IND	IND	1
0-3.3	0.0	3.3	IND	MDG	0.01
0-3.3	0.0	3.3	IND	ORI	1
0-3.3	0.0	3.3	IND	SAM	1e-07
0-3.3	0.0	3.3	IND	WNA	0.01
0-3.3	0.0	3.3	IND	WPA	0.1
0-3.3	0.0	3.3	MDG	AF	0.01
0-3.3	0.0	3.3	MDG	AUS	1e-07
0-3.3	0.0	3.3	MDG	CAM	1e-07
0-3.3	0.0	3.3	MDG	ENA	1e-07
0-3.3	0.0	3.3	MDG	EPA	1e-07
0-3.3	0.0	3.3	MDG	IND	0.01
0-3.3	0.0	3.3	MDG	MDG	1
0-3.3	0.0	3.3	MDG	ORI	0.01
0-3.3	0.0	3.3	MDG	SAM	1e-07
0-3.3	0.0	3.3	MDG	WNA	1e-07
0-3.3	0.0	3.3	MDG	WPA	1e-07
0-3.3	0.0	3.3	ORI	AF	1e-07
0-3.3	0.0	3.3	ORI	AUS	0.1
0-3.3	0.0	3.3	ORI	CAM	1e-07
0-3.3	0.0	3.3	ORI	ENA	1e-07
0-3.3	0.0	3.3	ORI	EPA	1
0-3.3	0.0	3.3	ORI	IND	1
0-3.3	0.0	3.3	ORI	MDG	0.01
0-3.3	0.0	3.3	ORI	ORI	1
0-3.3	0.0	3.3	ORI	SAM	1e-07
0-3.3	0.0	3.3	ORI	WNA	0.01
0-3.3	0.0	3.3	ORI	WPA	0.01
0-3.3	0.0	3.3	SAM	AF	1e-07
0-3.3	0.0	3.3	SAM	AUS	1e-07
0-3.3	0.0	3.3	SAM	CAM	1
0-3.3	0.0	3.3	SAM	ENA	0.01
0-3.3	0.0	3.3	SAM	EPA	1e-07
0-3.3	0.0	3.3	SAM	IND	1e-07
0-3.3	0.0	3.3	SAM	MDG	1e-07
0-3.3	0.0	3.3	SAM	ORI	1e-07
0-3.3	0.0	3.3	SAM	SAM	1
0-3.3	0.0	3.3	SAM	WNA	0.01
0-3.3	0.0	3.3	SAM	WPA	1e-07
0-3.3	0.0	3.3	WNA	AF	1e-07
0-3.3	0.0	3.3	WNA	AUS	1e-07
0-3.3	0.0	3.3	WNA	CAM	1
0-3.3	0.0	3.3	WNA	ENA	1
0-3.3	0.0	3.3	WNA	EPA	0.1
0-3.3	0.0	3.3	WNA	IND	0.01
0-3.3	0.0	3.3	WNA	MDG	1e-07
0-3.3	0.0	3.3	WNA	ORI	0.01
0-3.3	0.0	3.3	WNA	SAM	0.01
0-3.3	0.0	3.3	WNA	WNA	1
0-3.3	0.0	3.3	WNA	WPA	0.01
0-3.3	0.0	3.3	WPA	AF	1
0-3.3	0.0	3.3	WPA	AUS	1e-07
0-3.3	0.0	3.3	WPA	CAM	1e-07
0-3.3	0.0	3.3	WPA	ENA	1e-07
0-3.3	0.0	3.3	WPA	EPA	1
0-3.3	0.0	3.3	WPA	IND	0.1
0-3.3	0.0	3.3	WPA	MDG	1e-07
0-3.3	0.0	3.3	WPA	ORI	0.01
0-3.3	0.0	3.3	WPA	SAM	1e-07
0-3.3	0.0	3.3	WPA	WNA	0.01
0-3.3	0.0	3.3	WPA	WPA	1
3.3-13.9	3.3	13.9	AF	AF	1
3.3-13.9	3.3	13.9	AF	AUS	1e-07
3.3-13.9	3.3	13.9	AF	CAM	1e-07
3.3-13.9	3.3	13.9	AF	ENA	1e-07
3.3-13.9	3.3	13.9	AF	EPA	0.01
3.3-13.9	3.3	13.9	AF	IND	0.01
3.3-13.9	3.3	13.9	AF	MDG	0.01
3.3-13.9	3.3	13.9	AF	ORI	1e-07
3.3-13.9	3.3	13.9	AF	SAM	1e-07
3.3-13.9	3.3	13.9	AF	WNA	1e-07
3.3-13.9	3.3	13.9	AF	WPA	1
3.3-13.9	3.3	13.9	AUS	AF	1e-07
3.3-13.9	3.3	13.9	AUS	AUS	1
3.3-13.9	3.3	13.9	AUS	CAM	1e-07
3.3-13.9	3.3	13.9	AUS	ENA	1e-07
3.3-13.9	3.3	13.9	AUS	EPA	0.01
3.3-13.9	3.3	13.9	AUS	IND	0.01
3.3-13.9	3.3	13.9	AUS	MDG	1e-07
3.3-13.9	3.3	13.9	AUS	ORI	0.1
3.3-13.9	3.3	13.9	AUS	SAM	1e-07
3.3-13.9	3.3	13.9	AUS	WNA	1e-07
3.3-13.9	3.3	13.9	AUS	WPA	1e-07
3.3-13.9	3.3	13.9	CAM	AF	1e-07
3.3-13.9	3.3	13.9	CAM	AUS	1e-07
3.3-13.9	3.3	13.9	CAM	CAM	1
3.3-13.9	3.3	13.9	CAM	ENA	1
3.3-13.9	3.3	13.9	CAM	EPA	0.01
3.3-13.9	3.3	13.9	CAM	IND	1e-07
3.3-13.9	3.3	13.9	CAM	MDG	1e-07
3.3-13.9	3.3	13.9	CAM	ORI	1e-07
3.3-13.9	3.3	13.9	CAM	SAM	0.1
3.3-13.9	3.3	13.9	CAM	WNA	1
3.3-13.9	3.3	13.9	CAM	WPA	1e-07
3.3-13.9	3.3	13.9	ENA	AF	1e-07
3.3-13.9	3.3	13.9	ENA	AUS	1e-07
3.3-13.9	3.3	13.9	ENA	CAM	1
3.3-13.9	3.3	13.9	ENA	ENA	1
3.3-13.9	3.3	13.9	ENA	EPA	0.01
3.3-13.9	3.3	13.9	ENA	IND	1e-07
3.3-13.9	3.3	13.9	ENA	MDG	1e-07
3.3-13.9	3.3	13.9	ENA	ORI	1e-07
3.3-13.9	3.3	13.9	ENA	SAM	0.01
3.3-13.9	3.3	13.9	ENA	WNA	1
3.3-13.9	3.3	13.9	ENA	WPA	1e-07
3.3-13.9	3.3	13.9	EPA	AF	0.01
3.3-13.9	3.3	13.9	EPA	AUS	0.01
3.3-13.9	3.3	13.9	EPA	CAM	0.01
3.3-13.9	3.3	13.9	EPA	ENA	0.01
3.3-13.9	3.3	13.9	EPA	EPA	1
3.3-13.9	3.3	13.9	EPA	IND	0.1
3.3-13.9	3.3	13.9	EPA	MDG	1e-07
3.3-13.9	3.3	13.9	EPA	ORI	1
3.3-13.9	3.3	13.9	EPA	SAM	1e-07
3.3-13.9	3.3	13.9	EPA	WNA	0.1
3.3-13.9	3.3	13.9	EPA	WPA	1
3.3-13.9	3.3	13.9	IND	AF	0.01
3.3-13.9	3.3	13.9	IND	AUS	0.01
3.3-13.9	3.3	13.9	IND	CAM	1e-07
3.3-13.9	3.3	13.9	IND	ENA	1e-07
3.3-13.9	3.3	13.9	IND	EPA	0.1
3.3-13.9	3.3	13.9	IND	IND	1
3.3-13.9	3.3	13.9	IND	MDG	0.01
3.3-13.9	3.3	13.9	IND	ORI	1
3.3-13.9	3.3	13.9	IND	SAM	1e-07
3.3-13.9	3.3	13.9	IND	WNA	0.01
3.3-13.9	3.3	13.9	IND	WPA	0.1
3.3-13.9	3.3	13.9	MDG	AF	0.01
3.3-13.9	3.3	13.9	MDG	AUS	1e-07
3.3-13.9	3.3	13.9	MDG	CAM	1e-07
3.3-13.9	3.3	13.9	MDG	ENA	1e-07
3.3-13.9	3.3	13.9	MDG	EPA	1e-07
3.3-13.9	3.3	13.9	MDG	IND	0.01
3.3-13.9	3.3	13.9	MDG	MDG	1
3.3-13.9	3.3	13.9	MDG	ORI	0.01
3.3-13.9	3.3	13.9	MDG	SAM	1e-07
3.3-13.9	3.3	13.9	MDG	WNA	1e-07
3.3-13.9	3.3	13.9	MDG	WPA	1e-07
3.3-13.9	3.3	13.9	ORI	AF	1e-07
3.3-13.9	3.3	13.9	ORI	AUS	0.1
3.3-13.9	3.3	13.9	ORI	CAM	1e-07
3.3-13.9	3.3	13.9	ORI	ENA	1e-07
3.3-13.9	3.3	13.9	ORI	EPA	1
3.3-13.9	3.3	13.9	ORI	IND	1
3.3-13.9	3.3	13.9	ORI	MDG	0.01
3.3-13.9	3.3	13.9	ORI	ORI	1
3.3-13.9	3.3	13.9	ORI	SAM	1e-07
3.3-13.9	3.3	13.9	ORI	WNA	0.01
3.3-13.9	3.3	13.9	ORI	WPA	0.01
3.3-13.9	3.3	13.9	SAM	AF	1e-07
3.3-13.9	3.3	13.9	SAM	AUS	1e-07
3.3-13.9	3.3	13.9	SAM	CAM	0.1
3.3-13.9	3.3	13.9	SAM	ENA	0.01
3.3-13.9	3.3	13.9	SAM	EPA	1e-07
3.3-13.9	3.3	13.9	SAM	IND	1e-07
3.3-13.9	3.3	13.9	SAM	MDG	1e-07
3.3-13.9	3.3	13.9	SAM	ORI	1e-07
3.3-13.9	3.3	13.9	SAM	SAM	1
3.3-13.9	3.3	13.9	SAM	WNA	0.01
3.3-13.9	3.3	13.9	SAM	WPA	1e-07
3.3-13.9	3.3	13.9	WNA	AF	1e-07
3.3-13.9	3.3	13.9	WNA	AUS	1e-07
3.3-13.9	3.3	13.9	WNA	CAM	1
3.3-13.9	3.3	13.9	WNA	ENA	1
3.3-13.9	3.3	13.9	WNA	EPA	0.1
3.3-13.9	3.3	13.9	WNA	IND	0.01
3.3-13.9	3.3	13.9	WNA	MDG	1e-07
3.3-13.9	3.3	13.9	WNA	ORI	0.01
3.3-13.9	3.3	13.9	WNA	SAM	0.01
3.3-13.9	3.3	13.9	WNA	WNA	1
3.3-13.9	3.3	13.9	WNA	WPA	0.01
3.3-13.9	3.3	13.9	WPA	AF	1
3.3-13.9	3.3	13.9	WPA	AUS	1e-07
3.3-13.9	3.3	13.9	WPA	CAM	1e-07
3.3-13.9	3.3	13.9	WPA	ENA	1e-07
3.3-13.9	3.3	13.9	WPA	EPA	1
3.3-13.9	3.3	13.9	WPA	IND	0.1
3.3-13.9	3.3	13.9	WPA	MDG	1e-07
3.3-13.9	3.3	13.9	WPA	ORI	0.01
3.3-13.9	3.3	13.9	WPA	SAM	1e-07
3.3-13.9	3.3	13.9	WPA	WNA	0.01
3.3-13.9	3.3	13.9	WPA	WPA	1
13.9-23.03	13.9	23.03	AF	AF	1
13.9-23.03	13.9	23.03	AF	AUS	1e-07
13.9-23.03	13.9	23.03	AF	CAM	1e-07
13.9-23.03	13.9	23.03	AF	ENA	1e-07
13.9-23.03	13.9	23.03	AF	EPA	0.01
13.9-23.03	13.9	23.03	AF	IND	0.01
13.9-23.03	13.9	23.03	AF	MDG	0.01
13.9-23.03	13.9	23.03	AF	ORI	1e-07
13.9-23.03	13.9	23.03	AF	SAM	1e-07
13.9-23.03	13.9	23.03	AF	WNA	1e-07
13.9-23.03	13.9	23.03	AF	WPA	0.1
13.9-23.03	13.9	23.03	AUS	AF	1e-07
13.9-23.03	13.9	23.03	AUS	AUS	1
13.9-23.03	13.9	23.03	AUS	CAM	1e-07
13.9-23.03	13.9	23.03	AUS	ENA	1e-07
13.9-23.03	13.9	23.03	AUS	EPA	0.01
13.9-23.03	13.9	23.03	AUS	IND	0.01
13.9-23.03	13.9	23.03	AUS	MDG	1e-07
13.9-23.03	13.9	23.03	AUS	ORI	0.1
13.9-23.03	13.9	23.03	AUS	SAM	1e-07
13.9-23.03	13.9	23.03	AUS	WNA	1e-07
13.9-23.03	13.9	23.03	AUS	WPA	1e-07
13.9-23.03	13.9	23.03	CAM	AF	1e-07
13.9-23.03	13.9	23.03	CAM	AUS	1e-07
13.9-23.03	13.9	23.03	CAM	CAM	1
13.9-23.03	13.9	23.03	CAM	ENA	1
13.9-23.03	13.9	23.03	CAM	EPA	0.01
13.9-23.03	13.9	23.03	CAM	IND	1e-07
13.9-23.03	13.9	23.03	CAM	MDG	1e-07
13.9-23.03	13.9	23.03	CAM	ORI	1e-07
13.9-23.03	13.9	23.03	CAM	SAM	0.1
13.9-23.03	13.9	23.03	CAM	WNA	1
13.9-23.03	13.9	23.03	CAM	WPA	1e-07
13.9-23.03	13.9	23.03	ENA	AF	1e-07
13.9-23.03	13.9	23.03	ENA	AUS	1e-07
13.9-23.03	13.9	23.03	ENA	CAM	1
13.9-23.03	13.9	23.03	ENA	ENA	1
13.9-23.03	13.9	23.03	ENA	EPA	0.01
13.9-23.03	13.9	23.03	ENA	IND	1e-07
13.9-23.03	13.9	23.03	ENA	MDG	1e-07
13.9-23.03	13.9	23.03	ENA	ORI	1e-07
13.9-23.03	13.9	23.03	ENA	SAM	0.01
13.9-23.03	13.9	23.03	ENA	WNA	1
13.9-23.03	13.9	23.03	ENA	WPA	0.01
13.9-23.03	13.9	23.03	EPA	AF	0.01
13.9-23.03	13.9	23.03	EPA	AUS	0.01
13.9-23.03	13.9	23.03	EPA	CAM	0.01
13.9-23.03	13.9	23.03	EPA	ENA	0.01
13.9-23.03	13.9	23.03	EPA	EPA	1
13.9-23.03	13.9	23.03	EPA	IND	0.1
13.9-23.03	13.9	23.03	EPA	MDG	1e-07
13.9-23.03	13.9	23.03	EPA	ORI	1
13.9-23.03	13.9	23.03	EPA	SAM	1e-07
13.9-23.03	13.9	23.03	EPA	WNA	0.1
13.9-23.03	13.9	23.03	EPA	WPA	1
13.9-23.03	13.9	23.03	IND	AF	0.01
13.9-23.03	13.9	23.03	IND	AUS	0.01
13.9-23.03	13.9	23.03	IND	CAM	1e-07
13.9-23.03	13.9	23.03	IND	ENA	1e-07
13.9-23.03	13.9	23.03	IND	EPA	0.1
13.9-23.03	13.9	23.03	IND	IND	1
13.9-23.03	13.9	23.03	IND	MDG	0.01
13.9-23.03	13.9	23.03	IND	ORI	1
13.9-23.03	13.9	23.03	IND	SAM	1e-07
13.9-23.03	13.9	23.03	IND	WNA	0.01
13.9-23.03	13.9	23.03	IND	WPA	0.1
13.9-23.03	13.9	23.03	MDG	AF	0.01
13.9-23.03	13.9	23.03	MDG	AUS	1e-07
13.9-23.03	13.9	23.03	MDG	CAM	1e-07
13.9-23.03	13.9	23.03	MDG	ENA	1e-07
13.9-23.03	13.9	23.03	MDG	EPA	1e-07
13.9-23.03	13.9	23.03	MDG	IND	0.01
13.9-23.03	13.9	23.03	MDG	MDG	1
13.9-23.03	13.9	23.03	MDG	ORI	0.01
13.9-23.03	13.9	23.03	MDG	SAM	1e-07
13.9-23.03	13.9	23.03	MDG	WNA	1e-07
13.9-23.03	13.9	23.03	MDG	WPA	1e-07
13.9-23.03	13.9	23.03	ORI	AF	1e-07
13.9-23.03	13.9	23.03	ORI	AUS	0.1
13.9-23.03	13.9	23.03	ORI	CAM	1e-07
13.9-23.03	13.9	23.03	ORI	ENA	1e-07
13.9-23.03	13.9	23.03	ORI	EPA	1
13.9-23.03	13.9	23.03	ORI	IND	1
13.9-23.03	13.9	23.03	ORI	MDG	0.01
13.9-23.03	13.9	23.03	ORI	ORI	1
13.9-23.03	13.9	23.03	ORI	SAM	1e-07
13.9-23.03	13.9	23.03	ORI	WNA	0.01
13.9-23.03	13.9	23.03	ORI	WPA	0.01
13.9-23.03	13.9	23.03	SAM	AF	1e-07
13.9-23.03	13.9	23.03	SAM	AUS	1e-07
13.9-23.03	13.9	23.03	SAM	CAM	0.1
13.9-23.03	13.9	23.03	SAM	ENA	0.01
13.9-23.03	13.9	23.03	SAM	EPA	1e-07
13.9-23.03	13.9	23.03	SAM	IND	1e-07
13.9-23.03	13.9	23.03	SAM	MDG	1e-07
13.9-23.03	13.9	23.03	SAM	ORI	1e-07
13.9-23.03	13.9	23.03	SAM	SAM	1
13.9-23.03	13.9	23.03	SAM	WNA	0.01
13.9-23.03	13.9	23.03	SAM	WPA	1e-07
13.9-23.03	13.9	23.03	WNA	AF	1e-07
13.9-23.03	13.9	23.03	WNA	AUS	1e-07
13.9-23.03	13.9	23.03	WNA	CAM	1
13.9-23.03	13.9	23.03	WNA	ENA	1
13.9-23.03	13.9	23.03	WNA	EPA	0.1
13.9-23.03	13.9	23.03	WNA	IND	0.01
13.9-23.03	13.9	23.03	WNA	MDG	1e-07
13.9-23.03	13.9	23.03	WNA	ORI	0.01
13.9-23.03	13.9	23.03	WNA	SAM	0.01
13.9-23.03	13.9	23.03	WNA	WNA	1
13.9-23.03	13.9	23.03	WNA	WPA	0.01
13.9-23.03	13.9	23.03	WPA	AF	0.1
13.9-23.03	13.9	23.03	WPA	AUS	1e-07
13.9-23.03	13.9	23.03	WPA	CAM	1e-07
13.9-23.03	13.9	23.03	WPA	ENA	0.01
13.9-23.03	13.9	23.03	WPA	EPA	1
13.9-23.03	13.9	23.03	WPA	IND	0.1
13.9-23.03	13.9	23.03	WPA	MDG	1e-07
13.9-23.03	13.9	23.03	WPA	ORI	0.01
13.9-23.03	13.9	23.03	WPA	SAM	1e-07
13.9-23.03	13.9	23.03	WPA	WNA	0.01
13.9-23.03	13.9	23.03	WPA	WPA	1
23.03-33.9	23.03	33.9	AF	AF	1
23.03-33.9	23.03	33.9	AF	AUS	1e-07
23.03-33.9	23.03	33.9	AF	CAM	1e-07
23.03-33.9	23.03	33.9	AF	ENA	1e-07
23.03-33.9	23.03	33.9	AF	EPA	1e-07
23.03-33.9	23.03	33.9	AF	IND	1e-07
23.03-33.9	23.03	33.9	AF	MDG	0.01
23.03-33.9	23.03	33.9	AF	ORI	1e-07
23.03-33.9	23.03	33.9	AF	SAM	1e-07
23.03-33.9	23.03	33.9	AF	WNA	1e-07
23.03-33.9	23.03	33.9	AF	WPA	0.01
23.03-33.9	23.03	33.9	AUS	AF	1e-07
23.03-33.9	23.03	33.9	AUS	AUS	1
23.03-33.9	23.03	33.9	AUS	CAM	1e-07
23.03-33.9	23.03	33.9	AUS	ENA	1e-07
23.03-33.9	23.03	33.9	AUS	EPA	1e-07
23.03-33.9	23.03	33.9	AUS	IND	1e-07
23.03-33.9	23.03	33.9	AUS	MDG	1e-07
23.03-33.9	23.03	33.9	AUS	ORI	0.01
23.03-33.9	23.03	33.9	AUS	SAM	1e-07
23.03-33.9	23.03	33.9	AUS	WNA	1e-07
23.03-33.9	23.03	33.9	AUS	WPA	1e-07
23.03-33.9	23.03	33.9	CAM	AF	1e-07
23.03-33.9	23.03	33.9	CAM	AUS	1e-07
23.03-33.9	23.03	33.9	CAM	CAM	1
23.03-33.9	23.03	33.9	CAM	ENA	1
23.03-33.9	23.03	33.9	CAM	EPA	0.01
23.03-33.9	23.03	33.9	CAM	IND	1e-07
23.03-33.9	23.03	33.9	CAM	MDG	1e-07
23.03-33.9	23.03	33.9	CAM	ORI	1e-07
23.03-33.9	23.03	33.9	CAM	SAM	0.01
23.03-33.9	23.03	33.9	CAM	WNA	1
23.03-33.9	23.03	33.9	CAM	WPA	1e-07
23.03-33.9	23.03	33.9	ENA	AF	1e-07
23.03-33.9	23.03	33.9	ENA	AUS	1e-07
23.03-33.9	23.03	33.9	ENA	CAM	1
23.03-33.9	23.03	33.9	ENA	ENA	1
23.03-33.9	23.03	33.9	ENA	EPA	0.01
23.03-33.9	23.03	33.9	ENA	IND	1e-07
23.03-33.9	23.03	33.9	ENA	MDG	1e-07
23.03-33.9	23.03	33.9	ENA	ORI	1e-07
23.03-33.9	23.03	33.9	ENA	SAM	1e-07
23.03-33.9	23.03	33.9	ENA	WNA	1
23.03-33.9	23.03	33.9	ENA	WPA	0.01
23.03-33.9	23.03	33.9	EPA	AF	1e-07
23.03-33.9	23.03	33.9	EPA	AUS	1e-07
23.03-33.9	23.03	33.9	EPA	CAM	0.01
23.03-33.9	23.03	33.9	EPA	ENA	0.01
23.03-33.9	23.03	33.9	EPA	EPA	1
23.03-33.9	23.03	33.9	EPA	IND	0.1
23.03-33.9	23.03	33.9	EPA	MDG	1e-07
23.03-33.9	23.03	33.9	EPA	ORI	1
23.03-33.9	23.03	33.9	EPA	SAM	1e-07
23.03-33.9	23.03	33.9	EPA	WNA	0.1
23.03-33.9	23.03	33.9	EPA	WPA	1
23.03-33.9	23.03	33.9	IND	AF	1e-07
23.03-33.9	23.03	33.9	IND	AUS	1e-07
23.03-33.9	23.03	33.9	IND	CAM	1e-07
23.03-33.9	23.03	33.9	IND	ENA	1e-07
23.03-33.9	23.03	33.9	IND	EPA	0.1
23.03-33.9	23.03	33.9	IND	IND	1
23.03-33.9	23.03	33.9	IND	MDG	0.01
23.03-33.9	23.03	33.9	IND	ORI	1
23.03-33.9	23.03	33.9	IND	SAM	1e-07
23.03-33.9	23.03	33.9	IND	WNA	0.01
23.03-33.9	23.03	33.9	IND	WPA	0.1
23.03-33.9	23.03	33.9	MDG	AF	0.01
23.03-33.9	23.03	33.9	MDG	AUS	1e-07
23.03-33.9	23.03	33.9	MDG	CAM	1e-07
23.03-33.9	23.03	33.9	MDG	ENA	1e-07
23.03-33.9	23.03	33.9	MDG	EPA	1e-07
23.03-33.9	23.03	33.9	MDG	IND	0.01
23.03-33.9	23.03	33.9	MDG	MDG	1
23.03-33.9	23.03	33.9	MDG	ORI	0.01
23.03-33.9	23.03	33.9	MDG	SAM	1e-07
23.03-33.9	23.03	33.9	MDG	WNA	1e-07
23.03-33.9	23.03	33.9	MDG	WPA	1e-07
23.03-33.9	23.03	33.9	ORI	AF	1e-07
23.03-33.9	23.03	33.9	ORI	AUS	0.01
23.03-33.9	23.03	33.9	ORI	CAM	1e-07
23.03-33.9	23.03	33.9	ORI	ENA	1e-07
23.03-33.9	23.03	33.9	ORI	EPA	1
23.03-33.9	23.03	33.9	ORI	IND	1
23.03-33.9	23.03	33.9	ORI	MDG	0.01
23.03-33.9	23.03	33.9	ORI	ORI	1
23.03-33.9	23.03	33.9	ORI	SAM	1e-07
23.03-33.9	23.03	33.9	ORI	WNA	0.01
23.03-33.9	23.03	33.9	ORI	WPA	0.01
23.03-33.9	23.03	33.9	SAM	AF	1e-07
23.03-33.9	23.03	33.9	SAM	AUS	1e-07
23.03-33.9	23.03	33.9	SAM	CAM	0.01
23.03-33.9	23.03	33.9	SAM	ENA	1e-07
23.03-33.9	23.03	33.9	SAM	EPA	1e-07
23.03-33.9	23.03	33.9	SAM	IND	1e-07
23.03-33.9	23.03	33.9	SAM	MDG	1e-07
23.03-33.9	23.03	33.9	SAM	ORI	1e-07
23.03-33.9	23.03	33.9	SAM	SAM	1
23.03-33.9	23.03	33.9	SAM	WNA	1e-07
23.03-33.9	23.03	33.9	SAM	WPA	1e-07
23.03-33.9	23.03	33.9	WNA	AF	1e-07
23.03-33.9	23.03	33.9	WNA	AUS	1e-07
23.03-33.9	23.03	33.9	WNA	CAM	1
23.03-33.9	23.03	33.9	WNA	ENA	1
23.03-33.9	23.03	33.9	WNA	EPA	0.1
23.03-33.9	23.03	33.9	WNA	IND	0.01
23.03-33.9	23.03	33.9	WNA	MDG	1e-07
23.03-33.9	23.03	33.9	WNA	ORI	0.01
23.03-33.9	23.03	33.9	WNA	SAM	1e-07
23.03-33.9	23.03	33.9	WNA	WNA	1
23.03-33.9	23.03	33.9	WNA	WPA	0.01
23.03-33.9	23.03	33.9	WPA	AF	0.01
23.03-33.9	23.03	33.9	WPA	AUS	1e-07
23.03-33.9	23.03	33.9	WPA	CAM	1e-07
23.03-33.9	23.03	33.9	WPA	ENA	0.01
23.03-33.9	23.03	33.9	WPA	EPA	1
23.03-33.9	23.03	33.9	WPA	IND	0.1
23.03-33.9	23.03	33.9	WPA	MDG	1e-07
23.03-33.9	23.03	33.9	WPA	ORI	0.01
23.03-33.9	23.03	33.9	WPA	SAM	1e-07
23.03-33.9	23.03	33.9	WPA	WNA	0.01
23.03-33.9	23.03	33.9	WPA	WPA	1
33.9-45	33.9	45.0	AF	AF	1
33.9-45	33.9	45.0	AF	AUS	1e-07
33.9-45	33.9	45.0	AF	CAM	1e-07
33.9-45	33.9	45.0	AF	ENA	1e-07
33.9-45	33.9	45.0	AF	EPA	1e-07
33.9-45	33.9	45.0	AF	IND	1e-07
33.9-45	33.9	45.0	AF	MDG	0.01
33.9-45	33.9	45.0	AF	ORI	1e-07
33.9-45	33.9	45.0	AF	SAM	1e-07
33.9-45	33.9	45.0	AF	WNA	1e-07
33.9-45	33.9	45.0	AF	WPA	0.01
33.9-45	33.9	45.0	AUS	AF	1e-07
33.9-45	33.9	45.0	AUS	AUS	1
33.9-45	33.9	45.0	AUS	CAM	1e-07
33.9-45	33.9	45.0	AUS	ENA	1e-07
33.9-45	33.9	45.0	AUS	EPA	1e-07
33.9-45	33.9	45.0	AUS	IND	1e-07
33.9-45	33.9	45.0	AUS	MDG	1e-07
33.9-45	33.9	45.0	AUS	ORI	0.01
33.9-45	33.9	45.0	AUS	SAM	1e-07
33.9-45	33.9	45.0	AUS	WNA	1e-07
33.9-45	33.9	45.0	AUS	WPA	1e-07
33.9-45	33.9	45.0	CAM	AF	1e-07
33.9-45	33.9	45.0	CAM	AUS	1e-07
33.9-45	33.9	45.0	CAM	CAM	1
33.9-45	33.9	45.0	CAM	ENA	1
33.9-45	33.9	45.0	CAM	EPA	0.01
33.9-45	33.9	45.0	CAM	IND	1e-07
33.9-45	33.9	45.0	CAM	MDG	1e-07
33.9-45	33.9	45.0	CAM	ORI	1e-07
33.9-45	33.9	45.0	CAM	SAM	0.01
33.9-45	33.9	45.0	CAM	WNA	1
33.9-45	33.9	45.0	CAM	WPA	1e-07
33.9-45	33.9	45.0	ENA	AF	1e-07
33.9-45	33.9	45.0	ENA	AUS	1e-07
33.9-45	33.9	45.0	ENA	CAM	1
33.9-45	33.9	45.0	ENA	ENA	1
33.9-45	33.9	45.0	ENA	EPA	0.01
33.9-45	33.9	45.0	ENA	IND	1e-07
33.9-45	33.9	45.0	ENA	MDG	1e-07
33.9-45	33.9	45.0	ENA	ORI	1e-07
33.9-45	33.9	45.0	ENA	SAM	1e-07
33.9-45	33.9	45.0	ENA	WNA	1
33.9-45	33.9	45.0	ENA	WPA	0.01
33.9-45	33.9	45.0	EPA	AF	1e-07
33.9-45	33.9	45.0	EPA	AUS	1e-07
33.9-45	33.9	45.0	EPA	CAM	0.01
33.9-45	33.9	45.0	EPA	ENA	0.01
33.9-45	33.9	45.0	EPA	EPA	1
33.9-45	33.9	45.0	EPA	IND	0.1
33.9-45	33.9	45.0	EPA	MDG	1e-07
33.9-45	33.9	45.0	EPA	ORI	1
33.9-45	33.9	45.0	EPA	SAM	1e-07
33.9-45	33.9	45.0	EPA	WNA	0.1
33.9-45	33.9	45.0	EPA	WPA	1
33.9-45	33.9	45.0	IND	AF	1e-07
33.9-45	33.9	45.0	IND	AUS	1e-07
33.9-45	33.9	45.0	IND	CAM	1e-07
33.9-45	33.9	45.0	IND	ENA	1e-07
33.9-45	33.9	45.0	IND	EPA	0.1
33.9-45	33.9	45.0	IND	IND	1
33.9-45	33.9	45.0	IND	MDG	0.01
33.9-45	33.9	45.0	IND	ORI	1
33.9-45	33.9	45.0	IND	SAM	1e-07
33.9-45	33.9	45.0	IND	WNA	0.01
33.9-45	33.9	45.0	IND	WPA	0.1
33.9-45	33.9	45.0	MDG	AF	0.01
33.9-45	33.9	45.0	MDG	AUS	1e-07
33.9-45	33.9	45.0	MDG	CAM	1e-07
33.9-45	33.9	45.0	MDG	ENA	1e-07
33.9-45	33.9	45.0	MDG	EPA	1e-07
33.9-45	33.9	45.0	MDG	IND	0.01
33.9-45	33.9	45.0	MDG	MDG	1
33.9-45	33.9	45.0	MDG	ORI	0.01
33.9-45	33.9	45.0	MDG	SAM	1e-07
33.9-45	33.9	45.0	MDG	WNA	1e-07
33.9-45	33.9	45.0	MDG	WPA	1e-07
33.9-45	33.9	45.0	ORI	AF	1e-07
33.9-45	33.9	45.0	ORI	AUS	0.01
33.9-45	33.9	45.0	ORI	CAM	1e-07
33.9-45	33.9	45.0	ORI	ENA	1e-07
33.9-45	33.9	45.0	ORI	EPA	1
33.9-45	33.9	45.0	ORI	IND	1
33.9-45	33.9	45.0	ORI	MDG	0.01
33.9-45	33.9	45.0	ORI	ORI	1
33.9-45	33.9	45.0	ORI	SAM	1e-07
33.9-45	33.9	45.0	ORI	WNA	0.01
33.9-45	33.9	45.0	ORI	WPA	0.01
33.9-45	33.9	45.0	SAM	AF	1e-07
33.9-45	33.9	45.0	SAM	AUS	1e-07
33.9-45	33.9	45.0	SAM	CAM	0.01
33.9-45	33.9	45.0	SAM	ENA	1e-07
33.9-45	33.9	45.0	SAM	EPA	1e-07
33.9-45	33.9	45.0	SAM	IND	1e-07
33.9-45	33.9	45.0	SAM	MDG	1e-07
33.9-45	33.9	45.0	SAM	ORI	1e-07
33.9-45	33.9	45.0	SAM	SAM	1
33.9-45	33.9	45.0	SAM	WNA	1e-07
33.9-45	33.9	45.0	SAM	WPA	1e-07
33.9-45	33.9	45.0	WNA	AF	1e-07
33.9-45	33.9	45.0	WNA	AUS	1e-07
33.9-45	33.9	45.0	WNA	CAM	1
33.9-45	33.9	45.0	WNA	ENA	1
33.9-45	33.9	45.0	WNA	EPA	0.1
33.9-45	33.9	45.0	WNA	IND	0.01
33.9-45	33.9	45.0	WNA	MDG	1e-07
33.9-45	33.9	45.0	WNA	ORI	0.01
33.9-45	33.9	45.0	WNA	SAM	1e-07
33.9-45	33.9	45.0	WNA	WNA	1
33.9-45	33.9	45.0	WNA	WPA	0.01
33.9-45	33.9	45.0	WPA	AF	0.01
33.9-45	33.9	45.0	WPA	AUS	1e-07
33.9-45	33.9	45.0	WPA	CAM	1e-07
33.9-45	33.9	45.0	WPA	ENA	0.01
33.9-45	33.9	45.0	WPA	EPA	1
33.9-45	33.9	45.0	WPA	IND	0.1
33.9-45	33.9	45.0	WPA	MDG	1e-07
33.9-45	33.9	45.0	WPA	ORI	0.01
33.9-45	33.9	45.0	WPA	SAM	1e-07
33.9-45	33.9	45.0	WPA	WNA	0.01
33.9-45	33.9	45.0	WPA	WPA	1
