variant_id	variant_role	is_primary	byte_identical_to_primary	thorough	smooth	tree_path	node_id	anchor_tip_1	anchor_tip_2	mrca_node	node_position_exact	descendant_set_exact	descendant_tip_count	node_age_ma	node_age_descendant_tip_min_ma	node_age_descendant_tip_max_ma	node_age_descendant_tip_range_ma	calibrated	interval_role	lower_bound_ma	upper_bound_ma	within_calibration_bounds	distance_above_lower_ma	distance_below_upper_ma	lower_boundary_hit	upper_boundary_hit	root_to_tip_min_ma	root_to_tip_max_ma	root_to_tip_range_ma	age_definition	primary_node_age_ma	age_difference_from_primary_ma	absolute_age_difference_from_primary_ma	max_abs_focal_node_age_difference_from_primary_ma	max_abs_all_internal_node_age_difference_from_primary_ma
primary_thorough_smooth_1e-10	primary	TRUE	TRUE	TRUE	1e-10	/home/data/t200301/xjt/Hesperiinae_review/treePL_R2_3_T25_deep_only_20260904_000707/output/T25_deep_only_dated.tre	CROWN_PAPILIONOIDEA	Parnassius_apollo_ncbi	Aeromachus_catocyanea_mydata	496	TRUE	TRUE	495	91.5046004848485	91.504598	91.504603	4.99999998737621e-06	TRUE	treePL calibration	91.5046	100.8925	TRUE	4.84848499127111e-07	9.3878995151515	TRUE	FALSE	91.504598	91.504603	4.99999998737621e-06	mean node-to-descendant-tip path length; min/max/range retained for serialization diagnostics	91.5046004848485	0	0	0	0
primary_thorough_smooth_1e-10	primary	TRUE	TRUE	TRUE	1e-10	/home/data/t200301/xjt/Hesperiinae_review/treePL_R2_3_T25_deep_only_20260904_000707/output/T25_deep_only_dated.tre	CROWN_PAPILIONIDAE_NONBARONIA	Parnassius_apollo_ncbi	Graphium_cloanthus_mydata	497	TRUE	TRUE	7	52.9472997142857	52.947299	52.9473	1.0000000116861e-06	TRUE	treePL calibration	44.1968	52.9473	TRUE	8.75049971428571	2.85714286007988e-07	FALSE	TRUE	91.504598	91.504603	4.99999998737621e-06	mean node-to-descendant-tip path length; min/max/range retained for serialization diagnostics	52.9472997142857	0	0	0	0
primary_thorough_smooth_1e-10	primary	TRUE	TRUE	TRUE	1e-10	/home/data/t200301/xjt/Hesperiinae_review/treePL_R2_3_T25_deep_only_20260904_000707/output/T25_deep_only_dated.tre	CROWN_HESPERIINAE	Aeromachus_catocyanea_mydata	Acada_biseriata_kawahara2023	503	TRUE	TRUE	488	42.0830894959016	42.083087	42.083092	4.99999998737621e-06	FALSE	uncalibrated focal comparison	NA	NA	NA	NA	NA	NA	NA	91.504598	91.504603	4.99999998737621e-06	mean node-to-descendant-tip path length; min/max/range retained for serialization diagnostics	42.0830894959016	0	0	0	0
baseline_no_thorough_smooth_1e-10	optimization_diagnostic	FALSE	FALSE	FALSE	1e-10	/home/data/t200301/xjt/Hesperiinae_review/treePL_R2_3_T25_deep_only_20260904_000707/output/T25_deep_only_dated_baseline_no_thorough.tre	CROWN_PAPILIONOIDEA	Parnassius_apollo_ncbi	Aeromachus_catocyanea_mydata	496	TRUE	TRUE	495	91.5046004484849	91.504599	91.504602	3.00000002084744e-06	TRUE	treePL calibration	91.5046	100.8925	TRUE	4.4848485458715e-07	9.38789955151515	TRUE	FALSE	91.504599	91.504602	3.00000002084744e-06	mean node-to-descendant-tip path length; min/max/range retained for serialization diagnostics	91.5046004848485	-3.63636445399607e-08	3.63636445399607e-08	0.0201800409836039	0.392736999999997
baseline_no_thorough_smooth_1e-10	optimization_diagnostic	FALSE	FALSE	FALSE	1e-10	/home/data/t200301/xjt/Hesperiinae_review/treePL_R2_3_T25_deep_only_20260904_000707/output/T25_deep_only_dated_baseline_no_thorough.tre	CROWN_PAPILIONIDAE_NONBARONIA	Parnassius_apollo_ncbi	Graphium_cloanthus_mydata	497	TRUE	TRUE	7	52.9473	52.9473	52.9473	1.4210854715202e-14	TRUE	treePL calibration	44.1968	52.9473	TRUE	8.7505	-7.105427357601e-15	FALSE	TRUE	91.504599	91.504602	3.00000002084744e-06	mean node-to-descendant-tip path length; min/max/range retained for serialization diagnostics	52.9472997142857	2.85714293113415e-07	2.85714293113415e-07	0.0201800409836039	0.392736999999997
baseline_no_thorough_smooth_1e-10	optimization_diagnostic	FALSE	FALSE	FALSE	1e-10	/home/data/t200301/xjt/Hesperiinae_review/treePL_R2_3_T25_deep_only_20260904_000707/output/T25_deep_only_dated_baseline_no_thorough.tre	CROWN_HESPERIINAE	Aeromachus_catocyanea_mydata	Acada_biseriata_kawahara2023	503	TRUE	TRUE	488	42.062909454918	42.062908	42.062911	3.00000002084744e-06	FALSE	uncalibrated focal comparison	NA	NA	NA	NA	NA	NA	NA	91.504599	91.504602	3.00000002084744e-06	mean node-to-descendant-tip path length; min/max/range retained for serialization diagnostics	42.0830894959016	-0.0201800409836039	0.0201800409836039	0.0201800409836039	0.392736999999997
thorough_smooth_1e-12	smoothing_sensitivity	FALSE	FALSE	TRUE	1e-12	/home/data/t200301/xjt/Hesperiinae_review/treePL_R2_3_T25_deep_only_20260904_000707/output/T25_deep_only_dated_sensitivity_1e-12.tre	CROWN_PAPILIONOIDEA	Parnassius_apollo_ncbi	Aeromachus_catocyanea_mydata	496	TRUE	TRUE	495	91.5046001393939	91.504599	91.504602	3.00000004926915e-06	TRUE	treePL calibration	91.5046	100.8925	TRUE	1.39393947051758e-07	9.38789986060605	TRUE	FALSE	91.504599	91.504602	3.00000004926915e-06	mean node-to-descendant-tip path length; min/max/range retained for serialization diagnostics	91.5046004848485	-3.45454552075353e-07	3.45454552075353e-07	0.153319641393445	2.056299
thorough_smooth_1e-12	smoothing_sensitivity	FALSE	FALSE	TRUE	1e-12	/home/data/t200301/xjt/Hesperiinae_review/treePL_R2_3_T25_deep_only_20260904_000707/output/T25_deep_only_dated_sensitivity_1e-12.tre	CROWN_PAPILIONIDAE_NONBARONIA	Parnassius_apollo_ncbi	Graphium_cloanthus_mydata	497	TRUE	TRUE	7	52.9473002857143	52.9473	52.947301	1.00000002589695e-06	TRUE	treePL calibration	44.1968	52.9473	TRUE	8.75050028571428	-2.85714286007988e-07	FALSE	TRUE	91.504599	91.504602	3.00000004926915e-06	mean node-to-descendant-tip path length; min/max/range retained for serialization diagnostics	52.9472997142857	5.71428572015975e-07	5.71428572015975e-07	0.153319641393445	2.056299
thorough_smooth_1e-12	smoothing_sensitivity	FALSE	FALSE	TRUE	1e-12	/home/data/t200301/xjt/Hesperiinae_review/treePL_R2_3_T25_deep_only_20260904_000707/output/T25_deep_only_dated_sensitivity_1e-12.tre	CROWN_HESPERIINAE	Aeromachus_catocyanea_mydata	Acada_biseriata_kawahara2023	503	TRUE	TRUE	488	42.2364091372951	42.236408	42.236411	3.00000004926915e-06	FALSE	uncalibrated focal comparison	NA	NA	NA	NA	NA	NA	NA	91.504599	91.504602	3.00000004926915e-06	mean node-to-descendant-tip path length; min/max/range retained for serialization diagnostics	42.0830894959016	0.153319641393445	0.153319641393445	0.153319641393445	2.056299
thorough_smooth_1e-13	smoothing_sensitivity	FALSE	FALSE	TRUE	1e-13	/home/data/t200301/xjt/Hesperiinae_review/treePL_R2_3_T25_deep_only_20260904_000707/output/T25_deep_only_dated_sensitivity_1e-13.tre	CROWN_PAPILIONOIDEA	Parnassius_apollo_ncbi	Aeromachus_catocyanea_mydata	496	TRUE	TRUE	495	91.5046001070707	91.504598	91.504602	4.00000003253353e-06	TRUE	treePL calibration	91.5046	100.8925	TRUE	1.07070704302714e-07	9.3878998929293	TRUE	FALSE	91.504598	91.504602	4.00000003253353e-06	mean node-to-descendant-tip path length; min/max/range retained for serialization diagnostics	91.5046004848485	-3.77777794824397e-07	3.77777794824397e-07	0.0223663831967187	2.10506200000001
thorough_smooth_1e-13	smoothing_sensitivity	FALSE	FALSE	TRUE	1e-13	/home/data/t200301/xjt/Hesperiinae_review/treePL_R2_3_T25_deep_only_20260904_000707/output/T25_deep_only_dated_sensitivity_1e-13.tre	CROWN_PAPILIONIDAE_NONBARONIA	Parnassius_apollo_ncbi	Graphium_cloanthus_mydata	497	TRUE	TRUE	7	52.9472997142857	52.947299	52.9473	1.0000000116861e-06	TRUE	treePL calibration	44.1968	52.9473	TRUE	8.75049971428571	2.85714286007988e-07	FALSE	TRUE	91.504598	91.504602	4.00000003253353e-06	mean node-to-descendant-tip path length; min/max/range retained for serialization diagnostics	52.9472997142857	0	0	0.0223663831967187	2.10506200000001
thorough_smooth_1e-13	smoothing_sensitivity	FALSE	FALSE	TRUE	1e-13	/home/data/t200301/xjt/Hesperiinae_review/treePL_R2_3_T25_deep_only_20260904_000707/output/T25_deep_only_dated_sensitivity_1e-13.tre	CROWN_HESPERIINAE	Aeromachus_catocyanea_mydata	Acada_biseriata_kawahara2023	503	TRUE	TRUE	488	42.0607231127049	42.060721	42.060725	4.00000003253353e-06	FALSE	uncalibrated focal comparison	NA	NA	NA	NA	NA	NA	NA	91.504598	91.504602	4.00000003253353e-06	mean node-to-descendant-tip path length; min/max/range retained for serialization diagnostics	42.0830894959016	-0.0223663831967187	0.0223663831967187	0.0223663831967187	2.10506200000001
repeat_same_seed_primary_thorough_smooth_1e-10	reproducibility	FALSE	TRUE	TRUE	1e-10	/home/data/t200301/xjt/Hesperiinae_review/treePL_R2_3_T25_deep_only_20260904_000707/output/T25_deep_only_dated_repeat_same_seed.tre	CROWN_PAPILIONOIDEA	Parnassius_apollo_ncbi	Aeromachus_catocyanea_mydata	496	TRUE	TRUE	495	91.5046004848485	91.504598	91.504603	4.99999998737621e-06	TRUE	treePL calibration	91.5046	100.8925	TRUE	4.84848499127111e-07	9.3878995151515	TRUE	FALSE	91.504598	91.504603	4.99999998737621e-06	mean node-to-descendant-tip path length; min/max/range retained for serialization diagnostics	91.5046004848485	0	0	0	0
repeat_same_seed_primary_thorough_smooth_1e-10	reproducibility	FALSE	TRUE	TRUE	1e-10	/home/data/t200301/xjt/Hesperiinae_review/treePL_R2_3_T25_deep_only_20260904_000707/output/T25_deep_only_dated_repeat_same_seed.tre	CROWN_PAPILIONIDAE_NONBARONIA	Parnassius_apollo_ncbi	Graphium_cloanthus_mydata	497	TRUE	TRUE	7	52.9472997142857	52.947299	52.9473	1.0000000116861e-06	TRUE	treePL calibration	44.1968	52.9473	TRUE	8.75049971428571	2.85714286007988e-07	FALSE	TRUE	91.504598	91.504603	4.99999998737621e-06	mean node-to-descendant-tip path length; min/max/range retained for serialization diagnostics	52.9472997142857	0	0	0	0
repeat_same_seed_primary_thorough_smooth_1e-10	reproducibility	FALSE	TRUE	TRUE	1e-10	/home/data/t200301/xjt/Hesperiinae_review/treePL_R2_3_T25_deep_only_20260904_000707/output/T25_deep_only_dated_repeat_same_seed.tre	CROWN_HESPERIINAE	Aeromachus_catocyanea_mydata	Acada_biseriata_kawahara2023	503	TRUE	TRUE	488	42.0830894959016	42.083087	42.083092	4.99999998737621e-06	FALSE	uncalibrated focal comparison	NA	NA	NA	NA	NA	NA	NA	91.504598	91.504603	4.99999998737621e-06	mean node-to-descendant-tip path length; min/max/range retained for serialization diagnostics	42.0830894959016	0	0	0	0
