source_tree_1based_index	scenario_index	scenario_id	role	host_distance_unit	wol_distance_unit	n_links	nperm	seed	PACo_SS	PACo_bijection_p	PACo_MCSE	ParaFitGlobal	ParaFit_bijection_p	ParaFit_MCSE	PACo_r0_p	PACo_r0_MCSE	PACo_r0_legacy_p	r0_occupied_wol_min	r0_occupied_wol_max	p_resolution	all9999_bijections_valid	raw_squared_sum_matches_SS
13	1013	AHE_A495_dated__main_mfp_ufboot_0013	bootstrap_sensitivity	Ma	nucleotide substitutions/site	25	9999	20261921	41825.42685522	0.9881	0.0010843611022164	4600.95593917222	0.9394	0.0023859513825725	0.1045	0.0030590807442759	0.104410441044104	10	21	0.0001	True	True
23	1023	AHE_A495_dated__main_mfp_ufboot_0023	bootstrap_sensitivity	Ma	nucleotide substitutions/site	25	9999	20261931	41227.3088142325	0.9913	0.000928671631956	4602.38379386058	0.9644	0.0018529069053786	0.1054	0.0030706813576143	0.105310531053105	10	21	0.0001	True	True
39	1039	AHE_A495_dated__main_mfp_ufboot_0039	bootstrap_sensitivity	Ma	nucleotide substitutions/site	25	9999	20261947	41666.5811228462	0.991	0.0009444045743218	4604.67077013137	0.9622	0.001907122439698	0.1136	0.0031732481781291	0.113511351135114	10	21	0.0001	True	True
44	1044	AHE_A495_dated__main_mfp_ufboot_0044	bootstrap_sensitivity	Ma	nucleotide substitutions/site	25	9999	20261952	41297.5697419761	0.9915	0.0009180277773575	4658.38861736814	0.9545	0.0020839805661282	0.0941	0.002919677893193	0.094009400940094	10	21	0.0001	True	True
54	1054	AHE_A495_dated__main_mfp_ufboot_0054	bootstrap_sensitivity	Ma	nucleotide substitutions/site	25	9999	20261962	41359.2602253985	0.987	0.001132740040786	5017.75332753845	0.9413	0.0023506235342989	0.1001	0.003001332870576	0.1000100010001	10	21	0.0001	True	True
78	1078	AHE_A495_dated__main_mfp_ufboot_0078	bootstrap_sensitivity	Ma	nucleotide substitutions/site	25	9999	20261986	41489.8194910337	0.9842	0.0012470108259353	4913.26981572055	0.9137	0.0028080653482424	0.0943	0.0029224563298704	0.0942094209420942	9	22	0.0001	True	True
83	1083	AHE_A495_dated__main_mfp_ufboot_0083	bootstrap_sensitivity	Ma	nucleotide substitutions/site	25	9999	20261991	41853.7432650987	0.9907	0.0009598703037389	4474.2723816014	0.9651	0.0018352653759061	0.1138	0.0031756819740018	0.113711371137114	9	22	0.0001	True	True
84	1084	AHE_A495_dated__main_mfp_ufboot_0084	bootstrap_sensitivity	Ma	nucleotide substitutions/site	25	9999	20261992	41838.2612039157	0.989	0.0010430244484191	4895.17751116016	0.94	0.0023748684174075	0.1097	0.0031251545561779	0.10961096109611	10	21	0.0001	True	True
91	1091	AHE_A495_dated__main_mfp_ufboot_0091	bootstrap_sensitivity	Ma	nucleotide substitutions/site	25	9999	20261999	42861.4570091699	0.9898	0.0010047865444958	4308.65683627621	0.9229	0.0026675005154638	0.1388	0.0034573770404744	0.138713871387139	10	21	0.0001	True	True
115	1115	AHE_A495_dated__main_mfp_ufboot_0115	bootstrap_sensitivity	Ma	nucleotide substitutions/site	25	9999	20262023	42768.8653169602	0.9908	0.0009547439447307	4455.84598653573	0.9443	0.0022934147030138	0.1274	0.0033342051526563	0.127312731273127	11	22	0.0001	True	True
116	1116	AHE_A495_dated__main_mfp_ufboot_0116	bootstrap_sensitivity	Ma	nucleotide substitutions/site	25	9999	20262024	42011.8509110542	0.9919	0.0008963475888292	4312.37629996523	0.9592	0.0019782659073036	0.1238	0.0032935324501209	0.123712371237124	10	22	0.0001	True	True
122	1122	AHE_A495_dated__main_mfp_ufboot_0122	bootstrap_sensitivity	Ma	nucleotide substitutions/site	25	9999	20262030	40879.4290150395	0.987	0.001132740040786	5022.27125973974	0.9539	0.0020970166904438	0.0867	0.0028139493598855	0.0866086608660866	10	21	0.0001	True	True
129	1129	AHE_A495_dated__main_mfp_ufboot_0129	bootstrap_sensitivity	Ma	nucleotide substitutions/site	25	9999	20262037	43072.9631655406	0.9955	0.0006693093455196	4239.2027884121	0.9623	0.0019046970887781	0.1716	0.0037703241239978	0.171517151715172	11	22	0.0001	True	True
133	1133	AHE_A495_dated__main_mfp_ufboot_0133	bootstrap_sensitivity	Ma	nucleotide substitutions/site	25	9999	20262041	41636.8243967582	0.9913	0.000928671631956	4459.57606808649	0.9693	0.0017250365213525	0.1067	0.0030873145288421	0.106610661066107	10	22	0.0001	True	True
165	1165	AHE_A495_dated__main_mfp_ufboot_0165	bootstrap_sensitivity	Ma	nucleotide substitutions/site	25	9999	20262073	41711.3196342439	0.9914	0.0009233655830709	4266.29024030472	0.9594	0.0019736169841182	0.104	0.0030526054445342	0.103910391039104	10	21	0.0001	True	True
178	1178	AHE_A495_dated__main_mfp_ufboot_0178	bootstrap_sensitivity	Ma	nucleotide substitutions/site	25	9999	20262086	41772.3787205495	0.9897	0.0010096489488926	4806.6761157291	0.9531	0.0021142466743499	0.1073	0.003094942810457	0.107210721072107	10	22	0.0001	True	True
190	1190	AHE_A495_dated__main_mfp_ufboot_0190	bootstrap_sensitivity	Ma	nucleotide substitutions/site	25	9999	20262098	42091.9225358056	0.9921	0.0008853016435091	4571.54276988142	0.959	0.0019829019138626	0.117	0.0032142028560748	0.116911691169117	10	22	0.0001	True	True
195	1195	AHE_A495_dated__main_mfp_ufboot_0195	bootstrap_sensitivity	Ma	nucleotide substitutions/site	25	9999	20262103	44039.0131626959	0.9963	0.0006071498991188	4260.65745611245	0.981	0.0013652472303579	0.2011	0.0040082264157604	0.201020102010201	10	22	0.0001	True	True
196	1196	AHE_A495_dated__main_mfp_ufboot_0196	bootstrap_sensitivity	Ma	nucleotide substitutions/site	25	9999	20262104	42110.2638399286	0.9891	0.0010383250936002	4606.3197270883	0.9394	0.0023859513825725	0.1104	0.0031338768322957	0.11031103110311	10	21	0.0001	True	True
201	1201	AHE_A495_dated__main_mfp_ufboot_0201	bootstrap_sensitivity	Ma	nucleotide substitutions/site	25	9999	20262109	42743.4831220977	0.9926	0.0008570437561758	4341.83835516081	0.9675	0.0017732385626305	0.1332	0.003397907591445	0.133113311331133	11	21	0.0001	True	True
202	1202	AHE_A495_dated__main_mfp_ufboot_0202	bootstrap_sensitivity	Ma	nucleotide substitutions/site	25	9999	20262110	44158.7188329337	0.9942	0.0007593655246322	4360.54609795818	0.9661	0.0018097179338228	0.1917	0.003936382984416	0.191619161916192	9	22	0.0001	True	True
203	1203	AHE_A495_dated__main_mfp_ufboot_0203	bootstrap_sensitivity	Ma	nucleotide substitutions/site	25	9999	20262111	41865.6903656727	0.9941	0.0007658452846365	4472.56812314291	0.9696	0.0017168529348782	0.1261	0.0033196203096137	0.126012601260126	11	22	0.0001	True	True
217	1217	AHE_A495_dated__main_mfp_ufboot_0217	bootstrap_sensitivity	Ma	nucleotide substitutions/site	25	9999	20262125	41395.9403474568	0.989	0.0010430244484191	4635.20542424209	0.9551	0.0020708449966137	0.0994	0.0029919832887233	0.0993099309930993	11	22	0.0001	True	True
229	1229	AHE_A495_dated__main_mfp_ufboot_0229	bootstrap_sensitivity	Ma	nucleotide substitutions/site	25	9999	20262137	41687.8387253717	0.9886	0.0010616044461097	4877.50770078867	0.9518	0.0021418860847393	0.1041	0.0030539022577679	0.104010401040104	10	21	0.0001	True	True
232	1232	AHE_A495_dated__main_mfp_ufboot_0232	bootstrap_sensitivity	Ma	nucleotide substitutions/site	25	9999	20262140	41623.7077417746	0.9923	0.0008741115489455	4812.46195726371	0.9541	0.0020926822501278	0.1059	0.0030770958711096	0.105810581058106	10	21	0.0001	True	True
246	1246	AHE_A495_dated__main_mfp_ufboot_0246	bootstrap_sensitivity	Ma	nucleotide substitutions/site	25	9999	20262154	42729.5640596749	0.9915	0.0009180277773575	4680.65248287701	0.9639	0.0018653897716027	0.1404	0.0034740155440066	0.14031403140314	10	21	0.0001	True	True
250	1250	AHE_A495_dated__main_mfp_ufboot_0250	bootstrap_sensitivity	Ma	nucleotide substitutions/site	25	9999	20262158	44591.1122201182	0.997	0.000546900356555	3939.09164173988	0.9806	0.0013792621215708	0.2296	0.0042057560556932	0.22952295229523	10	21	0.0001	True	True
257	1257	AHE_A495_dated__main_mfp_ufboot_0257	bootstrap_sensitivity	Ma	nucleotide substitutions/site	25	9999	20262165	42930.2582118581	0.9938	0.000784956049725	4300.663853217	0.9825	0.0013112494041943	0.1587	0.0036539610014339	0.158615861586159	10	22	0.0001	True	True
272	1272	AHE_A495_dated__main_mfp_ufboot_0272	bootstrap_sensitivity	Ma	nucleotide substitutions/site	25	9999	20262180	41975.8478839741	0.9898	0.0010047865444958	4341.76955658132	0.9646	0.0018478863601423	0.1131	0.0031671499806608	0.113011301130113	10	22	0.0001	True	True
274	1274	AHE_A495_dated__main_mfp_ufboot_0274	bootstrap_sensitivity	Ma	nucleotide substitutions/site	25	9999	20262182	42378.467329015	0.9935	0.0008036012692871	4438.08369880023	0.9725	0.0016353516441426	0.1329	0.0033946662575281	0.132813281328133	10	22	0.0001	True	True
280	1280	AHE_A495_dated__main_mfp_ufboot_0280	bootstrap_sensitivity	Ma	nucleotide substitutions/site	25	9999	20262188	41632.8220493792	0.9912	0.0009339464652751	4500.44063698683	0.9725	0.0016353516441426	0.1049	0.0030642452578081	0.104810481048105	10	22	0.0001	True	True
283	1283	AHE_A495_dated__main_mfp_ufboot_0283	bootstrap_sensitivity	Ma	nucleotide substitutions/site	25	9999	20262191	43944.7358491068	0.9954	0.0006766712643522	4094.30921353702	0.985	0.0012155245781143	0.1838	0.0038732100381982	0.183718371837184	10	21	0.0001	True	True
292	1292	AHE_A495_dated__main_mfp_ufboot_0292	bootstrap_sensitivity	Ma	nucleotide substitutions/site	25	9999	20262200	43285.376135982	0.9945	0.0007395775821372	4617.81538139431	0.97	0.0017058722109232	0.1676	0.0037351069596465	0.167516751675168	9	22	0.0001	True	True
305	1305	AHE_A495_dated__main_mfp_ufboot_0305	bootstrap_sensitivity	Ma	nucleotide substitutions/site	25	9999	20262213	41387.9301311461	0.9874	0.0011154030661603	4923.21577240895	0.9363	0.0024421775119757	0.0951	0.0029335301259745	0.095009500950095	10	22	0.0001	True	True
326	1326	AHE_A495_dated__main_mfp_ufboot_0326	bootstrap_sensitivity	Ma	nucleotide substitutions/site	25	9999	20262234	42552.6492391558	0.9887	0.0010569914853015	4241.66318950361	0.9422	0.002333648645362	0.1273	0.0033330873075873	0.127212721272127	10	21	0.0001	True	True
334	1334	AHE_A495_dated__main_mfp_ufboot_0334	bootstrap_sensitivity	Ma	nucleotide substitutions/site	25	9999	20262242	41312.7454465659	0.9888	0.0010523573537539	4676.24368813482	0.9547	0.0020796131851861	0.1	0.003	0.0999099909990999	10	22	0.0001	True	True
349	1349	AHE_A495_dated__main_mfp_ufboot_0349	bootstrap_sensitivity	Ma	nucleotide substitutions/site	25	9999	20262257	41999.7130582633	0.9918	0.0009018181634897	4497.87168655133	0.9579	0.0020081730503121	0.1223	0.0032763197340919	0.122212221222122	10	21	0.0001	True	True
351	1351	AHE_A495_dated__main_mfp_ufboot_0351	bootstrap_sensitivity	Ma	nucleotide substitutions/site	25	9999	20262259	43712.9954650639	0.9934	0.0008097184695929	3994.04012004344	0.9595	0.0019712876502428	0.1731	0.0037833370190877	0.173017301730173	11	21	0.0001	True	True
355	1355	AHE_A495_dated__main_mfp_ufboot_0355	bootstrap_sensitivity	Ma	nucleotide substitutions/site	25	9999	20262263	41898.5706664036	0.9918	0.0009018181634897	4375.98508172963	0.9506	0.0021670173049609	0.1062	0.0030809342738851	0.106110611061106	11	22	0.0001	True	True
360	1360	AHE_A495_dated__main_mfp_ufboot_0360	bootstrap_sensitivity	Ma	nucleotide substitutions/site	25	9999	20262268	41744.4708207535	0.9913	0.000928671631956	4581.79917952263	0.9591	0.0019805855194866	0.1142	0.0031805402056883	0.114111411141114	10	22	0.0001	True	True
361	1361	AHE_A495_dated__main_mfp_ufboot_0361	bootstrap_sensitivity	Ma	nucleotide substitutions/site	25	9999	20262269	42364.6808936753	0.9946	0.0007328601503697	4369.00954306302	0.9812	0.0013581811366677	0.151	0.003580488793447	0.150915091509151	10	23	0.0001	True	True
362	1362	AHE_A495_dated__main_mfp_ufboot_0362	bootstrap_sensitivity	Ma	nucleotide substitutions/site	25	9999	20262270	42103.7558262769	0.9898	0.0010047865444958	4827.62596614718	0.9576	0.002014999751861	0.1161	0.0032034479861549	0.116011601160116	10	21	0.0001	True	True
374	1374	AHE_A495_dated__main_mfp_ufboot_0374	bootstrap_sensitivity	Ma	nucleotide substitutions/site	25	9999	20262282	41738.5057344906	0.9881	0.0010843611022164	4821.20955026868	0.9492	0.0021958907076628	0.1093	0.003120152400124	0.109210921092109	11	22	0.0001	True	True
405	1405	AHE_A495_dated__main_mfp_ufboot_0405	bootstrap_sensitivity	Ma	nucleotide substitutions/site	25	9999	20262313	41683.3375439293	0.9936	0.0007974358908401	4632.51501568351	0.9679	0.0017626568015356	0.115	0.0031902194281898	0.114911491149115	9	21	0.0001	True	True
418	1418	AHE_A495_dated__main_mfp_ufboot_0418	bootstrap_sensitivity	Ma	nucleotide substitutions/site	25	9999	20262326	41236.2176066645	0.9848	0.0012234770124526	4583.24644070513	0.9349	0.0024670222941838	0.0874	0.0028242032504761	0.0873087308730873	11	21	0.0001	True	True
421	1421	AHE_A495_dated__main_mfp_ufboot_0421	bootstrap_sensitivity	Ma	nucleotide substitutions/site	25	9999	20262329	41999.0283248115	0.987	0.001132740040786	5010.53428056459	0.9343	0.0024775695752087	0.1058	0.0030758146888263	0.105710571057106	10	21	0.0001	True	True
422	1422	AHE_A495_dated__main_mfp_ufboot_0422	bootstrap_sensitivity	Ma	nucleotide substitutions/site	25	9999	20262330	41637.8294765429	0.988	0.0010888526071053	4734.36426214468	0.959	0.0019829019138626	0.0992	0.0029893035978301	0.0991099109910991	11	21	0.0001	True	True
428	1428	AHE_A495_dated__main_mfp_ufboot_0428	bootstrap_sensitivity	Ma	nucleotide substitutions/site	25	9999	20262336	42758.9269039755	0.9913	0.000928671631956	4767.2804547086	0.9589	0.0019852151016955	0.1445	0.0035159600395908	0.144414441444144	10	21	0.0001	True	True
429	1429	AHE_A495_dated__main_mfp_ufboot_0429	bootstrap_sensitivity	Ma	nucleotide substitutions/site	25	9999	20262337	41775.878170433	0.9888	0.0010523573537539	4498.7548860192	0.9552	0.0020686459339384	0.1088	0.0031138811794928	0.108710871087109	10	22	0.0001	True	True
440	1440	AHE_A495_dated__main_mfp_ufboot_0440	bootstrap_sensitivity	Ma	nucleotide substitutions/site	25	9999	20262348	41761.1985400732	0.9881	0.0010843611022164	4621.49128913346	0.9574	0.002019535590179	0.1111	0.0031425593073162	0.111011101110111	10	22	0.0001	True	True
445	1445	AHE_A495_dated__main_mfp_ufboot_0445	bootstrap_sensitivity	Ma	nucleotide substitutions/site	25	9999	20262353	41765.7836158517	0.9901	0.0009900499987374	4576.38027116612	0.9645	0.0018503986057063	0.1052	0.0030681095156464	0.105110511051105	10	22	0.0001	True	True
472	1472	AHE_A495_dated__main_mfp_ufboot_0472	bootstrap_sensitivity	Ma	nucleotide substitutions/site	25	9999	20262380	41468.7219056616	0.9873	0.0011197638143823	4783.02950788099	0.9347	0.0024705446767868	0.0955	0.0029390432116592	0.0954095409540954	10	21	0.0001	True	True
476	1476	AHE_A495_dated__main_mfp_ufboot_0476	bootstrap_sensitivity	Ma	nucleotide substitutions/site	25	9999	20262384	41191.9744932821	0.9895	0.0010193012312363	4828.68472522873	0.9531	0.0021142466743499	0.0889	0.0028459934996412	0.0888088808880888	10	22	0.0001	True	True
479	1479	AHE_A495_dated__main_mfp_ufboot_0479	bootstrap_sensitivity	Ma	nucleotide substitutions/site	25	9999	20262387	41866.0832044244	0.9863	0.001162424621212	4396.68270705173	0.9028	0.0029622991071125	0.1045	0.0030590807442759	0.104410441044104	10	21	0.0001	True	True
486	1486	AHE_A495_dated__main_mfp_ufboot_0486	bootstrap_sensitivity	Ma	nucleotide substitutions/site	25	9999	20262394	42062.7643968637	0.993	0.0008337265738837	4652.8250690313	0.9688	0.0017385787298825	0.1209	0.0032601102742085	0.120812081208121	10	22	0.0001	True	True
496	1496	AHE_A495_dated__main_mfp_ufboot_0496	bootstrap_sensitivity	Ma	nucleotide substitutions/site	25	9999	20262404	41928.9075438049	0.9908	0.0009547439447307	4739.72375409933	0.9519	0.0021397754555092	0.1115	0.003147502978553	0.111411141114111	11	21	0.0001	True	True
508	1508	AHE_A495_dated__main_mfp_ufboot_0508	bootstrap_sensitivity	Ma	nucleotide substitutions/site	25	9999	20262416	42442.1584617733	0.9907	0.0009598703037389	4416.90247485426	0.9628	0.0018925157859315	0.1358	0.0034257606454625	0.135713571357136	11	22	0.0001	True	True
515	1515	AHE_A495_dated__main_mfp_ufboot_0515	bootstrap_sensitivity	Ma	nucleotide substitutions/site	25	9999	20262423	43384.3430027738	0.9922	0.0008797249570178	4424.09537645703	0.9597	0.0019666191802176	0.1679	0.0037377746052965	0.167816781678168	10	21	0.0001	True	True
517	1517	AHE_A495_dated__main_mfp_ufboot_0517	bootstrap_sensitivity	Ma	nucleotide substitutions/site	25	9999	20262425	41860.1779406725	0.9893	0.0010288590768419	4108.00856686098	0.9482	0.0022162301324546	0.1029	0.0030382822449535	0.102810281028103	11	21	0.0001	True	True
528	1528	AHE_A495_dated__main_mfp_ufboot_0528	bootstrap_sensitivity	Ma	nucleotide substitutions/site	25	9999	20262436	41596.63237962	0.989	0.0010430244484191	4642.79855231335	0.951	0.0021586801523153	0.0979	0.0029717939026789	0.0978097809780978	10	22	0.0001	True	True
543	1543	AHE_A495_dated__main_mfp_ufboot_0543	bootstrap_sensitivity	Ma	nucleotide substitutions/site	25	9999	20262451	42213.3900926872	0.9922	0.0008797249570178	4989.18872173877	0.959	0.0019829019138626	0.1202	0.0032519526441816	0.12011201120112	10	22	0.0001	True	True
544	1544	AHE_A495_dated__main_mfp_ufboot_0544	bootstrap_sensitivity	Ma	nucleotide substitutions/site	25	9999	20262452	41857.9757911023	0.9959	0.0006389984350528	4602.45879650648	0.9697	0.0017141152236649	0.1247	0.0033037843452622	0.124612461246125	10	22	0.0001	True	True
569	1569	AHE_A495_dated__main_mfp_ufboot_0569	bootstrap_sensitivity	Ma	nucleotide substitutions/site	25	9999	20262477	42030.9796987829	0.9875	0.0011110243021644	4515.37753687845	0.9396	0.0023822644689454	0.1144	0.0031829646557886	0.114311431143114	10	21	0.0001	True	True
586	1586	AHE_A495_dated__main_mfp_ufboot_0586	bootstrap_sensitivity	Ma	nucleotide substitutions/site	25	9999	20262494	43919.1635918864	0.9906	0.0009649683932647	4308.71818665722	0.9585	0.0019944360105052	0.181	0.0038501818138887	0.180918091809181	10	22	0.0001	True	True
602	1602	AHE_A495_dated__main_mfp_ufboot_0602	bootstrap_sensitivity	Ma	nucleotide substitutions/site	25	9999	20262510	41514.7122587467	0.9892	0.0010336034055671	4402.26136803669	0.9587	0.001989831902448	0.0992	0.0029893035978301	0.0991099109910991	10	23	0.0001	True	True
613	1613	AHE_A495_dated__main_mfp_ufboot_0613	bootstrap_sensitivity	Ma	nucleotide substitutions/site	25	9999	20262521	42668.2387823171	0.9923	0.0008741115489455	4631.57983797118	0.9684	0.0017493267276298	0.1415	0.0034853658344569	0.141414141414141	10	21	0.0001	True	True
618	1618	AHE_A495_dated__main_mfp_ufboot_0618	bootstrap_sensitivity	Ma	nucleotide substitutions/site	25	9999	20262526	42886.2263766752	0.9912	0.0009339464652751	4852.49685574186	0.9496	0.0021876891918186	0.1421	0.0034915267434175	0.142014201420142	9	23	0.0001	True	True
629	1629	AHE_A495_dated__main_mfp_ufboot_0629	bootstrap_sensitivity	Ma	nucleotide substitutions/site	25	9999	20262537	41742.8335453001	0.9902	0.0009850867982061	4839.36196047807	0.9683	0.0017520019977157	0.1055	0.0030719659828845	0.105410541054105	10	22	0.0001	True	True
634	1634	AHE_A495_dated__main_mfp_ufboot_0634	bootstrap_sensitivity	Ma	nucleotide substitutions/site	25	9999	20262542	41175.3077127986	0.9908	0.0009547439447307	4726.25231848311	0.9678	0.0017653090381006	0.1014	0.0030185764856965	0.101310131013101	10	21	0.0001	True	True
641	1641	AHE_A495_dated__main_mfp_ufboot_0641	bootstrap_sensitivity	Ma	nucleotide substitutions/site	25	9999	20262549	42029.5335702722	0.9868	0.0011413045167701	4419.32943053901	0.9406	0.0023637182573225	0.103	0.0030395887879777	0.102910291029103	11	22	0.0001	True	True
644	1644	AHE_A495_dated__main_mfp_ufboot_0644	bootstrap_sensitivity	Ma	nucleotide substitutions/site	25	9999	20262552	41758.70590785	0.9915	0.0009180277773575	4570.88669937664	0.9638	0.0018678747281335	0.1087	0.0031126244553431	0.108610861086109	10	22	0.0001	True	True
720	1720	AHE_A495_dated__main_mfp_ufboot_0720	bootstrap_sensitivity	Ma	nucleotide substitutions/site	25	9999	20262628	41733.800306911	0.9883	0.00107531902243	4583.851950804	0.9516	0.0021460997180932	0.1038	0.003050009180314	0.103710371037104	11	22	0.0001	True	True
723	1723	AHE_A495_dated__main_mfp_ufboot_0723	bootstrap_sensitivity	Ma	nucleotide substitutions/site	25	9999	20262631	41110.8114142719	0.984	0.0012547509713086	5007.21776233772	0.9203	0.0027082819277172	0.0818	0.0027405977450184	0.0817081708170817	11	22	0.0001	True	True
738	1738	AHE_A495_dated__main_mfp_ufboot_0738	bootstrap_sensitivity	Ma	nucleotide substitutions/site	25	9999	20262646	41754.7038683721	0.9892	0.0010336034055671	4617.19484458348	0.9298	0.0025548377639294	0.1064	0.0030834889330107	0.106310631063106	9	22	0.0001	True	True
749	1749	AHE_A495_dated__main_mfp_ufboot_0749	bootstrap_sensitivity	Ma	nucleotide substitutions/site	25	9999	20262657	43040.8939445729	0.995	0.0007053367989832	4238.38590681239	0.9657	0.0018199865384117	0.1664	0.0037243931049232	0.166316631663166	10	22	0.0001	True	True
759	1759	AHE_A495_dated__main_mfp_ufboot_0759	bootstrap_sensitivity	Ma	nucleotide substitutions/site	25	9999	20262667	41536.1398788465	0.9886	0.0010616044461097	4862.91260918842	0.963	0.0018876175460087	0.1064	0.0030834889330107	0.106310631063106	10	22	0.0001	True	True
769	1769	AHE_A495_dated__main_mfp_ufboot_0769	bootstrap_sensitivity	Ma	nucleotide substitutions/site	25	9999	20262677	42447.9518889316	0.9949	0.0007123194508084	4517.16608843324	0.9753	0.0015520924585861	0.1326	0.0033914191719691	0.132513251325133	10	21	0.0001	True	True
773	1773	AHE_A495_dated__main_mfp_ufboot_0773	bootstrap_sensitivity	Ma	nucleotide substitutions/site	25	9999	20262681	42818.1611787849	0.9916	0.0009126576576131	4591.53801776315	0.9602	0.0019548902782509	0.1395	0.0034646753094626	0.139413941394139	10	21	0.0001	True	True
781	1781	AHE_A495_dated__main_mfp_ufboot_0781	bootstrap_sensitivity	Ma	nucleotide substitutions/site	25	9999	20262689	41276.0115496311	0.9897	0.0010096489488926	4948.0133035517	0.9673	0.0017785024599364	0.1018	0.0030238511868145	0.101710171017102	10	24	0.0001	True	True
784	1784	AHE_A495_dated__main_mfp_ufboot_0784	bootstrap_sensitivity	Ma	nucleotide substitutions/site	25	9999	20262692	44193.8429703899	0.9952	0.0006911555541265	3948.88152368179	0.9711	0.001675254905977	0.1959	0.0039689191223808	0.195819581958196	10	22	0.0001	True	True
810	1810	AHE_A495_dated__main_mfp_ufboot_0810	bootstrap_sensitivity	Ma	nucleotide substitutions/site	25	9999	20262718	41335.8140685759	0.9935	0.0008036012692871	4171.98187423088	0.978	0.0014668333238647	0.1031	0.0030408944407854	0.103010301030103	10	21	0.0001	True	True
850	1850	AHE_A495_dated__main_mfp_ufboot_0850	bootstrap_sensitivity	Ma	nucleotide substitutions/site	25	9999	20262758	41574.6233864471	0.987	0.001132740040786	4245.02616688045	0.9435	0.0023088471149038	0.0931	0.0029057252106832	0.093009300930093	10	22	0.0001	True	True
852	1852	AHE_A495_dated__main_mfp_ufboot_0852	bootstrap_sensitivity	Ma	nucleotide substitutions/site	25	9999	20262760	41914.3092481846	0.9908	0.0009547439447307	4552.31419544093	0.9678	0.0017653090381006	0.1162	0.003204646002291	0.116111611161116	10	22	0.0001	True	True
854	1854	AHE_A495_dated__main_mfp_ufboot_0854	bootstrap_sensitivity	Ma	nucleotide substitutions/site	25	9999	20262762	41507.4775240689	0.9886	0.0010616044461097	4605.44417420191	0.9551	0.0020708449966137	0.0975	0.0029663740492392	0.0974097409740974	10	22	0.0001	True	True
861	1861	AHE_A495_dated__main_mfp_ufboot_0861	bootstrap_sensitivity	Ma	nucleotide substitutions/site	25	9999	20262769	41366.9387424435	0.9942	0.0007593655246322	4664.98941966286	0.9756	0.0015428752379891	0.1057	0.0030745326474116	0.105610561056106	10	21	0.0001	True	True
868	1868	AHE_A495_dated__main_mfp_ufboot_0868	bootstrap_sensitivity	Ma	nucleotide substitutions/site	25	9999	20262776	41915.9655578891	0.9899	0.0009998994949493	4757.98322572495	0.9483	0.0022142066299241	0.1119	0.0031524338216685	0.111811181118112	10	21	0.0001	True	True
877	1877	AHE_A495_dated__main_mfp_ufboot_0877	bootstrap_sensitivity	Ma	nucleotide substitutions/site	25	9999	20262785	41354.713083315	0.9895	0.0010193012312363	5279.04709028679	0.9583	0.0019990275135675	0.0956	0.0029404190177592	0.0955095509550955	10	21	0.0001	True	True
890	1890	AHE_A495_dated__main_mfp_ufboot_0890	bootstrap_sensitivity	Ma	nucleotide substitutions/site	25	9999	20262798	41077.2756664674	0.9924	0.0008684607072286	4878.41644612661	0.96	0.0019595917942265	0.0987	0.002982587970203	0.0986098609860986	10	21	0.0001	True	True
897	1897	AHE_A495_dated__main_mfp_ufboot_0897	bootstrap_sensitivity	Ma	nucleotide substitutions/site	25	9999	20262805	41819.6629150904	0.9922	0.0008797249570178	4631.30372843108	0.9605	0.0019478128760227	0.1123	0.0031573518967641	0.112211221122112	10	22	0.0001	True	True
900	1900	AHE_A495_dated__main_mfp_ufboot_0900	bootstrap_sensitivity	Ma	nucleotide substitutions/site	25	9999	20262808	41427.0207240895	0.9914	0.0009233655830709	4436.85809007161	0.965	0.0018377975949489	0.1	0.003	0.0999099909990999	11	22	0.0001	True	True
922	1922	AHE_A495_dated__main_mfp_ufboot_0922	bootstrap_sensitivity	Ma	nucleotide substitutions/site	25	9999	20262830	41493.0128812911	0.9895	0.0010193012312363	4722.07489741691	0.9322	0.0025140238662351	0.0972	0.0029622991071125	0.0971097109710971	11	21	0.0001	True	True
924	1924	AHE_A495_dated__main_mfp_ufboot_0924	bootstrap_sensitivity	Ma	nucleotide substitutions/site	25	9999	20262832	41821.4393149339	0.9934	0.0008097184695929	4330.09749779475	0.9743	0.0015823877527331	0.1187	0.0032343517124765	0.118611861186119	10	21	0.0001	True	True
925	1925	AHE_A495_dated__main_mfp_ufboot_0925	bootstrap_sensitivity	Ma	nucleotide substitutions/site	25	9999	20262833	41305.2760362368	0.9883	0.00107531902243	4878.29805024497	0.9576	0.002014999751861	0.0935	0.0029113184298527	0.0934093409340934	11	22	0.0001	True	True
927	1927	AHE_A495_dated__main_mfp_ufboot_0927	bootstrap_sensitivity	Ma	nucleotide substitutions/site	25	9999	20262835	41375.690356787	0.9918	0.0009018181634897	4631.85594258549	0.9712	0.0016724401334577	0.1064	0.0030834889330107	0.106310631063106	10	21	0.0001	True	True
941	1941	AHE_A495_dated__main_mfp_ufboot_0941	bootstrap_sensitivity	Ma	nucleotide substitutions/site	25	9999	20262849	42178.409164907	0.9897	0.0010096489488926	4434.13607096851	0.9603	0.0019525345067373	0.1158	0.0031998493714548	0.115711571157116	11	22	0.0001	True	True
945	1945	AHE_A495_dated__main_mfp_ufboot_0945	bootstrap_sensitivity	Ma	nucleotide substitutions/site	25	9999	20262853	41553.6601511974	0.9842	0.0012470108259353	5286.86994964921	0.8955	0.0030590807442759	0.1024	0.0030317361362757	0.102310231023102	9	21	0.0001	True	True
949	1949	AHE_A495_dated__main_mfp_ufboot_0949	bootstrap_sensitivity	Ma	nucleotide substitutions/site	25	9999	20262857	41120.7176792484	0.9875	0.0011110243021644	4674.31668790086	0.9519	0.0021397754555092	0.0932	0.0029071250403104	0.0931093109310931	10	22	0.0001	True	True
960	1960	AHE_A495_dated__main_mfp_ufboot_0960	bootstrap_sensitivity	Ma	nucleotide substitutions/site	25	9999	20262868	41947.993396603	0.9902	0.0009850867982061	4441.92362817845	0.9578	0.0020104516905412	0.1099	0.0031276507157929	0.10981098109811	10	22	0.0001	True	True
967	1967	AHE_A495_dated__main_mfp_ufboot_0967	bootstrap_sensitivity	Ma	nucleotide substitutions/site	25	9999	20262875	41323.0405305822	0.9859	0.0011790330784163	4785.23418242739	0.9382	0.0024079194338681	0.0906	0.0028703943979878	0.0905090509050905	10	22	0.0001	True	True
998	1998	AHE_A495_dated__main_mfp_ufboot_0998	bootstrap_sensitivity	Ma	nucleotide substitutions/site	25	9999	20262906	42641.8006140167	0.9896	0.0010144870625099	4354.6052985324	0.9491	0.0021979351673786	0.1279	0.0033397842744704	0.127812781278128	11	22	0.0001	True	True
