host_tip	wol_tip	AHE_original_row_ID	AHE_row_length	AHE_original_row_sha256	AHE_formal_row_sha256	machine_AHE_sequence_continuity	machine_specimen_or_raw_read_identity_independently_verified	author_same_sequencing_files_confirmation	author_evidence_type	author_confirmation_path	author_confirmation_sha256	author_recorded_at	author_scope	source_link_status	Wol_original_sample_ID	Wol_contig_source	Wol_summary_evidence_path	Wol_summary_sha256	special_label_case	final_sample_supergroup
Acerbas_sarala_chinensis_mydata	Acerbas_sarala_chinensis	Acerbas_sarala_chinensis_mydata	182682	034109af2f8b3094fb9558c3d4d0f336fc26f52a8179a7c3398b45dcd940875e	034109af2f8b3094fb9558c3d4d0f336fc26f52a8179a7c3398b45dcd940875e	EXACT_BODY_IDENTITY	False	True	author_provided_source_confirmation	/home/data/t200301/xjt/Hesperiinae_wolbachia/Wolbachia_R2_6_QC_rerun_20260907_112808/01_PROVENANCE/host_source_author_confirmation_20260908.json	d2bb0a2bd2c9fea217e2e43f4894fcd93f07cf061a877bc168a00c0ba984bf77	2026-09-08T08:53:59.149861+08:00	current_main25_only	SOURCE_CONFIRMED_BY_AUTHOR_WITH_EXACT_AHE_ROW_CONTINUITY	Acerbas_sarala_chinensis	/home/data/t200301/xjt/Wolchbia/Acerbas_sarala_chinensis/Acerbas_sarala_chinensis.contigs.min200.fa.gz	/home/data/t200301/xjt/Wolchbia/Acerbas_sarala_chinensis/Acerbas_sarala_chinensis.wolbachia_summary.txt	7c552a60071b994559966ac67a9e218959508a3ecdbed8a8e8f69c815f6a3125	NONE_IDENTIFIED_IN_CURRENT_AUDIT	NOT_ASSIGNED
Aeromachus_catocyanea_mydata	Aeromachus_catocyanea	Aeromachus_catocyanea_mydata	182682	245d98977e2111272aba188713ac2f2e695842774337ac28c0df63d6d39c23a9	245d98977e2111272aba188713ac2f2e695842774337ac28c0df63d6d39c23a9	EXACT_BODY_IDENTITY	False	True	author_provided_source_confirmation	/home/data/t200301/xjt/Hesperiinae_wolbachia/Wolbachia_R2_6_QC_rerun_20260907_112808/01_PROVENANCE/host_source_author_confirmation_20260908.json	d2bb0a2bd2c9fea217e2e43f4894fcd93f07cf061a877bc168a00c0ba984bf77	2026-09-08T08:53:59.149861+08:00	current_main25_only	SOURCE_CONFIRMED_BY_AUTHOR_WITH_EXACT_AHE_ROW_CONTINUITY	Aeromachus_catocyanea	/home/data/t200301/xjt/Wolchbia/Aeromachus_catocyanea/Aeromachus_catocyanea.contigs.min200.fa.gz	/home/data/t200301/xjt/Wolchbia/Aeromachus_catocyanea/Aeromachus_catocyanea.wolbachia_summary.txt	3dc99750cb37e1c9a04c4e5ef7ded8fb19ea2c4dabcb7f48c2fb8189b56e2073	NONE_IDENTIFIED_IN_CURRENT_AUDIT	NOT_ASSIGNED
Aeromachus_nana_mydata	Aeromachus_nana	Aeromachus_nana_mydata	182682	75d22d4cffe23d111ed0037b2883801b2b7a3bcd2fa565d06545f0b49f489402	75d22d4cffe23d111ed0037b2883801b2b7a3bcd2fa565d06545f0b49f489402	EXACT_BODY_IDENTITY	False	True	author_provided_source_confirmation	/home/data/t200301/xjt/Hesperiinae_wolbachia/Wolbachia_R2_6_QC_rerun_20260907_112808/01_PROVENANCE/host_source_author_confirmation_20260908.json	d2bb0a2bd2c9fea217e2e43f4894fcd93f07cf061a877bc168a00c0ba984bf77	2026-09-08T08:53:59.149861+08:00	current_main25_only	SOURCE_CONFIRMED_BY_AUTHOR_WITH_EXACT_AHE_ROW_CONTINUITY	Aeromachus_nana	/home/data/t200301/xjt/Wolchbia/Aeromachus_nana/Aeromachus_nana.contigs.min200.fa.gz	/home/data/t200301/xjt/Wolchbia/Aeromachus_nana/Aeromachus_nana.wolbachia_summary.txt	d11e61fb64b7dc05d6bf4be3d794cf3b6e7ee8be03d93535c6874827df52bd08	NONE_IDENTIFIED_IN_CURRENT_AUDIT	NOT_ASSIGNED
Ampittia_dioscorides_fabricius_mydata	Ampittia_dioscorides_fabricius	Ampittia_dioscorides_fabricius_mydata	182682	f282213f37e637345c37cbe4799a46a528891c064e47941b6db1c74deeb9de43	f282213f37e637345c37cbe4799a46a528891c064e47941b6db1c74deeb9de43	EXACT_BODY_IDENTITY	False	True	author_provided_source_confirmation	/home/data/t200301/xjt/Hesperiinae_wolbachia/Wolbachia_R2_6_QC_rerun_20260907_112808/01_PROVENANCE/host_source_author_confirmation_20260908.json	d2bb0a2bd2c9fea217e2e43f4894fcd93f07cf061a877bc168a00c0ba984bf77	2026-09-08T08:53:59.149861+08:00	current_main25_only	SOURCE_CONFIRMED_BY_AUTHOR_WITH_EXACT_AHE_ROW_CONTINUITY	Ampittia_dioscorides_fabricius	/home/data/t200301/xjt/Wolchbia/Ampittia_dioscorides_fabricius/Ampittia_dioscorides_fabricius.contigs.min200.fa.gz	/home/data/t200301/xjt/Wolchbia/Ampittia_dioscorides_fabricius/Ampittia_dioscorides_fabricius.wolbachia_summary.txt	e3191fbc065b0262f4e342ba6c96c02c4e35e28423b6bc4dd03857cb2bb7cfa7	NONE_IDENTIFIED_IN_CURRENT_AUDIT	NOT_ASSIGNED
Ancistroides_nigrita_mydata	Ancistroides_nigrita	Ancistroides_nigritas_mydata	182682	cc8fc1aa5523ff0daedd53fa8529dd2edfbbcb1867234c34bc5cd2acae6daede	cc8fc1aa5523ff0daedd53fa8529dd2edfbbcb1867234c34bc5cd2acae6daede	EXACT_BODY_IDENTITY	False	True	author_provided_source_confirmation	/home/data/t200301/xjt/Hesperiinae_wolbachia/Wolbachia_R2_6_QC_rerun_20260907_112808/01_PROVENANCE/host_source_author_confirmation_20260908.json	d2bb0a2bd2c9fea217e2e43f4894fcd93f07cf061a877bc168a00c0ba984bf77	2026-09-08T08:53:59.149861+08:00	current_main25_only	SOURCE_CONFIRMED_BY_AUTHOR_WITH_EXACT_AHE_ROW_CONTINUITY	Ancistroides_nigrita	/home/data/t200301/xjt/Wolchbia/Ancistroides_nigrita/Ancistroides_nigrita.contigs.min200.fa.gz	/home/data/t200301/xjt/Wolchbia/Ancistroides_nigrita/Ancistroides_nigrita.wolbachia_summary.txt	77a5e34d7be40f393c1518c944b03716dcc26d1111a49d32061a1806bfd48333	NONE_IDENTIFIED_IN_CURRENT_AUDIT	NOT_ASSIGNED
Cupitha_purreea_mydata	Cupitha_purreea	Cupitha_purreea_mydata	182682	d3efb9c85556d2d217ecb5621e173b388570b324ba2ab656d6672c0f0c5907cd	d3efb9c85556d2d217ecb5621e173b388570b324ba2ab656d6672c0f0c5907cd	EXACT_BODY_IDENTITY	False	True	author_provided_source_confirmation	/home/data/t200301/xjt/Hesperiinae_wolbachia/Wolbachia_R2_6_QC_rerun_20260907_112808/01_PROVENANCE/host_source_author_confirmation_20260908.json	d2bb0a2bd2c9fea217e2e43f4894fcd93f07cf061a877bc168a00c0ba984bf77	2026-09-08T08:53:59.149861+08:00	current_main25_only	SOURCE_CONFIRMED_BY_AUTHOR_WITH_EXACT_AHE_ROW_CONTINUITY	Cupitha_purreea	/home/data/t200301/xjt/Wolchbia/Cupitha_purreea/Cupitha_purreea.contigs.min200.fa.gz	/home/data/t200301/xjt/Wolchbia/Cupitha_purreea/Cupitha_purreea.wolbachia_summary.txt	99c0d427a7aae4aa36f2d6b3f6b4457639143ab7f4f7c07932417ddc47b8baac	NONE_IDENTIFIED_IN_CURRENT_AUDIT	NOT_ASSIGNED
Halpe_concavimarginata_mydata	Halpe_concavimarginata	Halpe_concavimarginatas_mydata	182682	8da7ff8b4646d2308d6ecfdb3d2f27dbb780119890c9cb7c781376154c2a2e7e	8da7ff8b4646d2308d6ecfdb3d2f27dbb780119890c9cb7c781376154c2a2e7e	EXACT_BODY_IDENTITY	False	True	author_provided_source_confirmation	/home/data/t200301/xjt/Hesperiinae_wolbachia/Wolbachia_R2_6_QC_rerun_20260907_112808/01_PROVENANCE/host_source_author_confirmation_20260908.json	d2bb0a2bd2c9fea217e2e43f4894fcd93f07cf061a877bc168a00c0ba984bf77	2026-09-08T08:53:59.149861+08:00	current_main25_only	SOURCE_CONFIRMED_BY_AUTHOR_WITH_EXACT_AHE_ROW_CONTINUITY	Halpe_concavimarginata	/home/data/t200301/xjt/Wolchbia/Halpe_concavimarginata/Halpe_concavimarginata.contigs.min200.fa.gz	/home/data/t200301/xjt/Wolchbia/Halpe_concavimarginata/Halpe_concavimarginata.wolbachia_summary.txt	e9d208c5c12bd127339d23f3fdd18c777efe0ddbda1cd1436e2d2f63a9c48189	NONE_IDENTIFIED_IN_CURRENT_AUDIT	NOT_ASSIGNED
Halpe_porus_mydata	Halpe_porus	Halpe_porus_mydata	182682	69ecc17beeb76158f68fc7c01075c32afbe17d88606d02066ded04e6bfd0d963	69ecc17beeb76158f68fc7c01075c32afbe17d88606d02066ded04e6bfd0d963	EXACT_BODY_IDENTITY	False	True	author_provided_source_confirmation	/home/data/t200301/xjt/Hesperiinae_wolbachia/Wolbachia_R2_6_QC_rerun_20260907_112808/01_PROVENANCE/host_source_author_confirmation_20260908.json	d2bb0a2bd2c9fea217e2e43f4894fcd93f07cf061a877bc168a00c0ba984bf77	2026-09-08T08:53:59.149861+08:00	current_main25_only	SOURCE_CONFIRMED_BY_AUTHOR_WITH_EXACT_AHE_ROW_CONTINUITY	Halpe_porus	/home/data/t200301/xjt/Wolchbia/Halpe_porus/Halpe_porus.contigs.min200.fa.gz	/home/data/t200301/xjt/Wolchbia/Halpe_porus/Halpe_porus.wolbachia_summary.txt	9c9925dc22c0513c71be119b482a04a75a5a4a3805285771063e7eeabae7f904	NONE_IDENTIFIED_IN_CURRENT_AUDIT	NOT_ASSIGNED
Idmon_fujianana_mydata	Idmon_fujianana	Idmon_fujiananum_mydata	182682	cc9c4eb4e3e011f2d8ccdfc4ab164d41fe03725e7b94a561dc7998b7c9001727	cc9c4eb4e3e011f2d8ccdfc4ab164d41fe03725e7b94a561dc7998b7c9001727	EXACT_BODY_IDENTITY	False	True	author_provided_source_confirmation	/home/data/t200301/xjt/Hesperiinae_wolbachia/Wolbachia_R2_6_QC_rerun_20260907_112808/01_PROVENANCE/host_source_author_confirmation_20260908.json	d2bb0a2bd2c9fea217e2e43f4894fcd93f07cf061a877bc168a00c0ba984bf77	2026-09-08T08:53:59.149861+08:00	current_main25_only	SOURCE_CONFIRMED_BY_AUTHOR_WITH_EXACT_AHE_ROW_CONTINUITY	Idmon_fujianana	/home/data/t200301/xjt/Wolchbia/Idmon_fujianana/Idmon_fujianana.contigs.min200.fa.gz	/home/data/t200301/xjt/Wolchbia/Idmon_fujianana/Idmon_fujianana.wolbachia_summary.txt	6f83124970ea05fc93f6dac4876ce68dbb10b0c7d4133d922c4975735f440b8c	NONE_IDENTIFIED_IN_CURRENT_AUDIT	NOT_ASSIGNED
Isoteinon_lamprospilus_mydata	Isoteinon_lamprospilus	Isoteinon_lamprospilus_mydata	182682	14a2f0947af413b79ccba95a2f823ba8defcf058b5b6cfe2c79c0138b705db1a	14a2f0947af413b79ccba95a2f823ba8defcf058b5b6cfe2c79c0138b705db1a	EXACT_BODY_IDENTITY	False	True	author_provided_source_confirmation	/home/data/t200301/xjt/Hesperiinae_wolbachia/Wolbachia_R2_6_QC_rerun_20260907_112808/01_PROVENANCE/host_source_author_confirmation_20260908.json	d2bb0a2bd2c9fea217e2e43f4894fcd93f07cf061a877bc168a00c0ba984bf77	2026-09-08T08:53:59.149861+08:00	current_main25_only	SOURCE_CONFIRMED_BY_AUTHOR_WITH_EXACT_AHE_ROW_CONTINUITY	Isoteinon_lamprospilus	/home/data/t200301/xjt/Wolchbia/Isoteinon_lamprospilus/Isoteinon_lamprospilus.contigs.min200.fa.gz	/home/data/t200301/xjt/Wolchbia/Isoteinon_lamprospilus/Isoteinon_lamprospilus.wolbachia_summary.txt	83ef39cbe3d02da233d1e4a40c85a7616b169ed041e680dfb04ef84c9f1ed1c6	NONE_IDENTIFIED_IN_CURRENT_AUDIT	NOT_ASSIGNED
Matapa_druna_mydata	Matapa_druna	Matapa_druna_mydata	182682	4293f67c6661fba40252e8e741ed7e80a71a9844bebbe7186f9d22aec884e199	4293f67c6661fba40252e8e741ed7e80a71a9844bebbe7186f9d22aec884e199	EXACT_BODY_IDENTITY	False	True	author_provided_source_confirmation	/home/data/t200301/xjt/Hesperiinae_wolbachia/Wolbachia_R2_6_QC_rerun_20260907_112808/01_PROVENANCE/host_source_author_confirmation_20260908.json	d2bb0a2bd2c9fea217e2e43f4894fcd93f07cf061a877bc168a00c0ba984bf77	2026-09-08T08:53:59.149861+08:00	current_main25_only	SOURCE_CONFIRMED_BY_AUTHOR_WITH_EXACT_AHE_ROW_CONTINUITY	Matapa_druna	/home/data/t200301/xjt/Wolchbia/Matapa_druna/Matapa_druna.contigs.min200.fa.gz	/home/data/t200301/xjt/Wolchbia/Matapa_druna/Matapa_druna.wolbachia_summary.txt	f20b432203f18432246c35b09fe6b276c37c0ca69ac7a1c6d2bf17a5f082e039	NONE_IDENTIFIED_IN_CURRENT_AUDIT	NOT_ASSIGNED
Ochlodes_bouddha_mydata	Ochlodes_bouddha	Ochlodes_bouddhas_mydata	182682	a25cce7df2e334bd7e4dc4dee9dcf28ce2a740db73fe479f1315eb3b3458c6f4	a25cce7df2e334bd7e4dc4dee9dcf28ce2a740db73fe479f1315eb3b3458c6f4	EXACT_BODY_IDENTITY	False	True	author_provided_source_confirmation	/home/data/t200301/xjt/Hesperiinae_wolbachia/Wolbachia_R2_6_QC_rerun_20260907_112808/01_PROVENANCE/host_source_author_confirmation_20260908.json	d2bb0a2bd2c9fea217e2e43f4894fcd93f07cf061a877bc168a00c0ba984bf77	2026-09-08T08:53:59.149861+08:00	current_main25_only	SOURCE_CONFIRMED_BY_AUTHOR_WITH_EXACT_AHE_ROW_CONTINUITY	Ochlodes_bouddha	/home/data/t200301/xjt/Wolchbia/Ochlodes_bouddha/Ochlodes_bouddha.contigs.min200.fa.gz	/home/data/t200301/xjt/Wolchbia/Ochlodes_bouddha/Ochlodes_bouddha.wolbachia_summary.txt	2abba02776f1a2507752417cd9cd738af0cc2ff2935447edda07b8e3323a4579	NONE_IDENTIFIED_IN_CURRENT_AUDIT	NOT_ASSIGNED
Oriens_gola_mydata	Oriens_gola	Oriens_gola_mydata	182682	cac77b5e8464395490b4e6a0383bb90148a2e47b7f699da96a1f2b34d7a87528	cac77b5e8464395490b4e6a0383bb90148a2e47b7f699da96a1f2b34d7a87528	EXACT_BODY_IDENTITY	False	True	author_provided_source_confirmation	/home/data/t200301/xjt/Hesperiinae_wolbachia/Wolbachia_R2_6_QC_rerun_20260907_112808/01_PROVENANCE/host_source_author_confirmation_20260908.json	d2bb0a2bd2c9fea217e2e43f4894fcd93f07cf061a877bc168a00c0ba984bf77	2026-09-08T08:53:59.149861+08:00	current_main25_only	SOURCE_CONFIRMED_BY_AUTHOR_WITH_EXACT_AHE_ROW_CONTINUITY	Oriens_gola	/home/data/t200301/xjt/Wolchbia/Oriens_gola/Oriens_gola.contigs.min200.fa.gz	/home/data/t200301/xjt/Wolchbia/Oriens_gola/Oriens_gola.wolbachia_summary.txt	bbb37d23201dc54907dcd0d60428c315c844c188924d356bd03dd83e55d60e65	NONE_IDENTIFIED_IN_CURRENT_AUDIT	NOT_ASSIGNED
Pedesta_masuriensis_mydata	Pedesta_masuriensis	Pedesta_masuriensis_mydata	182682	da51b9261d8c1bab793eacb29c8c53925593f763abfc2218bdcd039aa5fd2d13	da51b9261d8c1bab793eacb29c8c53925593f763abfc2218bdcd039aa5fd2d13	EXACT_BODY_IDENTITY	False	True	author_provided_source_confirmation	/home/data/t200301/xjt/Hesperiinae_wolbachia/Wolbachia_R2_6_QC_rerun_20260907_112808/01_PROVENANCE/host_source_author_confirmation_20260908.json	d2bb0a2bd2c9fea217e2e43f4894fcd93f07cf061a877bc168a00c0ba984bf77	2026-09-08T08:53:59.149861+08:00	current_main25_only	SOURCE_CONFIRMED_BY_AUTHOR_WITH_EXACT_AHE_ROW_CONTINUITY	Pedesta_masuriensis_raw	/home/data/t200301/xjt/Wolchbia/Pedesta_masuriensis/Pedesta_masuriensis_raw.contigs.min200.fa.gz	/home/data/t200301/xjt/Wolchbia/Pedesta_masuriensis/Pedesta_masuriensis_raw.wolbachia_summary.txt	3a46000ef43b4b0bbc6b579275e53c2cc2ef70b4209baa138054f62dec7ba9cf	NONE_IDENTIFIED_IN_CURRENT_AUDIT	NOT_ASSIGNED
Pedesta_rubella_mydata	Pedesta_rubella	Pedesta_rubellas_mydata	182682	bdf189e711decdfb1e35b4c514e9755402c02104ff82668d292f61f8d3f740c3	bdf189e711decdfb1e35b4c514e9755402c02104ff82668d292f61f8d3f740c3	EXACT_BODY_IDENTITY	False	True	author_provided_source_confirmation	/home/data/t200301/xjt/Hesperiinae_wolbachia/Wolbachia_R2_6_QC_rerun_20260907_112808/01_PROVENANCE/host_source_author_confirmation_20260908.json	d2bb0a2bd2c9fea217e2e43f4894fcd93f07cf061a877bc168a00c0ba984bf77	2026-09-08T08:53:59.149861+08:00	current_main25_only	SOURCE_CONFIRMED_BY_AUTHOR_WITH_EXACT_AHE_ROW_CONTINUITY	Pedesta_rubella	/home/data/t200301/xjt/Wolchbia/Pedesta_rubella/Pedesta_rubella.contigs.min200.fa.gz	/home/data/t200301/xjt/Wolchbia/Pedesta_rubella/Pedesta_rubella.wolbachia_summary.txt	3e273d5bf57041f2c5a929b8fb8affaff6a294306413b5ed7467092cc8d41804	NONE_IDENTIFIED_IN_CURRENT_AUDIT	NOT_ASSIGNED
Perichares_adela_mydata	Perichares_adela	Perichares_adela_mydata	182682	d3ca0f66c8820a2e86331b5fdcde7817dde5e0d96b939f8688e19c71b97fa3bb	d3ca0f66c8820a2e86331b5fdcde7817dde5e0d96b939f8688e19c71b97fa3bb	EXACT_BODY_IDENTITY	False	True	author_provided_source_confirmation	/home/data/t200301/xjt/Hesperiinae_wolbachia/Wolbachia_R2_6_QC_rerun_20260907_112808/01_PROVENANCE/host_source_author_confirmation_20260908.json	d2bb0a2bd2c9fea217e2e43f4894fcd93f07cf061a877bc168a00c0ba984bf77	2026-09-08T08:53:59.149861+08:00	current_main25_only	SOURCE_CONFIRMED_BY_AUTHOR_WITH_EXACT_AHE_ROW_CONTINUITY	Perichares_adela	/home/data/t200301/xjt/Wolchbia/Perichares_adela/Perichares_adela.contigs.min200.fa.gz	/home/data/t200301/xjt/Wolchbia/Perichares_adela/Perichares_adela.wolbachia_summary.txt	0fe35460de8942ba9420c0a04a42caa5fc294ccf4f66841d0b7956562c291a0b	NONE_IDENTIFIED_IN_CURRENT_AUDIT	NOT_ASSIGNED
Pithauria_linus_mydata	Pithauria_linus	Pithauria_linus_mydata	182682	818e3e66079120d65fc019693594d0a815b14d6cfcac6c4fbb4ad340a8368db3	818e3e66079120d65fc019693594d0a815b14d6cfcac6c4fbb4ad340a8368db3	EXACT_BODY_IDENTITY	False	True	author_provided_source_confirmation	/home/data/t200301/xjt/Hesperiinae_wolbachia/Wolbachia_R2_6_QC_rerun_20260907_112808/01_PROVENANCE/host_source_author_confirmation_20260908.json	d2bb0a2bd2c9fea217e2e43f4894fcd93f07cf061a877bc168a00c0ba984bf77	2026-09-08T08:53:59.149861+08:00	current_main25_only	SOURCE_CONFIRMED_BY_AUTHOR_WITH_EXACT_AHE_ROW_CONTINUITY	Pithauria_linus	/home/data/t200301/xjt/Wolchbia/Pithauria_linus/Pithauria_linus.contigs.min200.fa.gz	/home/data/t200301/xjt/Wolchbia/Pithauria_linus/Pithauria_linus.wolbachia_summary.txt	fc4c067ca47c02d02b37757523ea5e574885d8714765ad46c1ebb63695de4867	NONE_IDENTIFIED_IN_CURRENT_AUDIT	NOT_ASSIGNED
Pithauria_stramineipennis_mydata	Pithauria_stramineipennis	Pithauria_stramineipennis_mydata	182682	e8eef0c1632b8c49d064379cdbef3f4ffa2b9923fc81cc4a50dc03d497ac0d2e	e8eef0c1632b8c49d064379cdbef3f4ffa2b9923fc81cc4a50dc03d497ac0d2e	EXACT_BODY_IDENTITY	False	True	author_provided_source_confirmation	/home/data/t200301/xjt/Hesperiinae_wolbachia/Wolbachia_R2_6_QC_rerun_20260907_112808/01_PROVENANCE/host_source_author_confirmation_20260908.json	d2bb0a2bd2c9fea217e2e43f4894fcd93f07cf061a877bc168a00c0ba984bf77	2026-09-08T08:53:59.149861+08:00	current_main25_only	SOURCE_CONFIRMED_BY_AUTHOR_WITH_EXACT_AHE_ROW_CONTINUITY	Pithauria_stramineipennis	/home/data/t200301/xjt/Wolchbia/Pithauria_stramineipennis/Pithauria_stramineipennis.contigs.min200.fa.gz	/home/data/t200301/xjt/Wolchbia/Pithauria_stramineipennis/Pithauria_stramineipennis.wolbachia_summary.txt	b3a9939cf5fbf5a063bd32376c38336430595bb43342629084aec6bf3d779271	NONE_IDENTIFIED_IN_CURRENT_AUDIT	NOT_ASSIGNED
Polytremis_eltola_mydata	Polytremis_eltola	Polytremis_eltolas_mydata	182682	298513b290cfa79ce5e7a6e7c4e113e0d9d1cec3514f0b46c971154e940dfc6c	298513b290cfa79ce5e7a6e7c4e113e0d9d1cec3514f0b46c971154e940dfc6c	EXACT_BODY_IDENTITY	False	True	author_provided_source_confirmation	/home/data/t200301/xjt/Hesperiinae_wolbachia/Wolbachia_R2_6_QC_rerun_20260907_112808/01_PROVENANCE/host_source_author_confirmation_20260908.json	d2bb0a2bd2c9fea217e2e43f4894fcd93f07cf061a877bc168a00c0ba984bf77	2026-09-08T08:53:59.149861+08:00	current_main25_only	SOURCE_CONFIRMED_BY_AUTHOR_WITH_EXACT_AHE_ROW_CONTINUITY	Polytremis_eltola	/home/data/t200301/xjt/Wolchbia/Polytremis_eltola/Polytremis_eltola.contigs.min200.fa.gz	/home/data/t200301/xjt/Wolchbia/Polytremis_eltola/Polytremis_eltola.wolbachia_summary.txt	69cb4061989e94a0bfa435fe8ea7880c428cfa5605ad9a1922a8e4ce6b86266e	NONE_IDENTIFIED_IN_CURRENT_AUDIT	NOT_ASSIGNED
Polytremis_theca_mydata	Polytremis_theca	Polytremis_thecas_mydata	182682	dbbe2d623fac35dc7dc0ff816e83e9dce7b08b2993a5743bf2a051338227581d	dbbe2d623fac35dc7dc0ff816e83e9dce7b08b2993a5743bf2a051338227581d	EXACT_BODY_IDENTITY	False	True	author_provided_source_confirmation	/home/data/t200301/xjt/Hesperiinae_wolbachia/Wolbachia_R2_6_QC_rerun_20260907_112808/01_PROVENANCE/host_source_author_confirmation_20260908.json	d2bb0a2bd2c9fea217e2e43f4894fcd93f07cf061a877bc168a00c0ba984bf77	2026-09-08T08:53:59.149861+08:00	current_main25_only	SOURCE_CONFIRMED_BY_AUTHOR_WITH_EXACT_AHE_ROW_CONTINUITY	Polytremis_theca	/home/data/t200301/xjt/Wolchbia/Polytremis_theca/Polytremis_theca.contigs.min200.fa.gz	/home/data/t200301/xjt/Wolchbia/Polytremis_theca/Polytremis_theca.wolbachia_summary.txt	2952e699106a5137cb7e7aa8ffa849fc5c6e529b238666bf397fdc4b2e941ad2	NONE_IDENTIFIED_IN_CURRENT_AUDIT	NOT_ASSIGNED
Potanthus_trachala_mydata	Potanthus_trachala	Potanthus_trachalas_mydata	182682	46e14fa78da9b40341593d8cb4766d601a40f4b2f73f89db1117db73881e3e7b	46e14fa78da9b40341593d8cb4766d601a40f4b2f73f89db1117db73881e3e7b	EXACT_BODY_IDENTITY	False	True	author_provided_source_confirmation	/home/data/t200301/xjt/Hesperiinae_wolbachia/Wolbachia_R2_6_QC_rerun_20260907_112808/01_PROVENANCE/host_source_author_confirmation_20260908.json	d2bb0a2bd2c9fea217e2e43f4894fcd93f07cf061a877bc168a00c0ba984bf77	2026-09-08T08:53:59.149861+08:00	current_main25_only	SOURCE_CONFIRMED_BY_AUTHOR_WITH_EXACT_AHE_ROW_CONTINUITY	Potanthus_trachala	/home/data/t200301/xjt/Wolchbia/Potanthus_trachala/Potanthus_trachala.contigs.min200.fa.gz	/home/data/t200301/xjt/Wolchbia/Potanthus_trachala/Potanthus_trachala.wolbachia_summary.txt	30d582acb0bf0597229196c2c657485b63894762be44e03fc68cbc6083ee6c0a	NONE_IDENTIFIED_IN_CURRENT_AUDIT	NOT_ASSIGNED
Sovia_lucasii_lucasii_mydata	Sovia_lucasii_lucasii	Sovia_lucasii_lucasii_mydata	182682	f74fac1d6b0b799d5bdefd26ec7fb77ca9a2c3fd2543048fb34e0f8a5883ff19	f74fac1d6b0b799d5bdefd26ec7fb77ca9a2c3fd2543048fb34e0f8a5883ff19	EXACT_BODY_IDENTITY	False	True	author_provided_source_confirmation	/home/data/t200301/xjt/Hesperiinae_wolbachia/Wolbachia_R2_6_QC_rerun_20260907_112808/01_PROVENANCE/host_source_author_confirmation_20260908.json	d2bb0a2bd2c9fea217e2e43f4894fcd93f07cf061a877bc168a00c0ba984bf77	2026-09-08T08:53:59.149861+08:00	current_main25_only	SOURCE_CONFIRMED_BY_AUTHOR_WITH_EXACT_AHE_ROW_CONTINUITY	Sovia_lucasii_lucasii	/home/data/t200301/xjt/Wolchbia/Sovia_lucasii_lucasii/Sovia_lucasii_lucasii.contigs.min200.fa.gz	/home/data/t200301/xjt/Wolchbia/Sovia_lucasii_lucasii/Sovia_lucasii_lucasii.wolbachia_summary.txt	97ba361e7243ad572365e5f73c2b06f5541297ef0d0268f90ed4f71bfa189316	NONE_IDENTIFIED_IN_CURRENT_AUDIT	NOT_ASSIGNED
Sovia_subflava_mydata	Sovia_subflava	Sovia_subflava_mydata	182682	59124796be809c1d1f041509f8c352151f674c9cfb05419af0a4fc5ed891ba64	59124796be809c1d1f041509f8c352151f674c9cfb05419af0a4fc5ed891ba64	EXACT_BODY_IDENTITY	False	True	author_provided_source_confirmation	/home/data/t200301/xjt/Hesperiinae_wolbachia/Wolbachia_R2_6_QC_rerun_20260907_112808/01_PROVENANCE/host_source_author_confirmation_20260908.json	d2bb0a2bd2c9fea217e2e43f4894fcd93f07cf061a877bc168a00c0ba984bf77	2026-09-08T08:53:59.149861+08:00	current_main25_only	SOURCE_CONFIRMED_BY_AUTHOR_WITH_EXACT_AHE_ROW_CONTINUITY	Sovia_subflava	/home/data/t200301/xjt/Wolchbia/Sovia_subflava/Sovia_subflava.contigs.min200.fa.gz	/home/data/t200301/xjt/Wolchbia/Sovia_subflava/Sovia_subflava.wolbachia_summary.txt	12c07f88916e9b3ebb72e53550eb3d6507748e0f03d4f924b35c5155212a579a	NONE_IDENTIFIED_IN_CURRENT_AUDIT	NOT_ASSIGNED
Telicota_bambusae_mydata	Telicota_bambusae	Telicota_bambusaes_mydata	182682	0a344c2b8731e38f38efd05a844fb631eab158a5850a2ce274c3ddd9755d83c5	0a344c2b8731e38f38efd05a844fb631eab158a5850a2ce274c3ddd9755d83c5	EXACT_BODY_IDENTITY	False	True	author_provided_source_confirmation	/home/data/t200301/xjt/Hesperiinae_wolbachia/Wolbachia_R2_6_QC_rerun_20260907_112808/01_PROVENANCE/host_source_author_confirmation_20260908.json	d2bb0a2bd2c9fea217e2e43f4894fcd93f07cf061a877bc168a00c0ba984bf77	2026-09-08T08:53:59.149861+08:00	current_main25_only	SOURCE_CONFIRMED_BY_AUTHOR_WITH_EXACT_AHE_ROW_CONTINUITY	Telicota_bambusae	/home/data/t200301/xjt/Wolchbia/Telicota_bambusae/Telicota_bambusae.contigs.min200.fa.gz	/home/data/t200301/xjt/Wolchbia/Telicota_bambusae/Telicota_bambusae.wolbachia_summary.txt	85c558c9fb0070e7b0ea3711f1a2345423909a2caa52c36b8715cc4d7e13e4fe	NONE_IDENTIFIED_IN_CURRENT_AUDIT	NOT_ASSIGNED
Thoressa_kuata_ncbi	Thoressa_kuata	Thoressa_kuata_mydata	182682	3d97903c512c8570adc8034c916d4fae423a56c302ff6c9a079bb84069e0bd11	3d97903c512c8570adc8034c916d4fae423a56c302ff6c9a079bb84069e0bd11	EXACT_BODY_IDENTITY	False	True	author_provided_source_confirmation	/home/data/t200301/xjt/Hesperiinae_wolbachia/Wolbachia_R2_6_QC_rerun_20260907_112808/01_PROVENANCE/host_source_author_confirmation_20260908.json	d2bb0a2bd2c9fea217e2e43f4894fcd93f07cf061a877bc168a00c0ba984bf77	2026-09-08T08:53:59.149861+08:00	current_main25_only	SOURCE_CONFIRMED_BY_AUTHOR_WITH_EXACT_AHE_ROW_CONTINUITY	Thoressa_kuata	/home/data/t200301/xjt/Wolchbia/Thoressa_kuata/Thoressa_kuata.contigs.min200.fa.gz	/home/data/t200301/xjt/Wolchbia/Thoressa_kuata/Thoressa_kuata.wolbachia_summary.txt	0c033496e7f9b7c5af973b51578092c960a82021b02e5527e511f0b4fdc6a9c0	SOURCE_SUFFIX_CHANGED_WITHOUT_ACCESSION_CHAIN	NOT_ASSIGNED
