component	version	role	captured_at
R	R version 4.5.3 (2026-03-11)	runtime	2026-09-04T19:55:40+08:00
ape	5.8.1	tree IO and QA	2026-09-04T19:55:40+08:00
picante	1.8.2	phylogenetic utilities	2026-09-04T19:55:40+08:00
pspline	1.0.21	fixed-df environmental spline	2026-09-04T19:55:40+08:00
parallel	4.5.3	deterministic multistart workers	2026-09-04T19:55:40+08:00
ggplot2	4.0.2	figure construction	2026-09-04T19:55:40+08:00
cowplot	1.2.0	figure layout	2026-09-04T19:55:40+08:00
Cairo	1.7.0	SVG/PDF/600-dpi PNG export	2026-09-04T19:55:40+08:00
sha256sum	GNU coreutils 9.4	artifact hashing	2026-09-04T19:55:40+08:00
operating_system	Ubuntu 24.04.4 LTS	host OS	2026-09-04T19:55:40+08:00
kernel	Linux 6.8.0-90-generic x86_64 GNU/Linux	host kernel	2026-09-04T19:55:40+08:00
