wol_tip	Acerbas_sarala_chinensis	Aeromachus_catocyanea	Aeromachus_nana	Ampittia_dioscorides_fabricius	Ancistroides_nigrita	Cupitha_purreea	Halpe_concavimarginata	Halpe_porus	Idmon_fujianana	Isoteinon_lamprospilus	Matapa_druna	Ochlodes_bouddha	Oriens_gola	Pedesta_masuriensis	Pedesta_rubella	Perichares_adela	Pithauria_linus	Pithauria_stramineipennis	Polytremis_eltola	Polytremis_theca	Potanthus_trachala	Sovia_lucasii_lucasii	Sovia_subflava	Telicota_bambusae	Thoressa_kuata
Acerbas_sarala_chinensis	0	0.2812605948	0.0733626045	0.0592055273	0.0569544395	0.0541516084	0.1140492061	0.2956845694	0.0478895026	0.3290758031	0.0505162523	0.1927348793	0.1729488439	0.3882104363	0.049035232	0.2211876488	0.3643533116	0.0502603021	0.1640722211	0.1314103913	0.3359133742	0.3361801103	0.0554066539	0.0492963362	0.0733655443
Aeromachus_catocyanea	0.2812605948	0	0.3546175429	0.2711864641	0.2689353763	0.2661325452	0.2486757137	0.430311077	0.2598704394	0.4637023107	0.2624971891	0.1859864153	0.3075753515	0.3814619723	0.2610161688	0.2331286796	0.4567518646	0.2622412389	0.2986987287	0.2016649683	0.4705398818	0.4708066179	0.2673875907	0.261277273	0.3546204827
Aeromachus_nana	0.0733626045	0.3546175429	0	0.1325624754	0.1303113876	0.1275085565	0.1874061542	0.3690415175	0.1212464507	0.4024327512	0.1238732004	0.2660918274	0.246305792	0.4615673844	0.1223921801	0.2945445969	0.4377102597	0.1236172502	0.2374291692	0.2047673394	0.4092703223	0.4095370584	0.128763602	0.1226532843	0.0058228658
Ampittia_dioscorides_fabricius	0.0592055273	0.2711864641	0.1325624754	0	0.0121641812	0.0093613501	0.1039750754	0.2856104387	0.0116672343	0.3190016724	0.014293984	0.1826607486	0.1628747132	0.3781363056	0.0128129637	0.2111135181	0.3542791809	0.0140380338	0.1539980904	0.1213362606	0.3258392435	0.3261059796	0.0106116494	0.0130740679	0.1325654152
Ancistroides_nigrita	0.0569544395	0.2689353763	0.1303113876	0.0121641812	0	0.0067611143	0.1017239876	0.2833593509	0.0094161465	0.3167505846	0.0120428962	0.1804096608	0.1606236254	0.3758852178	0.0105618759	0.2088624303	0.3520280931	0.011786946	0.1517470026	0.1190851728	0.3235881557	0.3238548918	0.0083653078	0.0108229801	0.1303143274
Cupitha_purreea	0.0541516084	0.2661325452	0.1275085565	0.0093613501	0.0067611143	0	0.0989211565	0.2805565198	0.0066133154	0.3139477535	0.0092400651	0.1776068297	0.1578207943	0.3730823867	0.0077590448	0.2060595992	0.349225262	0.0089841149	0.1489441715	0.1162823417	0.3207853246	0.3210520607	0.0055624767	0.008020149	0.1275114963
Halpe_concavimarginata	0.1140492061	0.2486757137	0.1874061542	0.1039750754	0.1017239876	0.0989211565	0	0.2306976455	0.0926590507	0.2640888792	0.0952858004	0.1601499982	0.10796192	0.3556255552	0.0938047801	0.1886027677	0.3317684305	0.0950298502	0.0990852972	0.0988255102	0.2709264503	0.2711931864	0.100176202	0.0940658843	0.187409094
Halpe_porus	0.2956845694	0.430311077	0.3690415175	0.2856104387	0.2833593509	0.2805565198	0.2306976455	0	0.274294414	0.3125566129	0.2769211637	0.3417853615	0.1395704989	0.5372609185	0.2754401434	0.370238131	0.5134037938	0.2766652135	0.1386052371	0.2804608735	0.319394184	0.3196609201	0.2818115653	0.2757012476	0.3690444573
Idmon_fujianana	0.0478895026	0.2598704394	0.1212464507	0.0116672343	0.0094161465	0.0066133154	0.0926590507	0.274294414	0	0.3076856477	0.0029726757	0.1713447239	0.1515586885	0.3668202809	0.0014916554	0.1997974934	0.3429631562	0.0027167255	0.1426820657	0.1100202359	0.3145232188	0.3147899549	0.0078683609	0.0017468422	0.1212493905
Isoteinon_lamprospilus	0.3290758031	0.4637023107	0.4024327512	0.3190016724	0.3167505846	0.3139477535	0.2640888792	0.3125566129	0.3076856477	0	0.3103123974	0.3751765952	0.1898208874	0.5706521522	0.3088313771	0.4036293647	0.5467950275	0.3100564472	0.1809442646	0.3138521072	0.0131732357	0.0134399718	0.315202799	0.3090924813	0.402435691
Matapa_druna	0.0505162523	0.2624971891	0.1238732004	0.014293984	0.0120428962	0.0092400651	0.0952858004	0.2769211637	0.0029726757	0.3103123974	0	0.1739714736	0.1541854382	0.3694470306	0.0041143083	0.2024242431	0.3455899059	0.0053393784	0.1453088154	0.1126469856	0.3171499685	0.3174167046	0.0104951106	0.0043795093	0.1238761402
Ochlodes_bouddha	0.1927348793	0.1859864153	0.2660918274	0.1826607486	0.1804096608	0.1776068297	0.1601499982	0.3417853615	0.1713447239	0.3751765952	0.1739714736	0	0.219049636	0.259520201	0.1724904533	0.1446029641	0.3682261491	0.1737155234	0.2101730132	0.1131392528	0.3820141663	0.3822809024	0.1788618752	0.1727515575	0.2660947672
Oriens_gola	0.1729488439	0.3075753515	0.246305792	0.1628747132	0.1606236254	0.1578207943	0.10796192	0.1395704989	0.1515586885	0.1898208874	0.1541854382	0.219049636	0	0.414525193	0.1527044179	0.2475024055	0.3906680683	0.153929488	0.0158695116	0.157725148	0.1966584585	0.1969251946	0.1590758398	0.1529655221	0.2463087318
Pedesta_masuriensis	0.3882104363	0.3814619723	0.4615673844	0.3781363056	0.3758852178	0.3730823867	0.3556255552	0.5372609185	0.3668202809	0.5706521522	0.3694470306	0.259520201	0.414525193	0	0.3679660103	0.3400785211	0.5637017061	0.3691910804	0.4056485702	0.3086148098	0.5774897233	0.5777564594	0.3743374322	0.3682271145	0.4615703242
Pedesta_rubella	0.049035232	0.2610161688	0.1223921801	0.0128129637	0.0105618759	0.0077590448	0.0938047801	0.2754401434	0.0014916554	0.3088313771	0.0041143083	0.1724904533	0.1527044179	0.3679660103	0	0.2009432228	0.3441088856	0.0033676677	0.1438277951	0.1111659653	0.3156689482	0.3159356843	0.0090140903	0.002898489	0.1223951199
Perichares_adela	0.2211876488	0.2331286796	0.2945445969	0.2111135181	0.2088624303	0.2060595992	0.1886027677	0.370238131	0.1997974934	0.4036293647	0.2024242431	0.1446029641	0.2475024055	0.3400785211	0.2009432228	0	0.3966789186	0.2021682929	0.2386257827	0.1415920223	0.4104669358	0.4107336719	0.2073146447	0.201204327	0.2945475367
Pithauria_linus	0.3643533116	0.4567518646	0.4377102597	0.3542791809	0.3520280931	0.349225262	0.3317684305	0.5134037938	0.3429631562	0.5467950275	0.3455899059	0.3682261491	0.3906680683	0.5637017061	0.3441088856	0.3966789186	0	0.3453339557	0.3817914455	0.3069016611	0.5536325986	0.5538993347	0.3504803075	0.3443699898	0.4377131995
Pithauria_stramineipennis	0.0502603021	0.2622412389	0.1236172502	0.0140380338	0.011786946	0.0089841149	0.0950298502	0.2766652135	0.0027167255	0.3100564472	0.0053393784	0.1737155234	0.153929488	0.3691910804	0.0033676677	0.2021682929	0.3453339557	0	0.1450528652	0.1123910354	0.3168940183	0.3171607544	0.0102391604	0.0041235591	0.12362019
Polytremis_eltola	0.1640722211	0.2986987287	0.2374291692	0.1539980904	0.1517470026	0.1489441715	0.0990852972	0.1386052371	0.1426820657	0.1809442646	0.1453088154	0.2101730132	0.0158695116	0.4056485702	0.1438277951	0.2386257827	0.3817914455	0.1450528652	0	0.1488485252	0.1877818357	0.1880485718	0.150199217	0.1440888993	0.237432109
Polytremis_theca	0.1314103913	0.2016649683	0.2047673394	0.1213362606	0.1190851728	0.1162823417	0.0988255102	0.2804608735	0.1100202359	0.3138521072	0.1126469856	0.1131392528	0.157725148	0.3086148098	0.1111659653	0.1415920223	0.3069016611	0.1123910354	0.1488485252	0	0.3206896783	0.3209564144	0.1175373872	0.1114270695	0.2047702792
Potanthus_trachala	0.3359133742	0.4705398818	0.4092703223	0.3258392435	0.3235881557	0.3207853246	0.2709264503	0.319394184	0.3145232188	0.0131732357	0.3171499685	0.3820141663	0.1966584585	0.5774897233	0.3156689482	0.4104669358	0.5536325986	0.3168940183	0.1877818357	0.3206896783	0	0.0002687379	0.3220403701	0.3159300524	0.4092732621
Sovia_lucasii_lucasii	0.3361801103	0.4708066179	0.4095370584	0.3261059796	0.3238548918	0.3210520607	0.2711931864	0.3196609201	0.3147899549	0.0134399718	0.3174167046	0.3822809024	0.1969251946	0.5777564594	0.3159356843	0.4107336719	0.5538993347	0.3171607544	0.1880485718	0.3209564144	0.0002687379	0	0.3223071062	0.3161967885	0.4095399982
Sovia_subflava	0.0554066539	0.2673875907	0.128763602	0.0106116494	0.0083653078	0.0055624767	0.100176202	0.2818115653	0.0078683609	0.315202799	0.0104951106	0.1788618752	0.1590758398	0.3743374322	0.0090140903	0.2073146447	0.3504803075	0.0102391604	0.150199217	0.1175373872	0.3220403701	0.3223071062	0	0.0092751945	0.1287665418
Telicota_bambusae	0.0492963362	0.261277273	0.1226532843	0.0130740679	0.0108229801	0.008020149	0.0940658843	0.2757012476	0.0017468422	0.3090924813	0.0043795093	0.1727515575	0.1529655221	0.3682271145	0.002898489	0.201204327	0.3443699898	0.0041235591	0.1440888993	0.1114270695	0.3159300524	0.3161967885	0.0092751945	0	0.1226562241
Thoressa_kuata	0.0733655443	0.3546204827	0.0058228658	0.1325654152	0.1303143274	0.1275114963	0.187409094	0.3690444573	0.1212493905	0.402435691	0.1238761402	0.2660947672	0.2463087318	0.4615703242	0.1223951199	0.2945475367	0.4377131995	0.12362019	0.237432109	0.2047702792	0.4092732621	0.4095399982	0.1287665418	0.1226562241	0
