component	value
signature_schema	03e_finalize_boundary_aware_v5_complete_signature_1
overall_status	complete_with_one_prespecified_nonregular_boundary
driver_sha256	cc9ed898b64330f56cb1503187768b116767cd7211a23c693d394c1f40077bf3
round1_rds_sha256	38f2a9cd7264784e679a9aa6932d86e2ad82c01736e17ff6e399d9d7c7b54b86
round1_analysis_signature	36843d1bbd0bc9dc2b57666a0ea100232b290c4f45c72fb3002811ca6e9a5bd2
profile_rds_sha256	ee18896287aa60ea0e9b7fbce83cd80fcbf7520c28991f168b3333cf2372e6b6
profile_analysis_signature	036470c2b1f775681e61411bca1a8eb5b1a1817114bf534da77040beee9a3d95
tree_sha256	06725d5a0c1ef29007aeb0f7657175c2d2329c75cb4d8fb2170e39b5fdaf6962
environment_sha256	3d0af76b57e294ee32f963fe0945b50b9f0713282e8546c5b74f0a60e41d4e8a
sampling_fraction	0.19857142857142857
conditioning	crown
environment_df	80
total_time	42.083092000000008
n_observed	417
prespecified_models	BCST;BCSTDCST;BTimeVar;BTimeVarDCST;BCSTDTimeVar;BTimeVarDTimeVar;BTempVar;BTempVarDCST;BCSTDTempVar;BTempVarDTempVar
source_sha256:model_fits_10models.rds	38f2a9cd7264784e679a9aa6932d86e2ad82c01736e17ff6e399d9d7c7b54b86
source_sha256:T25_deep_only_dated.Hesperiinae_417sp_RPANDA.tre	06725d5a0c1ef29007aeb0f7657175c2d2329c75cb4d8fb2170e39b5fdaf6962
source_sha256:temperature_surface_to_tree_age.tsv	3d0af76b57e294ee32f963fe0945b50b9f0713282e8546c5b74f0a60e41d4e8a
source_sha256:BCSTDTempVar_logcenter_profile.rds	ee18896287aa60ea0e9b7fbce83cd80fcbf7520c28991f168b3333cf2372e6b6
source_sha256:analysis_signature.tsv	036470c2b1f775681e61411bca1a8eb5b1a1817114bf534da77040beee9a3d95
source_sha256:analysis_signature.sha256	5138b93c61a95527cb0b77cb5719317190824953580987a18cce10136bea862c
source_sha256:boundary_diagnosis.tsv	7867abb2718ccfe537d7d7c170a859949a22ed81859f561f96e22572e27f4b20
source_sha256:fixed_beta_profile_summary.tsv	202465ea598837c3a7a3e31bcdd68cf9343c07e11dd46f69fa404bf15dc56077
source_sha256:fixed_beta_profile_runs.tsv	256c1f397d1c71789e8025b4aef78d29b365274406481ee05086a82289698232
source_sha256:full_multistart_runs.tsv	3bb68d9a748277d0b50e1a3736d4e668e88e0ac7e4412f9dbb8498f82b55ca84
optimization_ledger_schema	complete_round1_plus_03c_free_logcenter
optimization_ledger_rows	74
round1_boundary_trigger_runs	10
profile_free_boundary_runs	10
