check	observed	expected	pass
prespecified_models_attempted	10	10	TRUE
final_table_rows	10	10	TRUE
finite_stable_reproducible_estimate_models	9	9	TRUE
boundary_nonidentifiable_models	1	1	TRUE
ten_models_have_finite_MLE	FALSE	FALSE	TRUE
boundary_model_is_BCSTDTempVar	TRUE	TRUE	TRUE
boundary_not_eligible_for_AICc	TRUE	TRUE	TRUE
boundary_inferential_fields_are_NA	TRUE	TRUE	TRUE
boundary_diagnostic_boundary_platform_not_ranked	TRUE	TRUE	TRUE
boundary_profile_evidence_complete	TRUE	TRUE	TRUE
boundary_free_logcenter_runs	10	10	TRUE
boundary_diagnostic_sequence_reproduced_twice_1e4	10	>=2	TRUE
boundary_profile_edge_is_most_negative	TRUE	TRUE	TRUE
boundary_extinction_rate_explosion_detected	TRUE	TRUE	TRUE
eligible_Akaike_weights_sum	1	1 within floating-point error	TRUE
boundary_Akaike_weight_is_NA	TRUE	TRUE	TRUE
eligible_AICc_matches_full_precision_recalculation	0	<=1e-12	TRUE
eligible_selected_convergence_zero	TRUE	TRUE	TRUE
eligible_selected_best_reproduced_twice_1e4	4	>=2	TRUE
eligible_selected_rates_finite	TRUE	TRUE	TRUE
eligible_selected_rates_nonnegative	TRUE	TRUE	TRUE
eligible_selected_no_rate_explosion_gt_100_per_Ma	TRUE	TRUE	TRUE
same_tree_sha256_all_attempts	TRUE	TRUE	TRUE
same_environment_sha256_all_attempts	TRUE	TRUE	TRUE
same_sampling_fraction_all_attempts	TRUE	TRUE	TRUE
same_conditioning_all_attempts	TRUE	TRUE	TRUE
same_temperature_df_all_attempts	TRUE	TRUE	TRUE
same_total_time_all_attempts	TRUE	TRUE	TRUE
profile_tables_copied_byte_identical	TRUE	TRUE	TRUE
model_table_TSV_roundtrip	TRUE	TRUE	TRUE
optimization_ledger_TSV_roundtrip	TRUE	TRUE	TRUE
no_control_characters_in_final_tables	TRUE	TRUE	TRUE
overall_status	complete_with_one_prespecified_nonregular_boundary	complete_with_one_prespecified_nonregular_boundary	TRUE
diagnostic_naive_10model_sensitivity_rows	10	10	TRUE
diagnostic_naive_scores_all_invalid_for_inference	TRUE	TRUE	TRUE
diagnostic_naive_scores_carry_explicit_reason	TRUE	TRUE	TRUE
diagnostic_naive_weights_sum_only_as_arithmetic_sensitivity	0.99999999999999989	1 (arithmetic only; not inferential)	TRUE
formal_ranking_excludes_boundary_platform	TRUE	TRUE	TRUE
diagnostic_sensitivity_file_not_formal_ranking_source	TRUE	TRUE	TRUE
complete_optimization_ledger_rows	74	74	TRUE
all_round1_runs_retained_in_ledger	64	64	TRUE
BCSTDTempVar_round1_boundary_trigger_runs_retained	10	10	TRUE
BCSTDTempVar_round1_runs_diagnostic_only_ineligible_unselected	TRUE	TRUE	TRUE
BCSTDTempVar_source_selection_preserved_but_not_formal	1/0	1 source-selected / 0 formal-selected	TRUE
BCSTDTempVar_free_logcenter_runs_retained	10	10	TRUE
fixed_beta_each_point_reproduced_twice	3	>=2	TRUE
fixed_beta_no_higher_finite_nonconverged_run	TRUE	TRUE	TRUE
