model	model_status	eligible_for_AICc	run_source	start_id	start_label	parameterization	seed	method	maxit	reltol	parscale	starting_values_native	starting_values_raw	final_values_native	final_values_raw	logLik	AICc_from_vendor	diagnostic_naive_AICc	convergence	optimizer_message	n_function	n_gradient	elapsed_sec	warnings	error	rates_finite	rates_nonnegative	rate_explosion	min_lambda	max_lambda	min_mu	max_mu	boundary_flag	selected_in_source_analysis	selected_for_formal_MLE	diagnostic_only	diagnostic_sequence_best	total_time	sampling_fraction	conditioning	environment_df	source_analysis_signature	run_signature	tree_sha256	environment_sha256	source_driver_sha256	analysis_signature
BCST	finite_stable_reproducible_estimate	TRUE	first_round_v2	1	first_round_start01	raw_original	2026090501	Nelder-Mead	500	0.0000000149011611938477	1	lambda0=0.050000000000000003	lambda0=0.050000000000000003	lambda0=0.14757812500000006	lambda0=0.14757812500000006	-1445.78513371812	2893.57990599045	NA	0	NA	30	NA	0.686	one-dimensional optimization by Nelder-Mead is unreliable: use "Brent" or optimize() directly	NA	TRUE	TRUE	FALSE	0.147578125	0.147578125	0	0	none	FALSE	FALSE	FALSE	FALSE	42.083092	0.198571428571429	crown	80	36843d1bbd0bc9dc2b57666a0ea100232b290c4f45c72fb3002811ca6e9a5bd2	68ca2254e1ca98091d67eb2b3744822aabb3be5cbd31d3b705e5c0f1b7bb0257	06725d5a0c1ef29007aeb0f7657175c2d2329c75cb4d8fb2170e39b5fdaf6962	3d0af76b57e294ee32f963fe0945b50b9f0713282e8546c5b74f0a60e41d4e8a	6db09ba718b3d18cbe762ccfe3cd2fd1c3186d8c069b10da602219b2e4c45b90	3b2c2357bb92444b72f4520914b238d1e0eabd0aa47952d75f61e327f3179fb3
BCST	finite_stable_reproducible_estimate	TRUE	first_round_v2	2	first_round_start02	raw_original	2026090502	Nelder-Mead	500	0.0000000149011611938477	1	lambda0=0.080000000000000002	lambda0=0.080000000000000002	lambda0=0.14749999999999996	lambda0=0.14749999999999996	-1445.78520739451	2893.58005334324	NA	0	NA	22	NA	0.421	one-dimensional optimization by Nelder-Mead is unreliable: use "Brent" or optimize() directly	NA	TRUE	TRUE	FALSE	0.1475	0.1475	0	0	none	FALSE	FALSE	FALSE	FALSE	42.083092	0.198571428571429	crown	80	36843d1bbd0bc9dc2b57666a0ea100232b290c4f45c72fb3002811ca6e9a5bd2	9b042f6669375712bd5e75228bc45ec2d44cbcc21469bc9870df26a0155c75b4	06725d5a0c1ef29007aeb0f7657175c2d2329c75cb4d8fb2170e39b5fdaf6962	3d0af76b57e294ee32f963fe0945b50b9f0713282e8546c5b74f0a60e41d4e8a	6db09ba718b3d18cbe762ccfe3cd2fd1c3186d8c069b10da602219b2e4c45b90	3b2c2357bb92444b72f4520914b238d1e0eabd0aa47952d75f61e327f3179fb3
BCST	finite_stable_reproducible_estimate	TRUE	first_round_v2	3	first_round_start03	raw_original	2026090503	Nelder-Mead	500	0.0000000149011611938477	1	lambda0=0.12	lambda0=0.12	lambda0=0.14756250000000004	lambda0=0.14756250000000004	-1445.78512625361	2893.57989106144	NA	0	NA	22	NA	0.45	one-dimensional optimization by Nelder-Mead is unreliable: use "Brent" or optimize() directly	NA	TRUE	TRUE	FALSE	0.1475625	0.1475625	0	0	none	TRUE	TRUE	FALSE	FALSE	42.083092	0.198571428571429	crown	80	36843d1bbd0bc9dc2b57666a0ea100232b290c4f45c72fb3002811ca6e9a5bd2	06dba7fa5f8f176feeef999e23954f9bd6e2cbefbea4bc2cbfd3dc449db230e1	06725d5a0c1ef29007aeb0f7657175c2d2329c75cb4d8fb2170e39b5fdaf6962	3d0af76b57e294ee32f963fe0945b50b9f0713282e8546c5b74f0a60e41d4e8a	6db09ba718b3d18cbe762ccfe3cd2fd1c3186d8c069b10da602219b2e4c45b90	3b2c2357bb92444b72f4520914b238d1e0eabd0aa47952d75f61e327f3179fb3
BCST	finite_stable_reproducible_estimate	TRUE	first_round_v2	4	first_round_start04	raw_original	2026090504	Nelder-Mead	500	0.0000000149011611938477	1	lambda0=0.16	lambda0=0.16	lambda0=0.14750000000000002	lambda0=0.14750000000000002	-1445.78520739451	2893.58005334324	NA	0	NA	18	NA	0.389	one-dimensional optimization by Nelder-Mead is unreliable: use "Brent" or optimize() directly	NA	TRUE	TRUE	FALSE	0.1475	0.1475	0	0	none	FALSE	FALSE	FALSE	FALSE	42.083092	0.198571428571429	crown	80	36843d1bbd0bc9dc2b57666a0ea100232b290c4f45c72fb3002811ca6e9a5bd2	cfe7ac34ed780a40ee242948f46b54aba54a66544d0d65386716cddccbd6fbce	06725d5a0c1ef29007aeb0f7657175c2d2329c75cb4d8fb2170e39b5fdaf6962	3d0af76b57e294ee32f963fe0945b50b9f0713282e8546c5b74f0a60e41d4e8a	6db09ba718b3d18cbe762ccfe3cd2fd1c3186d8c069b10da602219b2e4c45b90	3b2c2357bb92444b72f4520914b238d1e0eabd0aa47952d75f61e327f3179fb3
BCST	finite_stable_reproducible_estimate	TRUE	first_round_v2	5	first_round_start05	raw_original	2026090505	Nelder-Mead	500	0.0000000149011611938477	1	lambda0=0.22	lambda0=0.22	lambda0=0.1475546875	lambda0=0.1475546875	-1445.78512668295	2893.57989192011	NA	0	NA	28	NA	0.638	one-dimensional optimization by Nelder-Mead is unreliable: use "Brent" or optimize() directly	NA	TRUE	TRUE	FALSE	0.1475546875	0.1475546875	0	0	none	FALSE	FALSE	FALSE	FALSE	42.083092	0.198571428571429	crown	80	36843d1bbd0bc9dc2b57666a0ea100232b290c4f45c72fb3002811ca6e9a5bd2	b2bc0a363ecc447c90d97dd98292b4d6eae459cdcf4c9d93d0c9e687f85dfd39	06725d5a0c1ef29007aeb0f7657175c2d2329c75cb4d8fb2170e39b5fdaf6962	3d0af76b57e294ee32f963fe0945b50b9f0713282e8546c5b74f0a60e41d4e8a	6db09ba718b3d18cbe762ccfe3cd2fd1c3186d8c069b10da602219b2e4c45b90	3b2c2357bb92444b72f4520914b238d1e0eabd0aa47952d75f61e327f3179fb3
BCST	finite_stable_reproducible_estimate	TRUE	first_round_v2	6	first_round_start06	raw_original	2026090506	Nelder-Mead	500	0.0000000149011611938477	1	lambda0=0.29999999999999999	lambda0=0.29999999999999999	lambda0=0.14753906250000015	lambda0=0.14753906250000015	-1445.78513586605	2893.57991028631	NA	0	NA	28	NA	0.669	one-dimensional optimization by Nelder-Mead is unreliable: use "Brent" or optimize() directly	NA	TRUE	TRUE	FALSE	0.1475390625	0.1475390625	0	0	none	FALSE	FALSE	FALSE	FALSE	42.083092	0.198571428571429	crown	80	36843d1bbd0bc9dc2b57666a0ea100232b290c4f45c72fb3002811ca6e9a5bd2	d5cb6c780b448a255b9a08ecdd198bd439e4357d5c7f1b4fc33a33ffcc6d98a7	06725d5a0c1ef29007aeb0f7657175c2d2329c75cb4d8fb2170e39b5fdaf6962	3d0af76b57e294ee32f963fe0945b50b9f0713282e8546c5b74f0a60e41d4e8a	6db09ba718b3d18cbe762ccfe3cd2fd1c3186d8c069b10da602219b2e4c45b90	3b2c2357bb92444b72f4520914b238d1e0eabd0aa47952d75f61e327f3179fb3
BCSTDCST	finite_stable_reproducible_estimate	TRUE	first_round_v2	1	first_round_start01	raw_original	2026090601	Nelder-Mead	500	0.0000000149011611938477	1;1	lambda0=0.080000000000000002;mu0=0.001	lambda0=0.080000000000000002;mu0=0.001	lambda0=0.14757707619755583;mu0=-1.5160094790505047e-07	lambda0=0.14757707619755583;mu0=-1.5160094790505047e-07	-1445.78515155854	2895.59928862433	NA	0	NA	71	NA	1.519	NA	NA	TRUE	TRUE	FALSE	0.147577076197556	0.147577076197556	0.00000015160094790505	0.00000015160094790505	none	FALSE	FALSE	FALSE	FALSE	42.083092	0.198571428571429	crown	80	36843d1bbd0bc9dc2b57666a0ea100232b290c4f45c72fb3002811ca6e9a5bd2	fcfcabf4ede03ecca898fec7f61b8c440b881b18af8af4c941a64adbe3065a20	06725d5a0c1ef29007aeb0f7657175c2d2329c75cb4d8fb2170e39b5fdaf6962	3d0af76b57e294ee32f963fe0945b50b9f0713282e8546c5b74f0a60e41d4e8a	6db09ba718b3d18cbe762ccfe3cd2fd1c3186d8c069b10da602219b2e4c45b90	3b2c2357bb92444b72f4520914b238d1e0eabd0aa47952d75f61e327f3179fb3
BCSTDCST	finite_stable_reproducible_estimate	TRUE	first_round_v2	2	first_round_start02	raw_original	2026090602	Nelder-Mead	500	0.0000000149011611938477	1;1	lambda0=0.12;mu0=0.0050000000000000001	lambda0=0.12;mu0=0.0050000000000000001	lambda0=0.14757042864989661;mu0=-9.6328544515445941e-08	lambda0=0.14757042864989661;mu0=-9.6328544515445941e-08	-1445.78514054936	2895.59926660596	NA	0	NA	67	NA	1.319	NA	NA	TRUE	TRUE	FALSE	0.147570428649897	0.147570428649897	0.0000000963285445154459	0.0000000963285445154459	mu0_near_zero	TRUE	TRUE	FALSE	FALSE	42.083092	0.198571428571429	crown	80	36843d1bbd0bc9dc2b57666a0ea100232b290c4f45c72fb3002811ca6e9a5bd2	5803746bcbd4b0b2585321267bb426911fe3cff2b4560c541dc7cfe83a128ed6	06725d5a0c1ef29007aeb0f7657175c2d2329c75cb4d8fb2170e39b5fdaf6962	3d0af76b57e294ee32f963fe0945b50b9f0713282e8546c5b74f0a60e41d4e8a	6db09ba718b3d18cbe762ccfe3cd2fd1c3186d8c069b10da602219b2e4c45b90	3b2c2357bb92444b72f4520914b238d1e0eabd0aa47952d75f61e327f3179fb3
BCSTDCST	finite_stable_reproducible_estimate	TRUE	first_round_v2	3	first_round_start03	raw_original	2026090603	Nelder-Mead	500	0.0000000149011611938477	1;1	lambda0=0.14999999999999999;mu0=0.01	lambda0=0.14999999999999999;mu0=0.01	lambda0=0.14755970854058731;mu0=-3.8092178314711348e-07	lambda0=0.14755970854058731;mu0=-3.8092178314711348e-07	-1445.7851732527	2895.59933201264	NA	0	NA	71	NA	1.488	NA	NA	TRUE	TRUE	FALSE	0.147559708540587	0.147559708540587	0.000000380921783147113	0.000000380921783147113	none	FALSE	FALSE	FALSE	FALSE	42.083092	0.198571428571429	crown	80	36843d1bbd0bc9dc2b57666a0ea100232b290c4f45c72fb3002811ca6e9a5bd2	c7517da76b9c5b5cff007ea8fc88470afe76a81488b6a63d34af2d5c8da5e65a	06725d5a0c1ef29007aeb0f7657175c2d2329c75cb4d8fb2170e39b5fdaf6962	3d0af76b57e294ee32f963fe0945b50b9f0713282e8546c5b74f0a60e41d4e8a	6db09ba718b3d18cbe762ccfe3cd2fd1c3186d8c069b10da602219b2e4c45b90	3b2c2357bb92444b72f4520914b238d1e0eabd0aa47952d75f61e327f3179fb3
BCSTDCST	finite_stable_reproducible_estimate	TRUE	first_round_v2	4	first_round_start04	raw_original	2026090604	Nelder-Mead	500	0.0000000149011611938477	1;1	lambda0=0.20000000000000001;mu0=0.029999999999999999	lambda0=0.20000000000000001;mu0=0.029999999999999999	lambda0=0.14752753332860663;mu0=3.4929243207883633e-09	lambda0=0.14752753332860663;mu0=3.4929243207883633e-09	-1445.78515019519	2895.59928589763	NA	0	NA	83	NA	1.556	NA	NA	TRUE	TRUE	FALSE	0.147527533328607	0.147527533328607	0.00000000349292432078836	0.00000000349292432078836	mu0_near_zero	FALSE	FALSE	FALSE	FALSE	42.083092	0.198571428571429	crown	80	36843d1bbd0bc9dc2b57666a0ea100232b290c4f45c72fb3002811ca6e9a5bd2	571d203866a42ed1d636166b25dc6353e844aa6e230665c87225a98476ce6921	06725d5a0c1ef29007aeb0f7657175c2d2329c75cb4d8fb2170e39b5fdaf6962	3d0af76b57e294ee32f963fe0945b50b9f0713282e8546c5b74f0a60e41d4e8a	6db09ba718b3d18cbe762ccfe3cd2fd1c3186d8c069b10da602219b2e4c45b90	3b2c2357bb92444b72f4520914b238d1e0eabd0aa47952d75f61e327f3179fb3
BCSTDCST	finite_stable_reproducible_estimate	TRUE	first_round_v2	5	first_round_start05	raw_original	2026090605	Nelder-Mead	500	0.0000000149011611938477	1;1	lambda0=0.28000000000000003;mu0=0.080000000000000002	lambda0=0.28000000000000003;mu0=0.080000000000000002	lambda0=0.14756885248320267;mu0=-3.2775921223915575e-07	lambda0=0.14756885248320267;mu0=-3.2775921223915575e-07	-1445.78516843876	2895.59932238477	NA	0	NA	83	NA	1.557	NA	NA	TRUE	TRUE	FALSE	0.147568852483203	0.147568852483203	0.000000327759212239156	0.000000327759212239156	none	FALSE	FALSE	FALSE	FALSE	42.083092	0.198571428571429	crown	80	36843d1bbd0bc9dc2b57666a0ea100232b290c4f45c72fb3002811ca6e9a5bd2	b3fb3375dad90eac6a4ad19f270022c4fbc82a41cc6ddd1174f550bde37da8c1	06725d5a0c1ef29007aeb0f7657175c2d2329c75cb4d8fb2170e39b5fdaf6962	3d0af76b57e294ee32f963fe0945b50b9f0713282e8546c5b74f0a60e41d4e8a	6db09ba718b3d18cbe762ccfe3cd2fd1c3186d8c069b10da602219b2e4c45b90	3b2c2357bb92444b72f4520914b238d1e0eabd0aa47952d75f61e327f3179fb3
BCSTDCST	finite_stable_reproducible_estimate	TRUE	first_round_v2	6	first_round_start06	raw_original	2026090606	Nelder-Mead	500	0.0000000149011611938477	1;1	lambda0=0.10000000000000001;mu0=0.014999999999999999	lambda0=0.10000000000000001;mu0=0.014999999999999999	lambda0=0.1475587458833702;mu0=2.1860352110224601e-07	lambda0=0.1475587458833702;mu0=2.1860352110224601e-07	-1445.78515318637	2895.59929187998	NA	0	NA	73	NA	1.436	NA	NA	TRUE	TRUE	FALSE	0.14755874588337	0.14755874588337	0.000000218603521102246	0.000000218603521102246	none	FALSE	FALSE	FALSE	FALSE	42.083092	0.198571428571429	crown	80	36843d1bbd0bc9dc2b57666a0ea100232b290c4f45c72fb3002811ca6e9a5bd2	771fb10909754ef6e333876027307d7b90999c5158c36b8f1d506bd118d93f66	06725d5a0c1ef29007aeb0f7657175c2d2329c75cb4d8fb2170e39b5fdaf6962	3d0af76b57e294ee32f963fe0945b50b9f0713282e8546c5b74f0a60e41d4e8a	6db09ba718b3d18cbe762ccfe3cd2fd1c3186d8c069b10da602219b2e4c45b90	3b2c2357bb92444b72f4520914b238d1e0eabd0aa47952d75f61e327f3179fb3
BTimeVar	finite_stable_reproducible_estimate	TRUE	first_round_v2	1	first_round_start01	raw_original	2026090701	Nelder-Mead	500	0.0000000149011611938477	1;1	lambda0=0.080000000000000002;alpha=-0.02	lambda0=0.080000000000000002;alpha=-0.02	lambda0=0.13222845383625814;alpha=0.010121788597461998	lambda0=0.13222845383625814;alpha=0.010121788597461998	-1443.68949147288	2891.407968453	NA	0	NA	53	NA	7.27	NA	NA	TRUE	TRUE	FALSE	0.132228453836258	0.202448857332142	0	0	none	TRUE	TRUE	FALSE	FALSE	42.083092	0.198571428571429	crown	80	36843d1bbd0bc9dc2b57666a0ea100232b290c4f45c72fb3002811ca6e9a5bd2	4c21d55ee8cbb730b0729378ffa75cba3f9afc9605b7aadcf8d6ea2861ff75e0	06725d5a0c1ef29007aeb0f7657175c2d2329c75cb4d8fb2170e39b5fdaf6962	3d0af76b57e294ee32f963fe0945b50b9f0713282e8546c5b74f0a60e41d4e8a	6db09ba718b3d18cbe762ccfe3cd2fd1c3186d8c069b10da602219b2e4c45b90	3b2c2357bb92444b72f4520914b238d1e0eabd0aa47952d75f61e327f3179fb3
BTimeVar	finite_stable_reproducible_estimate	TRUE	first_round_v2	2	first_round_start02	raw_original	2026090702	Nelder-Mead	500	0.0000000149011611938477	1;1	lambda0=0.12;alpha=-0.01	lambda0=0.12;alpha=-0.01	lambda0=0.13228451929986473;alpha=0.010092557862401009	lambda0=0.13228451929986473;alpha=0.010092557862401009	-1443.68949844697	2891.40798240119	NA	0	NA	41	NA	5.455	NA	NA	TRUE	TRUE	FALSE	0.132284519299865	0.202285707816639	0	0	none	FALSE	FALSE	FALSE	FALSE	42.083092	0.198571428571429	crown	80	36843d1bbd0bc9dc2b57666a0ea100232b290c4f45c72fb3002811ca6e9a5bd2	c38d468c83305ffea23e43228feb014d354e08323ed8d141283f4d32c35b2f57	06725d5a0c1ef29007aeb0f7657175c2d2329c75cb4d8fb2170e39b5fdaf6962	3d0af76b57e294ee32f963fe0945b50b9f0713282e8546c5b74f0a60e41d4e8a	6db09ba718b3d18cbe762ccfe3cd2fd1c3186d8c069b10da602219b2e4c45b90	3b2c2357bb92444b72f4520914b238d1e0eabd0aa47952d75f61e327f3179fb3
BTimeVar	finite_stable_reproducible_estimate	TRUE	first_round_v2	3	first_round_start03	raw_original	2026090703	Nelder-Mead	500	0.0000000149011611938477	1;1	lambda0=0.14999999999999999;alpha=0.0050000000000000001	lambda0=0.14999999999999999;alpha=0.0050000000000000001	lambda0=0.13229375683513356;alpha=0.010100635133858307	lambda0=0.13229375683513356;alpha=0.010100635133858307	-1443.68950664986	2891.40799880696	NA	0	NA	43	NA	5.549	NA	NA	TRUE	TRUE	FALSE	0.132293756835134	0.202368610343278	0	0	none	FALSE	FALSE	FALSE	FALSE	42.083092	0.198571428571429	crown	80	36843d1bbd0bc9dc2b57666a0ea100232b290c4f45c72fb3002811ca6e9a5bd2	ae82c93fd97db39e73a133c99419da6b5867a19027611c5b1876f54278912574	06725d5a0c1ef29007aeb0f7657175c2d2329c75cb4d8fb2170e39b5fdaf6962	3d0af76b57e294ee32f963fe0945b50b9f0713282e8546c5b74f0a60e41d4e8a	6db09ba718b3d18cbe762ccfe3cd2fd1c3186d8c069b10da602219b2e4c45b90	3b2c2357bb92444b72f4520914b238d1e0eabd0aa47952d75f61e327f3179fb3
BTimeVar	finite_stable_reproducible_estimate	TRUE	first_round_v2	4	first_round_start04	raw_original	2026090704	Nelder-Mead	500	0.0000000149011611938477	1;1	lambda0=0.20000000000000001;alpha=0.01	lambda0=0.20000000000000001;alpha=0.01	lambda0=0.13224672327260123;alpha=0.010107171808031137	lambda0=0.13224672327260123;alpha=0.010107171808031137	-1443.68949434552	2891.40797419828	NA	0	NA	55	NA	7.144	NA	NA	TRUE	TRUE	FALSE	0.132246723272601	0.202352319632295	0	0	none	FALSE	FALSE	FALSE	FALSE	42.083092	0.198571428571429	crown	80	36843d1bbd0bc9dc2b57666a0ea100232b290c4f45c72fb3002811ca6e9a5bd2	d6bc5e4c92b19b45e01097eb1f8d6d8451d7b28e8bc44e603af14d544231add8	06725d5a0c1ef29007aeb0f7657175c2d2329c75cb4d8fb2170e39b5fdaf6962	3d0af76b57e294ee32f963fe0945b50b9f0713282e8546c5b74f0a60e41d4e8a	6db09ba718b3d18cbe762ccfe3cd2fd1c3186d8c069b10da602219b2e4c45b90	3b2c2357bb92444b72f4520914b238d1e0eabd0aa47952d75f61e327f3179fb3
BTimeVar	finite_stable_reproducible_estimate	TRUE	first_round_v2	5	first_round_start05	raw_original	2026090705	Nelder-Mead	500	0.0000000149011611938477	1;1	lambda0=0.28000000000000003;alpha=0.02	lambda0=0.28000000000000003;alpha=0.02	lambda0=0.13222529841032005;alpha=0.010136521220344589	lambda0=0.13222529841032005;alpha=0.010136521220344589	-1443.68949833556	2891.40798217836	NA	0	NA	65	NA	9.114	NA	NA	TRUE	TRUE	FALSE	0.13222529841032	0.202569579270013	0	0	none	FALSE	FALSE	FALSE	FALSE	42.083092	0.198571428571429	crown	80	36843d1bbd0bc9dc2b57666a0ea100232b290c4f45c72fb3002811ca6e9a5bd2	8bc704c2d1dc5d3876a04684f4998902127f5d02926f6d6cc03e219b9d2ccb9c	06725d5a0c1ef29007aeb0f7657175c2d2329c75cb4d8fb2170e39b5fdaf6962	3d0af76b57e294ee32f963fe0945b50b9f0713282e8546c5b74f0a60e41d4e8a	6db09ba718b3d18cbe762ccfe3cd2fd1c3186d8c069b10da602219b2e4c45b90	3b2c2357bb92444b72f4520914b238d1e0eabd0aa47952d75f61e327f3179fb3
BTimeVar	finite_stable_reproducible_estimate	TRUE	first_round_v2	6	first_round_start06	raw_original	2026090706	Nelder-Mead	500	0.0000000149011611938477	1;1	lambda0=0.10000000000000001;alpha=0.001	lambda0=0.10000000000000001;alpha=0.001	lambda0=0.13226627248492157;alpha=0.010101690442839754	lambda0=0.13226627248492157;alpha=0.010101690442839754	-1443.68949155868	2891.4079686246	NA	0	NA	49	NA	7.133	NA	NA	TRUE	TRUE	FALSE	0.132266272484922	0.202335553428508	0	0	none	FALSE	FALSE	FALSE	FALSE	42.083092	0.198571428571429	crown	80	36843d1bbd0bc9dc2b57666a0ea100232b290c4f45c72fb3002811ca6e9a5bd2	c8d0905f11fa98d60b604830570e92a43f00a6ea9aa4da7d9bffdcef3b05252c	06725d5a0c1ef29007aeb0f7657175c2d2329c75cb4d8fb2170e39b5fdaf6962	3d0af76b57e294ee32f963fe0945b50b9f0713282e8546c5b74f0a60e41d4e8a	6db09ba718b3d18cbe762ccfe3cd2fd1c3186d8c069b10da602219b2e4c45b90	3b2c2357bb92444b72f4520914b238d1e0eabd0aa47952d75f61e327f3179fb3
BTimeVarDCST	finite_stable_reproducible_estimate	TRUE	first_round_v2	1	first_round_start01	raw_original	2026090801	Nelder-Mead	500	0.0000000149011611938477	1;1;1	lambda0=0.080000000000000002;alpha=-0.02;mu0=0.001	lambda0=0.080000000000000002;alpha=-0.02;mu0=0.001	lambda0=0.1322742645769362;alpha=0.010077260853940293;mu0=4.9109036139978062e-07	lambda0=0.1322742645769362;alpha=0.010077260853940293;mu0=4.9109036139978062e-07	-1443.68957148963	2893.43725435941	NA	0	NA	118	NA	16.034	NA	NA	TRUE	TRUE	FALSE	0.132274264576936	0.202139858087394	0.000000491090361399781	0.000000491090361399781	none	FALSE	FALSE	FALSE	FALSE	42.083092	0.198571428571429	crown	80	36843d1bbd0bc9dc2b57666a0ea100232b290c4f45c72fb3002811ca6e9a5bd2	72cf30abb061cb77b13a7a3569c501d5da6a24cfb67286bad8af2adfb99b5e48	06725d5a0c1ef29007aeb0f7657175c2d2329c75cb4d8fb2170e39b5fdaf6962	3d0af76b57e294ee32f963fe0945b50b9f0713282e8546c5b74f0a60e41d4e8a	6db09ba718b3d18cbe762ccfe3cd2fd1c3186d8c069b10da602219b2e4c45b90	3b2c2357bb92444b72f4520914b238d1e0eabd0aa47952d75f61e327f3179fb3
BTimeVarDCST	finite_stable_reproducible_estimate	TRUE	first_round_v2	2	first_round_start02	raw_original	2026090802	Nelder-Mead	500	0.0000000149011611938477	1;1;1	lambda0=0.12;alpha=-0.01;mu0=0.0050000000000000001	lambda0=0.12;alpha=-0.01;mu0=0.0050000000000000001	lambda0=0.13225146124966841;alpha=0.010108226877304111;mu0=4.504713052377657e-07	lambda0=0.13225146124966841;alpha=0.010108226877304111;mu0=4.504713052377657e-07	-1443.68951506534	2893.43714151083	NA	0	NA	128	NA	16.89	NA	NA	TRUE	TRUE	FALSE	0.132251461249668	0.202368554349791	0.000000450471305237766	0.000000450471305237766	none	FALSE	FALSE	FALSE	FALSE	42.083092	0.198571428571429	crown	80	36843d1bbd0bc9dc2b57666a0ea100232b290c4f45c72fb3002811ca6e9a5bd2	ba8bbc9613657c55954bdb5cb33d8ecf8a0e795abd90d8ead1323e361efe2a18	06725d5a0c1ef29007aeb0f7657175c2d2329c75cb4d8fb2170e39b5fdaf6962	3d0af76b57e294ee32f963fe0945b50b9f0713282e8546c5b74f0a60e41d4e8a	6db09ba718b3d18cbe762ccfe3cd2fd1c3186d8c069b10da602219b2e4c45b90	3b2c2357bb92444b72f4520914b238d1e0eabd0aa47952d75f61e327f3179fb3
BTimeVarDCST	finite_stable_reproducible_estimate	TRUE	first_round_v2	3	first_round_start03	raw_original	2026090803	Nelder-Mead	500	0.0000000149011611938477	1;1;1	lambda0=0.14999999999999999;alpha=0.0050000000000000001;mu0=0.01	lambda0=0.14999999999999999;alpha=0.0050000000000000001;mu0=0.01	lambda0=0.1322474642394158;alpha=0.010128296080620141;mu0=-3.1556822572664069e-07	lambda0=0.1322474642394158;alpha=0.010128296080620141;mu0=-3.1556822572664069e-07	-1443.68951660288	2893.43714458591	NA	0	NA	116	NA	15.414	NA	NA	TRUE	TRUE	FALSE	0.132247464239416	0.20253342047777	0.000000315568225726641	0.000000315568225726641	none	FALSE	FALSE	FALSE	FALSE	42.083092	0.198571428571429	crown	80	36843d1bbd0bc9dc2b57666a0ea100232b290c4f45c72fb3002811ca6e9a5bd2	bc080a5aeef4679efd536e2c9264bd8abcf6b946565d531da7987065c3a6f388	06725d5a0c1ef29007aeb0f7657175c2d2329c75cb4d8fb2170e39b5fdaf6962	3d0af76b57e294ee32f963fe0945b50b9f0713282e8546c5b74f0a60e41d4e8a	6db09ba718b3d18cbe762ccfe3cd2fd1c3186d8c069b10da602219b2e4c45b90	3b2c2357bb92444b72f4520914b238d1e0eabd0aa47952d75f61e327f3179fb3
BTimeVarDCST	finite_stable_reproducible_estimate	TRUE	first_round_v2	4	first_round_start04	raw_original	2026090804	Nelder-Mead	500	0.0000000149011611938477	1;1;1	lambda0=0.20000000000000001;alpha=0.01;mu0=0.029999999999999999	lambda0=0.20000000000000001;alpha=0.01;mu0=0.029999999999999999	lambda0=0.13231983989652962;alpha=0.010114239322743034;mu0=-9.6368605521115478e-08	lambda0=0.13231983989652962;alpha=0.010114239322743034;mu0=-9.6368605521115478e-08	-1443.6896240114	2893.43735940295	NA	0	NA	148	NA	20.207	NA	NA	TRUE	TRUE	FALSE	0.13231983989653	0.202524422706408	0.0000000963686055211155	0.0000000963686055211155	mu0_near_zero	FALSE	FALSE	FALSE	FALSE	42.083092	0.198571428571429	crown	80	36843d1bbd0bc9dc2b57666a0ea100232b290c4f45c72fb3002811ca6e9a5bd2	f3cc9c43c2310e904e6effb596849a3655730e6c1902b5f0ea7b6634e320e9ee	06725d5a0c1ef29007aeb0f7657175c2d2329c75cb4d8fb2170e39b5fdaf6962	3d0af76b57e294ee32f963fe0945b50b9f0713282e8546c5b74f0a60e41d4e8a	6db09ba718b3d18cbe762ccfe3cd2fd1c3186d8c069b10da602219b2e4c45b90	3b2c2357bb92444b72f4520914b238d1e0eabd0aa47952d75f61e327f3179fb3
BTimeVarDCST	finite_stable_reproducible_estimate	TRUE	first_round_v2	5	first_round_start05	raw_original	2026090805	Nelder-Mead	500	0.0000000149011611938477	1;1;1	lambda0=0.28000000000000003;alpha=0.02;mu0=0.080000000000000002	lambda0=0.28000000000000003;alpha=0.02;mu0=0.080000000000000002	lambda0=0.13228857621094353;alpha=0.010105302926278682;mu0=4.3888321445521746e-07	lambda0=0.13228857621094353;alpha=0.010105302926278682;mu0=4.3888321445521746e-07	-1443.6895302343	2893.43717184874	NA	0	NA	200	NA	28.052	NA	NA	TRUE	TRUE	FALSE	0.132288576210944	0.202400440241117	0.000000438883214455217	0.000000438883214455217	none	FALSE	FALSE	FALSE	FALSE	42.083092	0.198571428571429	crown	80	36843d1bbd0bc9dc2b57666a0ea100232b290c4f45c72fb3002811ca6e9a5bd2	c982a0280175bee11f62c3063cb9273b71d5a416e04a07ab402f4a3c4d159f2b	06725d5a0c1ef29007aeb0f7657175c2d2329c75cb4d8fb2170e39b5fdaf6962	3d0af76b57e294ee32f963fe0945b50b9f0713282e8546c5b74f0a60e41d4e8a	6db09ba718b3d18cbe762ccfe3cd2fd1c3186d8c069b10da602219b2e4c45b90	3b2c2357bb92444b72f4520914b238d1e0eabd0aa47952d75f61e327f3179fb3
BTimeVarDCST	finite_stable_reproducible_estimate	TRUE	first_round_v2	6	first_round_start06	raw_original	2026090806	Nelder-Mead	500	0.0000000149011611938477	1;1;1	lambda0=0.10000000000000001;alpha=0.001;mu0=0.014999999999999999	lambda0=0.10000000000000001;alpha=0.001;mu0=0.014999999999999999	lambda0=0.132235868204167;alpha=0.010133122754896962;mu0=1.7958534236222565e-07	lambda0=0.132235868204167;alpha=0.010133122754896962;mu0=1.7958534236222565e-07	-1443.68950853927	2893.43712845868	NA	0	NA	177	NA	24.819	NA	NA	TRUE	TRUE	FALSE	0.132235868204167	0.202556800901067	0.000000179585342362226	0.000000179585342362226	none	TRUE	TRUE	FALSE	FALSE	42.083092	0.198571428571429	crown	80	36843d1bbd0bc9dc2b57666a0ea100232b290c4f45c72fb3002811ca6e9a5bd2	8fbc3edade1ab5939c87672f8e86955f18c01bd546005c94b7ba24b07f879ef6	06725d5a0c1ef29007aeb0f7657175c2d2329c75cb4d8fb2170e39b5fdaf6962	3d0af76b57e294ee32f963fe0945b50b9f0713282e8546c5b74f0a60e41d4e8a	6db09ba718b3d18cbe762ccfe3cd2fd1c3186d8c069b10da602219b2e4c45b90	3b2c2357bb92444b72f4520914b238d1e0eabd0aa47952d75f61e327f3179fb3
BCSTDTimeVar	finite_stable_reproducible_estimate	TRUE	first_round_v2	1	first_round_start01	raw_original	2026090901	Nelder-Mead	500	0.0000000149011611938477	1;1;1	lambda0=0.080000000000000002;mu0=0.001;beta=0.001	lambda0=0.080000000000000002;mu0=0.001;beta=0.001	lambda0=0.14754355600505262;mu0=-1.7584484777650033e-08;beta=-0.023796921506548968	lambda0=0.14754355600505262;mu0=-1.7584484777650033e-08;beta=-0.023796921506548968	-1445.78513364592	2897.62837867199	NA	0	NA	124	NA	16.637	NA	NA	TRUE	TRUE	FALSE	0.147543556005053	0.147543556005053	0.00000000645960990308599	0.00000001758448477765	mu0_near_zero	FALSE	FALSE	FALSE	FALSE	42.083092	0.198571428571429	crown	80	36843d1bbd0bc9dc2b57666a0ea100232b290c4f45c72fb3002811ca6e9a5bd2	3c4e80b9936333f9599ffc7c78a89ab9a51069c294de88bbe8a8a122cddc1ab0	06725d5a0c1ef29007aeb0f7657175c2d2329c75cb4d8fb2170e39b5fdaf6962	3d0af76b57e294ee32f963fe0945b50b9f0713282e8546c5b74f0a60e41d4e8a	6db09ba718b3d18cbe762ccfe3cd2fd1c3186d8c069b10da602219b2e4c45b90	3b2c2357bb92444b72f4520914b238d1e0eabd0aa47952d75f61e327f3179fb3
BCSTDTimeVar	finite_stable_reproducible_estimate	TRUE	first_round_v2	2	first_round_start02	raw_original	2026090902	Nelder-Mead	500	0.0000000149011611938477	1;1;1	lambda0=0.12;mu0=0.0050000000000000001;beta=0.02	lambda0=0.12;mu0=0.0050000000000000001;beta=0.02	lambda0=0.14751808457832713;mu0=-1.8646185534448615e-07;beta=-0.0038492381856054685	lambda0=0.14751808457832713;mu0=-1.8646185534448615e-07;beta=-0.0038492381856054685	-1445.78518763955	2897.62848665924	NA	0	NA	98	NA	12.579	NA	NA	TRUE	TRUE	FALSE	0.147518084578327	0.147518084578327	0.000000158576772397331	0.000000186461855344486	none	FALSE	FALSE	FALSE	FALSE	42.083092	0.198571428571429	crown	80	36843d1bbd0bc9dc2b57666a0ea100232b290c4f45c72fb3002811ca6e9a5bd2	d2ebf176608d3172feac71830bc2069bea34ed7518c404e2763646f49a2aa639	06725d5a0c1ef29007aeb0f7657175c2d2329c75cb4d8fb2170e39b5fdaf6962	3d0af76b57e294ee32f963fe0945b50b9f0713282e8546c5b74f0a60e41d4e8a	6db09ba718b3d18cbe762ccfe3cd2fd1c3186d8c069b10da602219b2e4c45b90	3b2c2357bb92444b72f4520914b238d1e0eabd0aa47952d75f61e327f3179fb3
BCSTDTimeVar	finite_stable_reproducible_estimate	TRUE	first_round_v2	3	first_round_start03	raw_original	2026090903	Nelder-Mead	500	0.0000000149011611938477	1;1;1	lambda0=0.14999999999999999;mu0=0.01;beta=0.01	lambda0=0.14999999999999999;mu0=0.01;beta=0.01	lambda0=0.14763857089727561;mu0=1.2142958299253263e-07;beta=0.0066853057137226529	lambda0=0.14763857089727561;mu0=1.2142958299253263e-07;beta=0.0066853057137226529	-1445.78528349616	2897.62867837247	NA	0	NA	100	NA	13.06	NA	NA	TRUE	TRUE	FALSE	0.147638570897276	0.147638570897276	0.000000121429582992533	0.000000160882271779258	none	FALSE	FALSE	FALSE	FALSE	42.083092	0.198571428571429	crown	80	36843d1bbd0bc9dc2b57666a0ea100232b290c4f45c72fb3002811ca6e9a5bd2	679fc53851a1179ea272b5ee9d52f3366ef190b19ba3bf55050d59be621e764b	06725d5a0c1ef29007aeb0f7657175c2d2329c75cb4d8fb2170e39b5fdaf6962	3d0af76b57e294ee32f963fe0945b50b9f0713282e8546c5b74f0a60e41d4e8a	6db09ba718b3d18cbe762ccfe3cd2fd1c3186d8c069b10da602219b2e4c45b90	3b2c2357bb92444b72f4520914b238d1e0eabd0aa47952d75f61e327f3179fb3
BCSTDTimeVar	finite_stable_reproducible_estimate	TRUE	first_round_v2	4	first_round_start04	raw_original	2026090904	Nelder-Mead	500	0.0000000149011611938477	1;1;1	lambda0=0.20000000000000001;mu0=0.029999999999999999;beta=0.0050000000000000001	lambda0=0.20000000000000001;mu0=0.029999999999999999;beta=0.0050000000000000001	lambda0=0.14757865183269703;mu0=3.4019159183380995e-08;beta=0.0046492835770293676	lambda0=0.14757865183269703;mu0=3.4019159183380995e-08;beta=0.0046492835770293676	-1445.78513867896	2897.62838873807	NA	0	NA	108	NA	14.206	NA	NA	TRUE	TRUE	FALSE	0.147578651832697	0.147578651832697	0.000000034019159183381	0.0000000413709978288426	mu0_near_zero	FALSE	FALSE	FALSE	FALSE	42.083092	0.198571428571429	crown	80	36843d1bbd0bc9dc2b57666a0ea100232b290c4f45c72fb3002811ca6e9a5bd2	7ca3ba56f5bcb58fc1177e2be2fc1e651129a88b7b3ea428dd48d33cda9a2349	06725d5a0c1ef29007aeb0f7657175c2d2329c75cb4d8fb2170e39b5fdaf6962	3d0af76b57e294ee32f963fe0945b50b9f0713282e8546c5b74f0a60e41d4e8a	6db09ba718b3d18cbe762ccfe3cd2fd1c3186d8c069b10da602219b2e4c45b90	3b2c2357bb92444b72f4520914b238d1e0eabd0aa47952d75f61e327f3179fb3
BCSTDTimeVar	finite_stable_reproducible_estimate	TRUE	first_round_v2	5	first_round_start05	raw_original	2026090905	Nelder-Mead	500	0.0000000149011611938477	1;1;1	lambda0=0.28000000000000003;mu0=0.080000000000000002;beta=-0.01	lambda0=0.28000000000000003;mu0=0.080000000000000002;beta=-0.01	lambda0=0.1475618568649637;mu0=-6.926141397361902e-08;beta=-0.093446149124555442	lambda0=0.1475618568649637;mu0=-6.926141397361902e-08;beta=-0.093446149124555442	-1445.78512910093	2897.628369582	NA	0	NA	138	NA	19.046	NA	NA	TRUE	TRUE	FALSE	0.147561856864964	0.147561856864964	0.0000000013571474904417	0.000000069261413973619	mu0_near_zero	TRUE	TRUE	FALSE	FALSE	42.083092	0.198571428571429	crown	80	36843d1bbd0bc9dc2b57666a0ea100232b290c4f45c72fb3002811ca6e9a5bd2	67cbb4eba8f6de7ea0386f8aa31abd5d52f7a77f5b7326b8c91a27f1452e9dd4	06725d5a0c1ef29007aeb0f7657175c2d2329c75cb4d8fb2170e39b5fdaf6962	3d0af76b57e294ee32f963fe0945b50b9f0713282e8546c5b74f0a60e41d4e8a	6db09ba718b3d18cbe762ccfe3cd2fd1c3186d8c069b10da602219b2e4c45b90	3b2c2357bb92444b72f4520914b238d1e0eabd0aa47952d75f61e327f3179fb3
BCSTDTimeVar	finite_stable_reproducible_estimate	TRUE	first_round_v2	6	first_round_start06	raw_original	2026090906	Nelder-Mead	500	0.0000000149011611938477	1;1;1	lambda0=0.10000000000000001;mu0=0.014999999999999999;beta=-0.02	lambda0=0.10000000000000001;mu0=0.014999999999999999;beta=-0.02	lambda0=0.1475645356581311;mu0=-4.1442602827536298e-07;beta=-0.054689626073368414	lambda0=0.1475645356581311;mu0=-4.1442602827536298e-07;beta=-0.054689626073368414	-1445.7851520599	2897.62841549994	NA	0	NA	120	NA	16.633	NA	NA	TRUE	TRUE	FALSE	0.147564535658131	0.147564535658131	0.0000000414872409520446	0.000000414426028275363	none	FALSE	FALSE	FALSE	FALSE	42.083092	0.198571428571429	crown	80	36843d1bbd0bc9dc2b57666a0ea100232b290c4f45c72fb3002811ca6e9a5bd2	ded2b4b9e5c43e099bbb07fc4a9b81be69c0a47ba07031b582146fdbf5ece5ee	06725d5a0c1ef29007aeb0f7657175c2d2329c75cb4d8fb2170e39b5fdaf6962	3d0af76b57e294ee32f963fe0945b50b9f0713282e8546c5b74f0a60e41d4e8a	6db09ba718b3d18cbe762ccfe3cd2fd1c3186d8c069b10da602219b2e4c45b90	3b2c2357bb92444b72f4520914b238d1e0eabd0aa47952d75f61e327f3179fb3
BTimeVarDTimeVar	finite_stable_reproducible_estimate	TRUE	first_round_v2	1	first_round_start01	raw_original	2026091001	Nelder-Mead	500	0.0000000149011611938477	1;1;1;1	lambda0=0.080000000000000002;alpha=-0.02;mu0=0.001;beta=0.02	lambda0=0.080000000000000002;alpha=-0.02;mu0=0.001;beta=0.02	lambda0=0.13222673322659756;alpha=0.010126629477209161;mu0=1.1005075898836601e-08;beta=-0.014952095690364773	lambda0=0.13222673322659756;alpha=0.010126629477209161;mu0=1.1005075898836601e-08;beta=-0.014952095690364773	-1443.68949147845	2895.47607033554	NA	0	NA	261	NA	42.67	NA	NA	TRUE	TRUE	FALSE	0.132226733226598	0.202487469367744	0.0000000058657256103553	0.0000000110050758988366	mu0_near_zero	TRUE	TRUE	FALSE	FALSE	42.083092	0.198571428571429	crown	80	36843d1bbd0bc9dc2b57666a0ea100232b290c4f45c72fb3002811ca6e9a5bd2	5187c28cb77f3e640c4062d83a9f4742a1768325df3136739bee0a09fa7306bc	06725d5a0c1ef29007aeb0f7657175c2d2329c75cb4d8fb2170e39b5fdaf6962	3d0af76b57e294ee32f963fe0945b50b9f0713282e8546c5b74f0a60e41d4e8a	6db09ba718b3d18cbe762ccfe3cd2fd1c3186d8c069b10da602219b2e4c45b90	3b2c2357bb92444b72f4520914b238d1e0eabd0aa47952d75f61e327f3179fb3
BTimeVarDTimeVar	finite_stable_reproducible_estimate	TRUE	first_round_v2	2	first_round_start02	raw_original	2026091002	Nelder-Mead	500	0.0000000149011611938477	1;1;1;1	lambda0=0.12;alpha=-0.01;mu0=0.0050000000000000001;beta=0.01	lambda0=0.12;alpha=-0.01;mu0=0.0050000000000000001;beta=0.01	lambda0=0.13220465402218839;alpha=0.010120433092600814;mu0=1.5502943432687641e-07;beta=-0.0086372361959202552	lambda0=0.13220465402218839;alpha=0.010120433092600814;mu0=1.5502943432687641e-07;beta=-0.0086372361959202552	-1443.68953380113	2895.4761549809	NA	0	NA	141	NA	23.203	NA	NA	TRUE	TRUE	FALSE	0.132204654022188	0.202400872488416	0.000000107784449229733	0.000000155029434326876	none	FALSE	FALSE	FALSE	FALSE	42.083092	0.198571428571429	crown	80	36843d1bbd0bc9dc2b57666a0ea100232b290c4f45c72fb3002811ca6e9a5bd2	65b14933b784d0d295ba93b3fc65e45a97a282003f96cab796b9150e53fe029e	06725d5a0c1ef29007aeb0f7657175c2d2329c75cb4d8fb2170e39b5fdaf6962	3d0af76b57e294ee32f963fe0945b50b9f0713282e8546c5b74f0a60e41d4e8a	6db09ba718b3d18cbe762ccfe3cd2fd1c3186d8c069b10da602219b2e4c45b90	3b2c2357bb92444b72f4520914b238d1e0eabd0aa47952d75f61e327f3179fb3
BTimeVarDTimeVar	finite_stable_reproducible_estimate	TRUE	first_round_v2	3	first_round_start03	raw_original	2026091003	Nelder-Mead	500	0.0000000149011611938477	1;1;1;1	lambda0=0.14999999999999999;alpha=0.0050000000000000001;mu0=0.01;beta=-0.0050000000000000001	lambda0=0.14999999999999999;alpha=0.0050000000000000001;mu0=0.01;beta=-0.0050000000000000001	lambda0=0.13223568719348411;alpha=0.010131904959044227;mu0=2.1168813290740018e-07;beta=-0.048725473388978931	lambda0=0.13223568719348411;alpha=0.010131904959044227;mu0=2.1168813290740018e-07;beta=-0.048725473388978931	-1443.68950997046	2895.47610731957	NA	0	NA	161	NA	28.055	NA	NA	TRUE	TRUE	FALSE	0.132235687193484	0.202546143156499	0.0000000272375228999448	0.0000002116881329074	none	FALSE	FALSE	FALSE	FALSE	42.083092	0.198571428571429	crown	80	36843d1bbd0bc9dc2b57666a0ea100232b290c4f45c72fb3002811ca6e9a5bd2	c11fb1add44c8d670840b4c47702445ce485be190c9fb027831c8d64b1d16cc2	06725d5a0c1ef29007aeb0f7657175c2d2329c75cb4d8fb2170e39b5fdaf6962	3d0af76b57e294ee32f963fe0945b50b9f0713282e8546c5b74f0a60e41d4e8a	6db09ba718b3d18cbe762ccfe3cd2fd1c3186d8c069b10da602219b2e4c45b90	3b2c2357bb92444b72f4520914b238d1e0eabd0aa47952d75f61e327f3179fb3
BTimeVarDTimeVar	finite_stable_reproducible_estimate	TRUE	first_round_v2	4	first_round_start04	raw_original	2026091004	Nelder-Mead	500	0.0000000149011611938477	1;1;1;1	lambda0=0.20000000000000001;alpha=0.01;mu0=0.029999999999999999;beta=-0.01	lambda0=0.20000000000000001;alpha=0.01;mu0=0.029999999999999999;beta=-0.01	lambda0=0.13224293102312268;alpha=0.010128121669964489;mu0=3.4570054678653595e-07;beta=0.044092689247813524	lambda0=0.13224293102312268;alpha=0.010128121669964489;mu0=3.4570054678653595e-07;beta=0.044092689247813524	-1443.68950695352	2895.47610128567	NA	0	NA	355	NA	61.966	NA	NA	TRUE	TRUE	FALSE	0.132242931023123	0.202524991493256	0.000000345700546786536	0.00000221084401036866	none	FALSE	FALSE	FALSE	FALSE	42.083092	0.198571428571429	crown	80	36843d1bbd0bc9dc2b57666a0ea100232b290c4f45c72fb3002811ca6e9a5bd2	3273fca212734cbd06e3c2239c687b98a259110d3119d7220fb5cf880a3f6131	06725d5a0c1ef29007aeb0f7657175c2d2329c75cb4d8fb2170e39b5fdaf6962	3d0af76b57e294ee32f963fe0945b50b9f0713282e8546c5b74f0a60e41d4e8a	6db09ba718b3d18cbe762ccfe3cd2fd1c3186d8c069b10da602219b2e4c45b90	3b2c2357bb92444b72f4520914b238d1e0eabd0aa47952d75f61e327f3179fb3
BTimeVarDTimeVar	finite_stable_reproducible_estimate	TRUE	first_round_v2	5	first_round_start05	raw_original	2026091005	Nelder-Mead	500	0.0000000149011611938477	1;1;1;1	lambda0=0.28000000000000003;alpha=0.02;mu0=0.080000000000000002;beta=-0.02	lambda0=0.28000000000000003;alpha=0.02;mu0=0.080000000000000002;beta=-0.02	lambda0=0.14062632272859169;alpha=0.068023856220938594;mu0=0.085698539857419861;beta=0.080759382179860451	lambda0=0.14062632272859169;alpha=0.068023856220938594;mu0=0.085698539857419861;beta=0.080759382179860451	-1446.80713446288	2901.71135630441	NA	0	NA	237	NA	41.116	NA	NA	TRUE	TRUE	FALSE	0.140626322728592	2.46207649991224	0.0856985398574199	2.56429867139594	none	FALSE	FALSE	FALSE	FALSE	42.083092	0.198571428571429	crown	80	36843d1bbd0bc9dc2b57666a0ea100232b290c4f45c72fb3002811ca6e9a5bd2	a149e3e167f8934a256ed48d1068c24b691dcd64970cf17e24c6f6c0a4dcf81d	06725d5a0c1ef29007aeb0f7657175c2d2329c75cb4d8fb2170e39b5fdaf6962	3d0af76b57e294ee32f963fe0945b50b9f0713282e8546c5b74f0a60e41d4e8a	6db09ba718b3d18cbe762ccfe3cd2fd1c3186d8c069b10da602219b2e4c45b90	3b2c2357bb92444b72f4520914b238d1e0eabd0aa47952d75f61e327f3179fb3
BTimeVarDTimeVar	finite_stable_reproducible_estimate	TRUE	first_round_v2	6	first_round_start06	raw_original	2026091006	Nelder-Mead	500	0.0000000149011611938477	1;1;1;1	lambda0=0.10000000000000001;alpha=0.001;mu0=0.014999999999999999;beta=-0.001	lambda0=0.10000000000000001;alpha=0.001;mu0=0.014999999999999999;beta=-0.001	lambda0=0.13226477900854317;alpha=0.010086344302042954;mu0=-3.7113772866390124e-07;beta=-0.024498483074200557	lambda0=0.13226477900854317;alpha=0.010086344302042954;mu0=-3.7113772866390124e-07;beta=-0.024498483074200557	-1443.68954792019	2895.47618321902	NA	0	NA	125	NA	20.483	NA	NA	TRUE	TRUE	FALSE	0.132264779008543	0.202202641487718	0.000000132370037223697	0.000000371137728663901	none	FALSE	FALSE	FALSE	FALSE	42.083092	0.198571428571429	crown	80	36843d1bbd0bc9dc2b57666a0ea100232b290c4f45c72fb3002811ca6e9a5bd2	53af69eff12ef95e2b9c4bbf08dfc612b1e6bbaf992fdb00b780182d4a86aa53	06725d5a0c1ef29007aeb0f7657175c2d2329c75cb4d8fb2170e39b5fdaf6962	3d0af76b57e294ee32f963fe0945b50b9f0713282e8546c5b74f0a60e41d4e8a	6db09ba718b3d18cbe762ccfe3cd2fd1c3186d8c069b10da602219b2e4c45b90	3b2c2357bb92444b72f4520914b238d1e0eabd0aa47952d75f61e327f3179fb3
BTempVar	finite_stable_reproducible_estimate	TRUE	first_round_v2	1	first_round_start01	raw_original	2026091101	Nelder-Mead	500	0.0000000149011611938477	1;1	lambda0=0.24598620206765762;alpha=-0.059999999999999998	lambda0=0.24598620206765762;alpha=-0.059999999999999998	lambda0=0.049729124091660686;alpha=0.063269581972352454	lambda0=0.049729124091660686;alpha=0.063269581972352454	-1442.32524835964	2888.67948222652	NA	0	NA	105	NA	13.562	NA	NA	TRUE	TRUE	FALSE	0.099669671359505	0.229593095654202	0	0	none	TRUE	TRUE	FALSE	FALSE	42.083092	0.198571428571429	crown	80	36843d1bbd0bc9dc2b57666a0ea100232b290c4f45c72fb3002811ca6e9a5bd2	49d7f1ee58e3e74090159bbae9fa11555bc9ab82bdebb2573783d239582c35bf	06725d5a0c1ef29007aeb0f7657175c2d2329c75cb4d8fb2170e39b5fdaf6962	3d0af76b57e294ee32f963fe0945b50b9f0713282e8546c5b74f0a60e41d4e8a	6db09ba718b3d18cbe762ccfe3cd2fd1c3186d8c069b10da602219b2e4c45b90	3b2c2357bb92444b72f4520914b238d1e0eabd0aa47952d75f61e327f3179fb3
BTempVar	finite_stable_reproducible_estimate	TRUE	first_round_v2	2	first_round_start02	raw_original	2026091102	Nelder-Mead	500	0.0000000149011611938477	1;1	lambda0=0.2104222335500181;alpha=-0.029999999999999999	lambda0=0.2104222335500181;alpha=-0.029999999999999999	lambda0=0.049663589559459306;alpha=0.063343616273835945	lambda0=0.049663589559459306;alpha=0.063343616273835945	-1442.3252615522	2888.67950861164	NA	0	NA	113	NA	15.669	NA	NA	TRUE	TRUE	FALSE	0.0996193374609183	0.229701325099848	0	0	none	FALSE	FALSE	FALSE	FALSE	42.083092	0.198571428571429	crown	80	36843d1bbd0bc9dc2b57666a0ea100232b290c4f45c72fb3002811ca6e9a5bd2	8e9409b9a9316b1cb59a36be219eba7ba9c5df16a97a5486257cb0c3f3e075d7	06725d5a0c1ef29007aeb0f7657175c2d2329c75cb4d8fb2170e39b5fdaf6962	3d0af76b57e294ee32f963fe0945b50b9f0713282e8546c5b74f0a60e41d4e8a	6db09ba718b3d18cbe762ccfe3cd2fd1c3186d8c069b10da602219b2e4c45b90	3b2c2357bb92444b72f4520914b238d1e0eabd0aa47952d75f61e327f3179fb3
BTempVar	finite_stable_reproducible_estimate	TRUE	first_round_v2	3	first_round_start03	raw_original	2026091103	Nelder-Mead	500	0.0000000149011611938477	1;1	lambda0=0.14999999999999999;alpha=0	lambda0=0.14999999999999999;alpha=0	lambda0=0.050324774207773107;alpha=0.062545039375594441	lambda0=0.050324774207773107;alpha=0.062545039375594441	-1442.32586390757	2888.6807133224	NA	0	NA	121	NA	16.061	NA	NA	TRUE	TRUE	FALSE	0.100063616075476	0.228308432551662	0	0	none	FALSE	FALSE	FALSE	FALSE	42.083092	0.198571428571429	crown	80	36843d1bbd0bc9dc2b57666a0ea100232b290c4f45c72fb3002811ca6e9a5bd2	aa40daf75e5f2b4d73ce38e8a20a6506ef71ff709804f0a42d843de7d1732a8d	06725d5a0c1ef29007aeb0f7657175c2d2329c75cb4d8fb2170e39b5fdaf6962	3d0af76b57e294ee32f963fe0945b50b9f0713282e8546c5b74f0a60e41d4e8a	6db09ba718b3d18cbe762ccfe3cd2fd1c3186d8c069b10da602219b2e4c45b90	3b2c2357bb92444b72f4520914b238d1e0eabd0aa47952d75f61e327f3179fb3
BTempVar	finite_stable_reproducible_estimate	TRUE	first_round_v2	4	first_round_start04	raw_original	2026091104	Nelder-Mead	500	0.0000000149011611938477	1;1	lambda0=0.11405638841056742;alpha=0.029999999999999999	lambda0=0.11405638841056742;alpha=0.029999999999999999	lambda0=0.049811593482252253;alpha=0.063172295179613203	lambda0=0.049811593482252253;alpha=0.063172295179613203	-1442.32525068679	2888.67948688083	NA	0	NA	87	NA	11.539	NA	NA	TRUE	TRUE	FALSE	0.0997282855862392	0.229433542620816	0	0	none	FALSE	FALSE	FALSE	FALSE	42.083092	0.198571428571429	crown	80	36843d1bbd0bc9dc2b57666a0ea100232b290c4f45c72fb3002811ca6e9a5bd2	f893a6847c6405af22929d10c2d56946e7b3161b9bb89cb82550df1a86839236	06725d5a0c1ef29007aeb0f7657175c2d2329c75cb4d8fb2170e39b5fdaf6962	3d0af76b57e294ee32f963fe0945b50b9f0713282e8546c5b74f0a60e41d4e8a	6db09ba718b3d18cbe762ccfe3cd2fd1c3186d8c069b10da602219b2e4c45b90	3b2c2357bb92444b72f4520914b238d1e0eabd0aa47952d75f61e327f3179fb3
BTempVar	finite_stable_reproducible_estimate	TRUE	first_round_v2	5	first_round_start05	raw_original	2026091105	Nelder-Mead	500	0.0000000149011611938477	1;1	lambda0=0.091062018160835548;alpha=0.059999999999999998	lambda0=0.091062018160835548;alpha=0.059999999999999998	lambda0=0.05058189595226753;alpha=0.06224500115433021	lambda0=0.05058189595226753;alpha=0.06224500115433021	-1442.32634878654	2888.68168308032	NA	0	NA	103	NA	13.535	NA	NA	TRUE	TRUE	FALSE	0.100243803974499	0.227816270260316	0	0	none	FALSE	FALSE	FALSE	FALSE	42.083092	0.198571428571429	crown	80	36843d1bbd0bc9dc2b57666a0ea100232b290c4f45c72fb3002811ca6e9a5bd2	c617bf36a0c59d02fc270f422ace4213bc70447818f0a6cf5bd0d9cc5ba8c3fd	06725d5a0c1ef29007aeb0f7657175c2d2329c75cb4d8fb2170e39b5fdaf6962	3d0af76b57e294ee32f963fe0945b50b9f0713282e8546c5b74f0a60e41d4e8a	6db09ba718b3d18cbe762ccfe3cd2fd1c3186d8c069b10da602219b2e4c45b90	3b2c2357bb92444b72f4520914b238d1e0eabd0aa47952d75f61e327f3179fb3
BTempVar	finite_stable_reproducible_estimate	TRUE	first_round_v2	6	first_round_start06	raw_original	2026091106	Nelder-Mead	500	0.0000000149011611938477	1;1	lambda0=0.082927111800471853;alpha=0.01	lambda0=0.082927111800471853;alpha=0.01	lambda0=0.049801599929570062;alpha=0.063194167643215005	lambda0=0.049801599929570062;alpha=0.063194167643215005	-1442.32524860867	2888.67948272458	NA	0	NA	93	NA	12.066	NA	NA	TRUE	TRUE	FALSE	0.0997322458510607	0.229508850563043	0	0	none	FALSE	FALSE	FALSE	FALSE	42.083092	0.198571428571429	crown	80	36843d1bbd0bc9dc2b57666a0ea100232b290c4f45c72fb3002811ca6e9a5bd2	86fef13fd253c0c8b2bb50e33749108ea46a376451321194a1de11e44626b608	06725d5a0c1ef29007aeb0f7657175c2d2329c75cb4d8fb2170e39b5fdaf6962	3d0af76b57e294ee32f963fe0945b50b9f0713282e8546c5b74f0a60e41d4e8a	6db09ba718b3d18cbe762ccfe3cd2fd1c3186d8c069b10da602219b2e4c45b90	3b2c2357bb92444b72f4520914b238d1e0eabd0aa47952d75f61e327f3179fb3
BTempVarDCST	finite_stable_reproducible_estimate	TRUE	first_round_v2	1	first_round_start01	raw_original	2026091201	Nelder-Mead	500	0.0000000149011611938477	1;1;1	lambda0=0.24598620206765762;alpha=-0.059999999999999998;mu0=0.001	lambda0=0.24598620206765762;alpha=-0.059999999999999998;mu0=0.001	lambda0=0.049784883215923989;alpha=0.063206708179548515;mu0=2.1717509254754499e-07	lambda0=0.049784883215923989;alpha=0.063206708179548515;mu0=2.1717509254754499e-07	-1442.32525256386	2890.70861650787	NA	0	NA	286	NA	37.55	NA	NA	TRUE	TRUE	FALSE	0.09971250936192	0.229501386997717	0.000000217175092547545	0.000000217175092547545	none	FALSE	FALSE	FALSE	FALSE	42.083092	0.198571428571429	crown	80	36843d1bbd0bc9dc2b57666a0ea100232b290c4f45c72fb3002811ca6e9a5bd2	5f1edd62da238604395ddf4419ccb2f70c9458630025e2f1a7f18822d07786f9	06725d5a0c1ef29007aeb0f7657175c2d2329c75cb4d8fb2170e39b5fdaf6962	3d0af76b57e294ee32f963fe0945b50b9f0713282e8546c5b74f0a60e41d4e8a	6db09ba718b3d18cbe762ccfe3cd2fd1c3186d8c069b10da602219b2e4c45b90	3b2c2357bb92444b72f4520914b238d1e0eabd0aa47952d75f61e327f3179fb3
BTempVarDCST	finite_stable_reproducible_estimate	TRUE	first_round_v2	2	first_round_start02	raw_original	2026091202	Nelder-Mead	500	0.0000000149011611938477	1;1;1	lambda0=0.2104222335500181;alpha=-0.029999999999999999;mu0=0.0050000000000000001	lambda0=0.2104222335500181;alpha=-0.029999999999999999;mu0=0.0050000000000000001	lambda0=0.051133295626870662;alpha=0.06170491134736053;mu0=-8.9450235912975619e-07	lambda0=0.051133295626870662;alpha=0.06170491134736053;mu0=-8.9450235912975619e-07	-1442.32740333094	2890.71291804202	NA	0	NA	312	NA	41.599	NA	NA	TRUE	TRUE	FALSE	0.10073691728838	0.227311980913417	0.000000894502359129756	0.000000894502359129756	none	FALSE	FALSE	FALSE	FALSE	42.083092	0.198571428571429	crown	80	36843d1bbd0bc9dc2b57666a0ea100232b290c4f45c72fb3002811ca6e9a5bd2	a177978b3b4aad07c22a8311ab59382687cb9879e0a8acfd74acb7a7b914d742	06725d5a0c1ef29007aeb0f7657175c2d2329c75cb4d8fb2170e39b5fdaf6962	3d0af76b57e294ee32f963fe0945b50b9f0713282e8546c5b74f0a60e41d4e8a	6db09ba718b3d18cbe762ccfe3cd2fd1c3186d8c069b10da602219b2e4c45b90	3b2c2357bb92444b72f4520914b238d1e0eabd0aa47952d75f61e327f3179fb3
BTempVarDCST	finite_stable_reproducible_estimate	TRUE	first_round_v2	3	first_round_start03	raw_original	2026091203	Nelder-Mead	500	0.0000000149011611938477	1;1;1	lambda0=0.14999999999999999;alpha=0;mu0=0.01	lambda0=0.14999999999999999;alpha=0;mu0=0.01	lambda0=0.049856221255777614;alpha=0.063139619799777696;mu0=-3.2251360300333539e-07	lambda0=0.049856221255777614;alpha=0.063139619799777696;mu0=-3.2251360300333539e-07	-1442.32528720459	2890.70868578933	NA	0	NA	224	NA	29.231	NA	NA	TRUE	TRUE	FALSE	0.0997818001715282	0.229457751960661	0.000000322513603003335	0.000000322513603003335	none	FALSE	FALSE	FALSE	FALSE	42.083092	0.198571428571429	crown	80	36843d1bbd0bc9dc2b57666a0ea100232b290c4f45c72fb3002811ca6e9a5bd2	247d9c05aa776471febf46907482b55db310bfc7717ce38b70c2a7a2a2bf58df	06725d5a0c1ef29007aeb0f7657175c2d2329c75cb4d8fb2170e39b5fdaf6962	3d0af76b57e294ee32f963fe0945b50b9f0713282e8546c5b74f0a60e41d4e8a	6db09ba718b3d18cbe762ccfe3cd2fd1c3186d8c069b10da602219b2e4c45b90	3b2c2357bb92444b72f4520914b238d1e0eabd0aa47952d75f61e327f3179fb3
BTempVarDCST	finite_stable_reproducible_estimate	TRUE	first_round_v2	4	first_round_start04	raw_original	2026091204	Nelder-Mead	500	0.0000000149011611938477	1;1;1	lambda0=0.11405638841056742;alpha=0.029999999999999999;mu0=0.029999999999999999	lambda0=0.11405638841056742;alpha=0.029999999999999999;mu0=0.029999999999999999	lambda0=0.049097655721893119;alpha=0.064018733262061978;mu0=-1.4094366948245158e-06	lambda0=0.049097655721893119;alpha=0.064018733262061978;mu0=-1.4094366948245158e-06	-1442.3258243029	2890.70975998594	NA	0	NA	152	NA	19.374	NA	NA	TRUE	TRUE	FALSE	0.0992174989304579	0.230820865323724	0.00000140943669482452	0.00000140943669482452	none	FALSE	FALSE	FALSE	FALSE	42.083092	0.198571428571429	crown	80	36843d1bbd0bc9dc2b57666a0ea100232b290c4f45c72fb3002811ca6e9a5bd2	42eed8bf6aeb7ad1de206aa180e17029ce0a9edfa8003ebd780839984b3cbdb7	06725d5a0c1ef29007aeb0f7657175c2d2329c75cb4d8fb2170e39b5fdaf6962	3d0af76b57e294ee32f963fe0945b50b9f0713282e8546c5b74f0a60e41d4e8a	6db09ba718b3d18cbe762ccfe3cd2fd1c3186d8c069b10da602219b2e4c45b90	3b2c2357bb92444b72f4520914b238d1e0eabd0aa47952d75f61e327f3179fb3
BTempVarDCST	finite_stable_reproducible_estimate	TRUE	first_round_v2	5	first_round_start05	raw_original	2026091205	Nelder-Mead	500	0.0000000149011611938477	1;1;1	lambda0=0.091062018160835548;alpha=0.059999999999999998;mu0=0.080000000000000002	lambda0=0.091062018160835548;alpha=0.059999999999999998;mu0=0.080000000000000002	lambda0=0.049713177537405923;alpha=0.063288990304475573;mu0=-4.7458060682184301e-08	lambda0=0.049713177537405923;alpha=0.063288990304475573;mu0=-4.7458060682184301e-08	-1442.32525096081	2890.70861330176	NA	0	NA	348	NA	42.94	NA	NA	TRUE	TRUE	FALSE	0.0996589633060931	0.229627199783995	0.0000000474580606821843	0.0000000474580606821843	mu0_near_zero	TRUE	TRUE	FALSE	FALSE	42.083092	0.198571428571429	crown	80	36843d1bbd0bc9dc2b57666a0ea100232b290c4f45c72fb3002811ca6e9a5bd2	6d1a55d822f9db75637222ec2d6d0dde880f6f6c65d4fc7180072c061c683200	06725d5a0c1ef29007aeb0f7657175c2d2329c75cb4d8fb2170e39b5fdaf6962	3d0af76b57e294ee32f963fe0945b50b9f0713282e8546c5b74f0a60e41d4e8a	6db09ba718b3d18cbe762ccfe3cd2fd1c3186d8c069b10da602219b2e4c45b90	3b2c2357bb92444b72f4520914b238d1e0eabd0aa47952d75f61e327f3179fb3
BTempVarDCST	finite_stable_reproducible_estimate	TRUE	first_round_v2	6	first_round_start06	raw_original	2026091206	Nelder-Mead	500	0.0000000149011611938477	1;1;1	lambda0=0.082927111800471853;alpha=0.01;mu0=0.014999999999999999	lambda0=0.082927111800471853;alpha=0.01;mu0=0.014999999999999999	lambda0=0.049725549598247758;alpha=0.063286108192028956;mu0=-1.0181034709219599e-06	lambda0=0.049725549598247758;alpha=0.063286108192028956;mu0=-1.0181034709219599e-06	-1442.32529201429	2890.70869540872	NA	0	NA	146	NA	18.716	NA	NA	TRUE	TRUE	FALSE	0.0996806082233698	0.229668342285763	0.00000101810347092196	0.00000101810347092196	none	FALSE	FALSE	FALSE	FALSE	42.083092	0.198571428571429	crown	80	36843d1bbd0bc9dc2b57666a0ea100232b290c4f45c72fb3002811ca6e9a5bd2	89f9178c1ad1a6d0911cdd2a009d51bc694e2c2b0b30cf906bedc190e2bc6bf1	06725d5a0c1ef29007aeb0f7657175c2d2329c75cb4d8fb2170e39b5fdaf6962	3d0af76b57e294ee32f963fe0945b50b9f0713282e8546c5b74f0a60e41d4e8a	6db09ba718b3d18cbe762ccfe3cd2fd1c3186d8c069b10da602219b2e4c45b90	3b2c2357bb92444b72f4520914b238d1e0eabd0aa47952d75f61e327f3179fb3
BTempVarDTempVar	finite_stable_reproducible_estimate	TRUE	first_round_v2	1	first_round_start01	raw_original	2026091401	Nelder-Mead	500	0.0000000149011611938477	1;1;1;1	lambda0=0.24598620206765762;alpha=-0.059999999999999998;mu0=0.00032522149343155548;beta=0.059999999999999998	lambda0=0.24598620206765762;alpha=-0.059999999999999998;mu0=0.00032522149343155548;beta=0.059999999999999998	lambda0=0.049924291141590707;alpha=0.063062036949489614;mu0=-3.0411201685054808e-07;beta=0.075008055640721591	lambda0=0.049924291141590707;alpha=0.063062036949489614;mu0=-3.0411201685054808e-07;beta=0.075008055640721591	-1442.32531349472	2892.74771436809	NA	0	NA	253	NA	44.657	NA	NA	TRUE	TRUE	FALSE	0.0998328848761824	0.22934043996314	0.000000693437490127035	0.00000186482807023698	none	FALSE	FALSE	FALSE	FALSE	42.083092	0.198571428571429	crown	80	36843d1bbd0bc9dc2b57666a0ea100232b290c4f45c72fb3002811ca6e9a5bd2	7926c0d3023929659ddc1199a4fe4ff4480e411c972d46a9af49b746215fd08b	06725d5a0c1ef29007aeb0f7657175c2d2329c75cb4d8fb2170e39b5fdaf6962	3d0af76b57e294ee32f963fe0945b50b9f0713282e8546c5b74f0a60e41d4e8a	6db09ba718b3d18cbe762ccfe3cd2fd1c3186d8c069b10da602219b2e4c45b90	3b2c2357bb92444b72f4520914b238d1e0eabd0aa47952d75f61e327f3179fb3
BTempVarDTempVar	finite_stable_reproducible_estimate	TRUE	first_round_v2	2	first_round_start02	raw_original	2026091402	Nelder-Mead	500	0.0000000149011611938477	1;1;1;1	lambda0=0.2104222335500181;alpha=-0.029999999999999999;mu0=0.0028514097102641856;beta=0.029999999999999999	lambda0=0.2104222335500181;alpha=-0.029999999999999999;mu0=0.0028514097102641856;beta=0.029999999999999999	lambda0=0.049831508356277351;alpha=0.063155727441727538;mu0=1.4047929969530684e-06;beta=0.0087391963908548288	lambda0=0.049831508356277351;alpha=0.063155727441727538;mu0=1.4047929969530684e-06;beta=0.0087391963908548288	-1442.325299906	2892.74768719064	NA	0	NA	247	NA	39.236	NA	NA	TRUE	TRUE	FALSE	0.0997499948970278	0.229433348296298	0.00000154639305631901	0.00000173530692344691	none	FALSE	FALSE	FALSE	FALSE	42.083092	0.198571428571429	crown	80	36843d1bbd0bc9dc2b57666a0ea100232b290c4f45c72fb3002811ca6e9a5bd2	5325f9ef4b3be66be2de3a92cf5749d0e26f4b25c202c947eadfc1001bc7a042	06725d5a0c1ef29007aeb0f7657175c2d2329c75cb4d8fb2170e39b5fdaf6962	3d0af76b57e294ee32f963fe0945b50b9f0713282e8546c5b74f0a60e41d4e8a	6db09ba718b3d18cbe762ccfe3cd2fd1c3186d8c069b10da602219b2e4c45b90	3b2c2357bb92444b72f4520914b238d1e0eabd0aa47952d75f61e327f3179fb3
BTempVarDTempVar	finite_stable_reproducible_estimate	TRUE	first_round_v2	3	first_round_start03	raw_original	2026091403	Nelder-Mead	500	0.0000000149011611938477	1;1;1;1	lambda0=0.14999999999999999;alpha=0;mu0=0.01;beta=-0	lambda0=0.14999999999999999;alpha=0;mu0=0.01;beta=-0	lambda0=0.049768736294519028;alpha=0.063220686969464243;mu0=-4.2582980977370122e-07;beta=-0.040407364608038759	lambda0=0.049768736294519028;alpha=0.063220686969464243;mu0=-4.2582980977370122e-07;beta=-0.040407364608038759	-1442.32526002648	2892.74760743159	NA	0	NA	309	NA	47.457	NA	NA	TRUE	TRUE	FALSE	0.0996954825882087	0.229504505858847	0.000000160305202650614	0.000000273144904410104	none	FALSE	FALSE	FALSE	FALSE	42.083092	0.198571428571429	crown	80	36843d1bbd0bc9dc2b57666a0ea100232b290c4f45c72fb3002811ca6e9a5bd2	3764ffc3885ddd75b8df44882d2fe5e6f4dd40b0ef04c59291cc01dce62719db	06725d5a0c1ef29007aeb0f7657175c2d2329c75cb4d8fb2170e39b5fdaf6962	3d0af76b57e294ee32f963fe0945b50b9f0713282e8546c5b74f0a60e41d4e8a	6db09ba718b3d18cbe762ccfe3cd2fd1c3186d8c069b10da602219b2e4c45b90	3b2c2357bb92444b72f4520914b238d1e0eabd0aa47952d75f61e327f3179fb3
BTempVarDTempVar	finite_stable_reproducible_estimate	TRUE	first_round_v2	4	first_round_start04	raw_original	2026091404	Nelder-Mead	500	0.0000000149011611938477	1;1;1;1	lambda0=0.11405638841056742;alpha=0.029999999999999999;mu0=0.052605558387504525;beta=-0.029999999999999999	lambda0=0.11405638841056742;alpha=0.029999999999999999;mu0=0.052605558387504525;beta=-0.029999999999999999	lambda0=0.049571627973019845;alpha=0.06347658751798857;mu0=-1.864674818230456e-05;beta=-0.26345788516231405	lambda0=0.049571627973019845;alpha=0.06347658751798857;mu0=-1.864674818230456e-05;beta=-0.26345788516231405	-1442.32537468459	2892.74783674782	NA	0	NA	397	NA	59.246	NA	NA	TRUE	TRUE	FALSE	0.0995802760919146	0.230014286172596	0.0000000319317590562182	0.00000103099867868872	none	FALSE	FALSE	FALSE	FALSE	42.083092	0.198571428571429	crown	80	36843d1bbd0bc9dc2b57666a0ea100232b290c4f45c72fb3002811ca6e9a5bd2	4714f89eca9f58c25ac1285cc504d99ba75219bbd3cb26769a5d5f77542e96a3	06725d5a0c1ef29007aeb0f7657175c2d2329c75cb4d8fb2170e39b5fdaf6962	3d0af76b57e294ee32f963fe0945b50b9f0713282e8546c5b74f0a60e41d4e8a	6db09ba718b3d18cbe762ccfe3cd2fd1c3186d8c069b10da602219b2e4c45b90	3b2c2357bb92444b72f4520914b238d1e0eabd0aa47952d75f61e327f3179fb3
BTempVarDTempVar	finite_stable_reproducible_estimate	TRUE	first_round_v2	5	first_round_start05	raw_original	2026091405	Nelder-Mead	500	0.0000000149011611938477	1;1;1;1	lambda0=0.091062018160835548;alpha=0.059999999999999998;mu0=0.24598620206765762;beta=-0.059999999999999998	lambda0=0.091062018160835548;alpha=0.059999999999999998;mu0=0.24598620206765762;beta=-0.059999999999999998	lambda0=0.049812353044574008;alpha=0.063179660372655419;mu0=6.9925056891488217e-05;beta=-0.35527495513224028	lambda0=0.049812353044574008;alpha=0.063179660372655419;mu0=6.9925056891488217e-05;beta=-0.35527495513224028	-1442.32526565139	2892.74761868143	NA	0	NA	187	NA	28.223	NA	NA	TRUE	TRUE	FALSE	0.099737878396718	0.229477901593565	0.0000000130061295561688	0.00000140959246362754	none	FALSE	FALSE	FALSE	FALSE	42.083092	0.198571428571429	crown	80	36843d1bbd0bc9dc2b57666a0ea100232b290c4f45c72fb3002811ca6e9a5bd2	e7b0bb330dfa5efe4944545500b8dc3aa83aac04c97d0751d56d2edee0a9a68c	06725d5a0c1ef29007aeb0f7657175c2d2329c75cb4d8fb2170e39b5fdaf6962	3d0af76b57e294ee32f963fe0945b50b9f0713282e8546c5b74f0a60e41d4e8a	6db09ba718b3d18cbe762ccfe3cd2fd1c3186d8c069b10da602219b2e4c45b90	3b2c2357bb92444b72f4520914b238d1e0eabd0aa47952d75f61e327f3179fb3
BTempVarDTempVar	finite_stable_reproducible_estimate	TRUE	first_round_v2	6	first_round_start06	raw_original	2026091406	Nelder-Mead	500	0.0000000149011611938477	1;1;1;1	lambda0=0.082927111800471853;alpha=0.01;mu0=0.018088173667607042;beta=-0.01	lambda0=0.082927111800471853;alpha=0.01;mu0=0.018088173667607042;beta=-0.01	lambda0=0.049755778680352053;alpha=0.063237453452117676;mu0=7.0281878426914242e-08;beta=-0.032992914648473926	lambda0=0.049755778680352053;alpha=0.063237453452117676;mu0=7.0281878426914242e-08;beta=-0.032992914648473926	-1442.32524981699	2892.74758701262	NA	0	NA	321	NA	47.369	NA	NA	TRUE	TRUE	FALSE	0.0996878917444644	0.229537783182475	0.0000000316525483881777	0.0000000489086468019531	mu0_near_zero	TRUE	TRUE	FALSE	FALSE	42.083092	0.198571428571429	crown	80	36843d1bbd0bc9dc2b57666a0ea100232b290c4f45c72fb3002811ca6e9a5bd2	90fb4b35a50eb402fcf847eda2fb403eca6397e8a79a778fac93c260bb945870	06725d5a0c1ef29007aeb0f7657175c2d2329c75cb4d8fb2170e39b5fdaf6962	3d0af76b57e294ee32f963fe0945b50b9f0713282e8546c5b74f0a60e41d4e8a	6db09ba718b3d18cbe762ccfe3cd2fd1c3186d8c069b10da602219b2e4c45b90	3b2c2357bb92444b72f4520914b238d1e0eabd0aa47952d75f61e327f3179fb3
BCSTDTempVar	boundary_nonidentifiable	FALSE	first_round_v2_boundary_trigger	1	first_round_start01	raw_original	2026091301	Nelder-Mead	500	0.0000000149011611938477	1;1;1	lambda0=0.080000000000000002;mu0=0.00032522149343155548;beta=0.059999999999999998	lambda0=0.080000000000000002;mu0=0.00032522149343155548;beta=0.059999999999999998	lambda0=0.14747474456929749;mu0=1.0542653950361422e-07;beta=0.01861355919545217	lambda0=0.14747474456929749;mu0=1.0542653950361422e-07;beta=0.01861355919545217	-1445.87354841128	2897.8052082027	2897.8052082027	0	NA	114	NA	12.081	NA	NA	TRUE	TRUE	FALSE	0.147474744569297	0.147474744569297	0.00000012935481959049	0.000000165347427720246	none	FALSE	FALSE	TRUE	FALSE	42.083092	0.198571428571429	crown	80	36843d1bbd0bc9dc2b57666a0ea100232b290c4f45c72fb3002811ca6e9a5bd2	e0007e677f840ac20b35ed09adef7b688ed37c634987cd85d074c53c655db4fc	06725d5a0c1ef29007aeb0f7657175c2d2329c75cb4d8fb2170e39b5fdaf6962	3d0af76b57e294ee32f963fe0945b50b9f0713282e8546c5b74f0a60e41d4e8a	6db09ba718b3d18cbe762ccfe3cd2fd1c3186d8c069b10da602219b2e4c45b90	3b2c2357bb92444b72f4520914b238d1e0eabd0aa47952d75f61e327f3179fb3
BCSTDTempVar	boundary_nonidentifiable	FALSE	first_round_v2_boundary_trigger	2	first_round_start02	raw_original	2026091302	Nelder-Mead	500	0.0000000149011611938477	1;1;1	lambda0=0.12;mu0=0.0028514097102641856;beta=0.029999999999999999	lambda0=0.12;mu0=0.0028514097102641856;beta=0.029999999999999999	lambda0=0.14751238837164893;mu0=1.1236065439986665e-07;beta=0.0083325318130253734	lambda0=0.14751238837164893;mu0=1.1236065439986665e-07;beta=0.0083325318130253734	-1445.87353457389	2897.80518052793	2897.80518052793	0	NA	94	NA	9.905	NA	NA	TRUE	TRUE	FALSE	0.147512388371649	0.147512388371649	0.000000123134860460129	0.000000137438414333972	none	FALSE	FALSE	TRUE	FALSE	42.083092	0.198571428571429	crown	80	36843d1bbd0bc9dc2b57666a0ea100232b290c4f45c72fb3002811ca6e9a5bd2	4cd6d477a96b96af2abbdace626938ff10c7d1fe1e12f1feb224df6ea1a100ca	06725d5a0c1ef29007aeb0f7657175c2d2329c75cb4d8fb2170e39b5fdaf6962	3d0af76b57e294ee32f963fe0945b50b9f0713282e8546c5b74f0a60e41d4e8a	6db09ba718b3d18cbe762ccfe3cd2fd1c3186d8c069b10da602219b2e4c45b90	3b2c2357bb92444b72f4520914b238d1e0eabd0aa47952d75f61e327f3179fb3
BCSTDTempVar	boundary_nonidentifiable	FALSE	first_round_v2_boundary_trigger	3	first_round_start03	raw_original	2026091303	Nelder-Mead	500	0.0000000149011611938477	1;1;1	lambda0=0.14999999999999999;mu0=0.01;beta=-0	lambda0=0.14999999999999999;mu0=0.01;beta=-0	lambda0=0.14750728779480443;mu0=1.5370069966839971e-08;beta=0.0032415355611200756	lambda0=0.14750728779480443;mu0=1.5370069966839971e-08;beta=0.0032415355611200756	-1445.87351827065	2897.80514792145	2897.80514792145	0	NA	152	NA	15.52	NA	NA	TRUE	TRUE	FALSE	0.147507287794804	0.147507287794804	0.000000015927439990262	0.0000000166231322292175	mu0_near_zero	FALSE	FALSE	TRUE	FALSE	42.083092	0.198571428571429	crown	80	36843d1bbd0bc9dc2b57666a0ea100232b290c4f45c72fb3002811ca6e9a5bd2	0fde514a45b49e06876d59c669831b32629d7f59fbcb4b6242d161e8dd051907	06725d5a0c1ef29007aeb0f7657175c2d2329c75cb4d8fb2170e39b5fdaf6962	3d0af76b57e294ee32f963fe0945b50b9f0713282e8546c5b74f0a60e41d4e8a	6db09ba718b3d18cbe762ccfe3cd2fd1c3186d8c069b10da602219b2e4c45b90	3b2c2357bb92444b72f4520914b238d1e0eabd0aa47952d75f61e327f3179fb3
BCSTDTempVar	boundary_nonidentifiable	FALSE	first_round_v2_boundary_trigger	4	first_round_start04	raw_original	2026091304	Nelder-Mead	500	0.0000000149011611938477	1;1;1	lambda0=0.20000000000000001;mu0=0.052605558387504525;beta=-0.029999999999999999	lambda0=0.20000000000000001;mu0=0.052605558387504525;beta=-0.029999999999999999	lambda0=0.14770688330542114;mu0=0.37332892059668854;beta=-0.4683723592407486	lambda0=0.14770688330542114;mu0=0.37332892059668854;beta=-0.4683723592407486	-1445.86348106694	2897.78507351402	2897.78507351402	0	NA	122	NA	12.396	NA	NA	TRUE	TRUE	FALSE	0.147706883305421	0.147706883305421	0.00000450871755087774	0.00217169256938274	none	FALSE	FALSE	TRUE	FALSE	42.083092	0.198571428571429	crown	80	36843d1bbd0bc9dc2b57666a0ea100232b290c4f45c72fb3002811ca6e9a5bd2	cd0463c0f03fc8ec9caeb09c566f37382e73c9acbad2806fd8a4752dc96d1646	06725d5a0c1ef29007aeb0f7657175c2d2329c75cb4d8fb2170e39b5fdaf6962	3d0af76b57e294ee32f963fe0945b50b9f0713282e8546c5b74f0a60e41d4e8a	6db09ba718b3d18cbe762ccfe3cd2fd1c3186d8c069b10da602219b2e4c45b90	3b2c2357bb92444b72f4520914b238d1e0eabd0aa47952d75f61e327f3179fb3
BCSTDTempVar	boundary_nonidentifiable	FALSE	first_round_v2_boundary_trigger	5	first_round_start05	raw_original	2026091305	Nelder-Mead	500	0.0000000149011611938477	1;1;1	lambda0=0.28000000000000003;mu0=0.24598620206765762;beta=-0.059999999999999998	lambda0=0.28000000000000003;mu0=0.24598620206765762;beta=-0.059999999999999998	lambda0=0.14797763935511021;mu0=0.80190113033480781;beta=-0.46664203945917082	lambda0=0.14797763935511021;mu0=0.80190113033480781;beta=-0.46664203945917082	-1445.85210458278	2897.7623205457	2897.7623205457	0	NA	110	NA	11.448	NA	NA	TRUE	TRUE	FALSE	0.14797763935511	0.14797763935511	0.0000100983647771346	0.00475428745464658	none	FALSE	FALSE	TRUE	FALSE	42.083092	0.198571428571429	crown	80	36843d1bbd0bc9dc2b57666a0ea100232b290c4f45c72fb3002811ca6e9a5bd2	b8f69fccf670a6eb1b4005684e916442d6fde4369d787127322b88e5cf210904	06725d5a0c1ef29007aeb0f7657175c2d2329c75cb4d8fb2170e39b5fdaf6962	3d0af76b57e294ee32f963fe0945b50b9f0713282e8546c5b74f0a60e41d4e8a	6db09ba718b3d18cbe762ccfe3cd2fd1c3186d8c069b10da602219b2e4c45b90	3b2c2357bb92444b72f4520914b238d1e0eabd0aa47952d75f61e327f3179fb3
BCSTDTempVar	boundary_nonidentifiable	FALSE	first_round_v2_boundary_trigger	6	first_round_start06	raw_original	2026091306	Nelder-Mead	500	0.0000000149011611938477	1;1;1	lambda0=0.10000000000000001;mu0=0.018088173667607042;beta=-0.01	lambda0=0.10000000000000001;mu0=0.018088173667607042;beta=-0.01	lambda0=0.14763079090601872;mu0=-9.5291249621601037e-08;beta=-0.044930224840720873	lambda0=0.14763079090601872;mu0=-9.5291249621601037e-08;beta=-0.044930224840720873	-1445.87390719187	2897.80592576388	2897.80592576388	0	NA	116	NA	12.056	NA	NA	TRUE	TRUE	FALSE	0.147630790906019	0.147630790906019	0.0000000321568353994835	0.0000000581600602159905	mu0_near_zero	FALSE	FALSE	TRUE	FALSE	42.083092	0.198571428571429	crown	80	36843d1bbd0bc9dc2b57666a0ea100232b290c4f45c72fb3002811ca6e9a5bd2	1932a56ee536f6bfdaeb8e33dacddc6adf45ccc76d6158b7d160ec5ebdf0cd2f	06725d5a0c1ef29007aeb0f7657175c2d2329c75cb4d8fb2170e39b5fdaf6962	3d0af76b57e294ee32f963fe0945b50b9f0713282e8546c5b74f0a60e41d4e8a	6db09ba718b3d18cbe762ccfe3cd2fd1c3186d8c069b10da602219b2e4c45b90	3b2c2357bb92444b72f4520914b238d1e0eabd0aa47952d75f61e327f3179fb3
BCSTDTempVar	boundary_nonidentifiable	FALSE	first_round_v2_boundary_trigger	7	first_round_start07	raw_original	2026091307	Nelder-Mead	500	0.0000000149011611938477	1;1;1	lambda0=0.15093719214221241;mu0=0.81793915294150399;beta=-0.46594203945917084	lambda0=0.15093719214221241;mu0=0.81793915294150399;beta=-0.46594203945917084	lambda0=0.1640826776169734;mu0=6934.2266875875857;beta=-0.90117654365124789	lambda0=0.1640826776169734;mu0=6934.2266875875857;beta=-0.90117654365124789	-1444.13591188347	2894.32993514709	2894.32993514709	1	NA	502	NA	48.266	NA	NA	TRUE	TRUE	FALSE	0.164082677616973	0.164082677616973	0.00000238999198546667	0.346864235894438	none	FALSE	FALSE	TRUE	FALSE	42.083092	0.198571428571429	crown	80	36843d1bbd0bc9dc2b57666a0ea100232b290c4f45c72fb3002811ca6e9a5bd2	eaef40e487fb969ea2448c13f3be73fbec5ccbb69f015cd143aafe1cc077b0a7	06725d5a0c1ef29007aeb0f7657175c2d2329c75cb4d8fb2170e39b5fdaf6962	3d0af76b57e294ee32f963fe0945b50b9f0713282e8546c5b74f0a60e41d4e8a	6db09ba718b3d18cbe762ccfe3cd2fd1c3186d8c069b10da602219b2e4c45b90	3b2c2357bb92444b72f4520914b238d1e0eabd0aa47952d75f61e327f3179fb3
BCSTDTempVar	boundary_nonidentifiable	FALSE	first_round_v2_boundary_trigger	8	first_round_start08	raw_original	2026091308	Nelder-Mead	500	0.0000000149011611938477	1;1;1	lambda0=0.14501808656800802;mu0=0.78586310772811163;beta=-0.4673420394591708	lambda0=0.14501808656800802;mu0=0.78586310772811163;beta=-0.4673420394591708	lambda0=0.14799377131324865;mu0=0.80527727314506325;beta=-0.45625148217248601	lambda0=0.14799377131324865;mu0=0.80527727314506325;beta=-0.45625148217248601	-1445.85181267003	2897.76173672021	2897.76173672021	0	NA	56	NA	5.89100000000002	NA	NA	TRUE	TRUE	FALSE	0.147993771313249	0.147993771313249	0.0000130370514899406	0.00535178529586031	none	TRUE	FALSE	TRUE	FALSE	42.083092	0.198571428571429	crown	80	36843d1bbd0bc9dc2b57666a0ea100232b290c4f45c72fb3002811ca6e9a5bd2	27bc83a9bd300c118d1e851409aa7cb4d92b048e18bc3de6be28044bf82eb3b7	06725d5a0c1ef29007aeb0f7657175c2d2329c75cb4d8fb2170e39b5fdaf6962	3d0af76b57e294ee32f963fe0945b50b9f0713282e8546c5b74f0a60e41d4e8a	6db09ba718b3d18cbe762ccfe3cd2fd1c3186d8c069b10da602219b2e4c45b90	3b2c2357bb92444b72f4520914b238d1e0eabd0aa47952d75f61e327f3179fb3
BCSTDTempVar	boundary_nonidentifiable	FALSE	first_round_v2_boundary_trigger	9	first_round_start09	raw_original	2026091309	Nelder-Mead	500	0.0000000149011611938477	1;1;1	lambda0=0.15537652132286572;mu0=0.8419961868515482;beta=-0.46514203945917082	lambda0=0.15537652132286572;mu0=0.8419961868515482;beta=-0.46514203945917082	lambda0=0.165468385066981;mu0=8247.2550411281627;beta=-0.91304531653840426	lambda0=0.165468385066981;mu0=8247.2550411281627;beta=-0.91304531653840426	-1444.12734577587	2894.31280293189	2894.31280293189	1	NA	502	NA	47.892	NA	NA	TRUE	TRUE	FALSE	0.165468385066981	0.165468385066981	0.0000021334499284493	0.362099182465616	none	FALSE	FALSE	TRUE	FALSE	42.083092	0.198571428571429	crown	80	36843d1bbd0bc9dc2b57666a0ea100232b290c4f45c72fb3002811ca6e9a5bd2	9a140bf7a4237078f092e88f6195234156f65ba60ecb2890544ae055a76f8c02	06725d5a0c1ef29007aeb0f7657175c2d2329c75cb4d8fb2170e39b5fdaf6962	3d0af76b57e294ee32f963fe0945b50b9f0713282e8546c5b74f0a60e41d4e8a	6db09ba718b3d18cbe762ccfe3cd2fd1c3186d8c069b10da602219b2e4c45b90	3b2c2357bb92444b72f4520914b238d1e0eabd0aa47952d75f61e327f3179fb3
BCSTDTempVar	boundary_nonidentifiable	FALSE	first_round_v2_boundary_trigger	10	first_round_start10	raw_original	2026091310	Nelder-Mead	500	0.0000000149011611938477	1;1;1	lambda0=0.1405787573873547;mu0=0.76180607381806742;beta=-0.46814203945917082	lambda0=0.1405787573873547;mu0=0.76180607381806742;beta=-0.46814203945917082	lambda0=0.16379687177756894;mu0=1786.3564322455422;beta=-0.79284687284671929	lambda0=0.16379687177756894;mu0=1786.3564322455422;beta=-0.79284687284671929	-1444.38459668811	2894.82730475637	2894.82730475637	1	NA	502	NA	47.109	NA	NA	TRUE	TRUE	FALSE	0.163796871777569	0.163796871777569	0.00000845002256593283	0.293852756906751	none	FALSE	FALSE	TRUE	FALSE	42.083092	0.198571428571429	crown	80	36843d1bbd0bc9dc2b57666a0ea100232b290c4f45c72fb3002811ca6e9a5bd2	77f1e4f0ac8567f192b8637ba9da0f589e42230b2c0d304d7254ea4f412c6792	06725d5a0c1ef29007aeb0f7657175c2d2329c75cb4d8fb2170e39b5fdaf6962	3d0af76b57e294ee32f963fe0945b50b9f0713282e8546c5b74f0a60e41d4e8a	6db09ba718b3d18cbe762ccfe3cd2fd1c3186d8c069b10da602219b2e4c45b90	3b2c2357bb92444b72f4520914b238d1e0eabd0aa47952d75f61e327f3179fb3
BCSTDTempVar	boundary_nonidentifiable	FALSE	03c_free_logcenter_boundary_sequence	1	round1_nonconverged_endpoint_01	log_lambda_log_mu_ref_beta	2026095001	Nelder-Mead	15000	0.00000000001	1;10;1	-1.8073848463788744;-8.035137052770688;-0.90117654365124789	0.16408267761697343;6934.2266875875894;-0.90117654365124789;-8.035137052770688;8.8442248178922451	-1.7518760881419857;-29717.458082806246;-3839.3979561785236	0.17344823384125294;Inf;-3839.3979561785236;-29717.458082806246;42195.851162070074	-1441.16252151431	NA	2888.38315440877	0	NA	776	NA	79.324	NA	NA	TRUE	TRUE	TRUE	0.173448233841253	0.173448233841253	0	102.720440786834	rate_gt_100_per_Ma	FALSE	FALSE	TRUE	TRUE	42.083092	0.198571428571429	crown	80	036470c2b1f775681e61411bca1a8eb5b1a1817114bf534da77040beee9a3d95	a86d8d58261cfe146133077b35a19a3f55f079a95b5bec78416ee8cbde4a611a	06725d5a0c1ef29007aeb0f7657175c2d2329c75cb4d8fb2170e39b5fdaf6962	3d0af76b57e294ee32f963fe0945b50b9f0713282e8546c5b74f0a60e41d4e8a	135304b4645a1ee70eebe23ec6273b7f81cc2450da3d6e4558658736187e6e1b	3b2c2357bb92444b72f4520914b238d1e0eabd0aa47952d75f61e327f3179fb3
BCSTDTempVar	boundary_nonidentifiable	FALSE	03c_free_logcenter_boundary_sequence	2	round1_nonconverged_endpoint_02	log_lambda_log_mu_ref_beta	2026095002	Nelder-Mead	15000	0.00000000001	1;10;1	-1.7989751291985732;-8.0840325682530842;-0.91304531653840426	0.165468385066981;8247.2550411281572;-0.91304531653840426;-8.0840325682530842;9.0176357016768893	-1.7518639480317422;-25453.704309436431;-3288.6208265760279	0.17345033953471498;Inf;-3288.6208265760279;-25453.704309436431;36143.350538739382	-1441.1625216395	NA	2888.38315465914	0	NA	802	NA	83.996	NA	NA	TRUE	TRUE	TRUE	0.173450339534715	0.173450339534715	0	102.721922958495	rate_gt_100_per_Ma	FALSE	FALSE	TRUE	TRUE	42.083092	0.198571428571429	crown	80	036470c2b1f775681e61411bca1a8eb5b1a1817114bf534da77040beee9a3d95	656aaf0b5914b0c5dfaf546853b92d0d7b93c4f1bbdf3fb9a2c79bec95527376	06725d5a0c1ef29007aeb0f7657175c2d2329c75cb4d8fb2170e39b5fdaf6962	3d0af76b57e294ee32f963fe0945b50b9f0713282e8546c5b74f0a60e41d4e8a	135304b4645a1ee70eebe23ec6273b7f81cc2450da3d6e4558658736187e6e1b	3b2c2357bb92444b72f4520914b238d1e0eabd0aa47952d75f61e327f3179fb3
BCSTDTempVar	boundary_nonidentifiable	FALSE	03c_free_logcenter_boundary_sequence	3	round1_nonconverged_endpoint_03	log_lambda_log_mu_ref_beta	2026095003	Nelder-Mead	15000	0.00000000001	1;10;1	-1.809128205562573;-7.3623747318549562;-0.79284687284671929	0.16379687177756894;1786.3564322455425;-0.79284687284671929;-7.3623747318549562;7.4879333116512594	-1.7518696125265176;-31481.254387059678;-4067.2391315768255	0.17344935702895559;Inf;-4067.2391315768255;-31481.254387059678;44699.602294197139	-1441.16252150113	NA	2888.38315438241	0	NA	852	NA	85.281	NA	NA	TRUE	TRUE	TRUE	0.173449357028956	0.173449357028956	0	102.720885740201	rate_gt_100_per_Ma	FALSE	FALSE	TRUE	TRUE	42.083092	0.198571428571429	crown	80	036470c2b1f775681e61411bca1a8eb5b1a1817114bf534da77040beee9a3d95	a8358785dba7d4716de15c96b7a86d0e92ad3e111f84fad37ba2867946ea75ae	06725d5a0c1ef29007aeb0f7657175c2d2329c75cb4d8fb2170e39b5fdaf6962	3d0af76b57e294ee32f963fe0945b50b9f0713282e8546c5b74f0a60e41d4e8a	135304b4645a1ee70eebe23ec6273b7f81cc2450da3d6e4558658736187e6e1b	3b2c2357bb92444b72f4520914b238d1e0eabd0aa47952d75f61e327f3179fb3
BCSTDTempVar	boundary_nonidentifiable	FALSE	03c_free_logcenter_boundary_sequence	4	boundary_calibrated_beta_-2	log_lambda_log_mu_ref_beta	2026095004	Nelder-Mead	15000	0.00000000001	1;10;1	-1.8971199848858813;-18.478414940562899;-2	0.14999999999999999;175352150.85398984;-2;-18.478414940562899;18.982306800537337	-1.7518702720025296;-28671.841500703536;-3704.3287798720285	0.17344924264330303;Inf;-3704.3287798720285;-28671.841500703536;40711.573329464169	-1441.16252152565	NA	2888.38315443144	0	NA	728	NA	73.298	NA	NA	TRUE	TRUE	TRUE	0.173449242643303	0.173449242643303	0	102.718867002728	rate_gt_100_per_Ma	FALSE	FALSE	TRUE	TRUE	42.083092	0.198571428571429	crown	80	036470c2b1f775681e61411bca1a8eb5b1a1817114bf534da77040beee9a3d95	914415cb62c52d50721e450f9b2a8cf352a88a6420db62b4727ce3fa356005fd	06725d5a0c1ef29007aeb0f7657175c2d2329c75cb4d8fb2170e39b5fdaf6962	3d0af76b57e294ee32f963fe0945b50b9f0713282e8546c5b74f0a60e41d4e8a	135304b4645a1ee70eebe23ec6273b7f81cc2450da3d6e4558658736187e6e1b	3b2c2357bb92444b72f4520914b238d1e0eabd0aa47952d75f61e327f3179fb3
BCSTDTempVar	boundary_nonidentifiable	FALSE	03c_free_logcenter_boundary_sequence	5	boundary_calibrated_beta_-4	log_lambda_log_mu_ref_beta	2026095005	Nelder-Mead	15000	0.00000000001	1;10;1	-1.8325814637483102;-32.574803246451921;-4	0.15999999999999998;2.4598701447296236e+18;-4;-32.574803246451921;42.346640235748552	-1.7518721840607587;-30902.195147257804;-3992.4382387745809	0.17344891099856838;Inf;-3992.4382387745809;-30902.195147257804;43877.613818373633	-1441.16252150039	NA	2888.38315438092	0	NA	918	NA	93.443	NA	NA	TRUE	TRUE	TRUE	0.173448910998568	0.173448910998568	0	102.720533287172	rate_gt_100_per_Ma	FALSE	FALSE	TRUE	TRUE	42.083092	0.198571428571429	crown	80	036470c2b1f775681e61411bca1a8eb5b1a1817114bf534da77040beee9a3d95	6b761dbd03072833f9a32876fbac36f1ac8e5e939deb8cb49c2632557de98412	06725d5a0c1ef29007aeb0f7657175c2d2329c75cb4d8fb2170e39b5fdaf6962	3d0af76b57e294ee32f963fe0945b50b9f0713282e8546c5b74f0a60e41d4e8a	135304b4645a1ee70eebe23ec6273b7f81cc2450da3d6e4558658736187e6e1b	3b2c2357bb92444b72f4520914b238d1e0eabd0aa47952d75f61e327f3179fb3
BCSTDTempVar	boundary_nonidentifiable	FALSE	03c_free_logcenter_boundary_sequence	6	boundary_calibrated_beta_-6	log_lambda_log_mu_ref_beta	2026095006	Nelder-Mead	15000	0.00000000001	1;10;1	-1.7719568419318752;-46.735730073478507;-6	0.17000000000000001;3.2350764052489442e+28;-6;-46.735730073478507;65.64643514982221	-1.7518704781477474;-27124.075706220137;-3504.3936923503543	0.17344920688757481;Inf;-3504.3936923503543;-27124.075706220137;38514.482783981592	-1441.16252154196	NA	2888.38315446407	0	NA	806	NA	80.77	NA	NA	TRUE	TRUE	TRUE	0.173449206887575	0.173449206887575	0	102.722712255917	rate_gt_100_per_Ma	FALSE	FALSE	TRUE	TRUE	42.083092	0.198571428571429	crown	80	036470c2b1f775681e61411bca1a8eb5b1a1817114bf534da77040beee9a3d95	219f6de56576c776798222f53e178e441600af7c409c9f4bc9333b34cfac842f	06725d5a0c1ef29007aeb0f7657175c2d2329c75cb4d8fb2170e39b5fdaf6962	3d0af76b57e294ee32f963fe0945b50b9f0713282e8546c5b74f0a60e41d4e8a	135304b4645a1ee70eebe23ec6273b7f81cc2450da3d6e4558658736187e6e1b	3b2c2357bb92444b72f4520914b238d1e0eabd0aa47952d75f61e327f3179fb3
BCSTDTempVar	boundary_nonidentifiable	FALSE	03c_free_logcenter_boundary_sequence	7	boundary_calibrated_beta_-8	log_lambda_log_mu_ref_beta	2026095007	Nelder-Mead	15000	0.00000000001	1;10;1	-1.8325814637483102;-61.237583487475689;-8	0.15999999999999998;3.0254805644660916e+38;-8;-61.237583487475689;88.605303476925258	-1.751869790704446;-33214.770118253109;-4291.1687658820701	0.17344932612411121;Inf;-4291.1687658820701;-33214.770118253109;47160.369423151256	-1441.16252149808	NA	2888.3831543763	0	NA	882	NA	88.512	NA	NA	TRUE	TRUE	TRUE	0.173449326124111	0.173449326124111	0	102.721157981009	rate_gt_100_per_Ma	FALSE	FALSE	TRUE	TRUE	42.083092	0.198571428571429	crown	80	036470c2b1f775681e61411bca1a8eb5b1a1817114bf534da77040beee9a3d95	27c7cd84b6165dcfec7122046b3e8f01c23306f45908bff555763a0a757a325c	06725d5a0c1ef29007aeb0f7657175c2d2329c75cb4d8fb2170e39b5fdaf6962	3d0af76b57e294ee32f963fe0945b50b9f0713282e8546c5b74f0a60e41d4e8a	135304b4645a1ee70eebe23ec6273b7f81cc2450da3d6e4558658736187e6e1b	3b2c2357bb92444b72f4520914b238d1e0eabd0aa47952d75f61e327f3179fb3
BCSTDTempVar	boundary_nonidentifiable	FALSE	03c_free_logcenter_boundary_sequence	8	boundary_calibrated_beta_-10	log_lambda_log_mu_ref_beta	2026095008	Nelder-Mead	15000	0.00000000001	1;10;1	-1.8018098050815563;-75.803975422610435;-10	0.16500000000000004;2.6526226217303634e+48;-10;-75.803975422610435;111.49963328289074	-1.7518701942914909;-31070.062114159118;-4014.1227240178146	0.17344925612222437;Inf;-4014.1227240178146;-31070.062114159118;44115.905085370214	-1441.16252151096	NA	2888.38315440207	0	NA	770	NA	78.663	NA	NA	TRUE	TRUE	TRUE	0.173449256122224	0.173449256122224	0	102.724129379797	rate_gt_100_per_Ma	FALSE	FALSE	TRUE	TRUE	42.083092	0.198571428571429	crown	80	036470c2b1f775681e61411bca1a8eb5b1a1817114bf534da77040beee9a3d95	dee8c4298f8be972b5011c46702da025e2d66e18ed30b4132e5c8c8b7f760d4d	06725d5a0c1ef29007aeb0f7657175c2d2329c75cb4d8fb2170e39b5fdaf6962	3d0af76b57e294ee32f963fe0945b50b9f0713282e8546c5b74f0a60e41d4e8a	135304b4645a1ee70eebe23ec6273b7f81cc2450da3d6e4558658736187e6e1b	3b2c2357bb92444b72f4520914b238d1e0eabd0aa47952d75f61e327f3179fb3
BCSTDTempVar	boundary_nonidentifiable	FALSE	03c_free_logcenter_boundary_sequence	9	boundary_calibrated_beta_-12	log_lambda_log_mu_ref_beta	2026095009	Nelder-Mead	15000	0.00000000001	1;10;1	-1.8643301620628905;-92.896096002053454;-12	0.155;1.8605723284974687e+57;-12;-92.896096002053454;131.86823444454797	-1.7518576198732825;-26716.974435335072;-3451.8057457148866	0.17345143715942141;Inf;-3451.8057457148866;-26716.974435335072;37936.592836943106	-1441.16252159142	NA	2888.38315456298	0	NA	1078	NA	105.914	NA	NA	TRUE	TRUE	TRUE	0.173451437159421	0.173451437159421	0	102.725378128872	rate_gt_100_per_Ma	FALSE	FALSE	TRUE	TRUE	42.083092	0.198571428571429	crown	80	036470c2b1f775681e61411bca1a8eb5b1a1817114bf534da77040beee9a3d95	56e28cd134516d12f6fd547b5e92e9f96d61c4de4a6bcea64317efac415ce659	06725d5a0c1ef29007aeb0f7657175c2d2329c75cb4d8fb2170e39b5fdaf6962	3d0af76b57e294ee32f963fe0945b50b9f0713282e8546c5b74f0a60e41d4e8a	135304b4645a1ee70eebe23ec6273b7f81cc2450da3d6e4558658736187e6e1b	3b2c2357bb92444b72f4520914b238d1e0eabd0aa47952d75f61e327f3179fb3
BCSTDTempVar	boundary_nonidentifiable	FALSE	03c_free_logcenter_boundary_sequence	10	boundary_calibrated_beta_-16	log_lambda_log_mu_ref_beta	2026095010	Nelder-Mead	15000	0.00000000001	1;10;1	-1.7719568419318752;-122.76284904740317;-16	0.17000000000000001;6.8651494844715043e+76;-16;-122.76284904740317;176.92292488139873	-1.7518720872025799;-30618.493444167707;-3955.7906242000549	0.17344892779851481;Inf;-3955.7906242000549;-30618.493444167707;43474.892475438028	-1441.16252150244	NA	2888.38315438503	0	NA	975	NA	96.338	NA	NA	TRUE	TRUE	TRUE	0.173448927798515	0.173448927798515	0	102.721520434116	rate_gt_100_per_Ma	FALSE	FALSE	TRUE	TRUE	42.083092	0.198571428571429	crown	80	036470c2b1f775681e61411bca1a8eb5b1a1817114bf534da77040beee9a3d95	08d1aef9db561dbd173e10948c54d39a839c04ad23391a39173b1459ced95647	06725d5a0c1ef29007aeb0f7657175c2d2329c75cb4d8fb2170e39b5fdaf6962	3d0af76b57e294ee32f963fe0945b50b9f0713282e8546c5b74f0a60e41d4e8a	135304b4645a1ee70eebe23ec6273b7f81cc2450da3d6e4558658736187e6e1b	3b2c2357bb92444b72f4520914b238d1e0eabd0aa47952d75f61e327f3179fb3
