repository_path	source_collection	source_member_or_path	relationship
Divergence_time/Inputs/CALIBRATION_DEFINITIONS.tsv	Divergence_dating_source_data.zip	02_INPUT_AND_CALIBRATIONS/CALIBRATION_DEFINITIONS.tsv	source
Divergence_time/Inputs/mapping/A_two_node_calibration_node_mapping.tsv	Divergence_dating_source_data.zip	02_INPUT_AND_CALIBRATIONS/mapping/A_two_node_calibration_node_mapping.tsv	source
Divergence_time/Inputs/mapping/B_three_node_calibration_node_mapping.tsv	Divergence_dating_source_data.zip	02_INPUT_AND_CALIBRATIONS/mapping/B_three_node_calibration_node_mapping.tsv	source
Divergence_time/Inputs/mapping/formal495_suffix_overrides.tsv	Divergence_dating_source_data.zip	02_INPUT_AND_CALIBRATIONS/mapping/formal495_suffix_overrides.tsv	source
Divergence_time/Inputs/verified_495_tip_input.treefile	Divergence_dating_source_data.zip	02_INPUT_AND_CALIBRATIONS/verified_495_tip_input.treefile	source
Divergence_time/Results/A_primary/final_variant_node_ages.tsv	Divergence_dating_source_data.zip	04_RESULTS_TABLES/A_primary/final_variant_node_ages.tsv	source
Divergence_time/Results/A_primary/node_ages.tsv	Divergence_dating_source_data.zip	04_RESULTS_TABLES/A_primary/node_ages.tsv	source
Divergence_time/Results/B_sensitivity/final_variant_threecal_age_difference_summary.tsv	Divergence_dating_source_data.zip	04_RESULTS_TABLES/B_sensitivity/final_variant_threecal_age_difference_summary.tsv	source
Divergence_time/Results/B_sensitivity/final_variant_threecal_calibration_ages.tsv	Divergence_dating_source_data.zip	04_RESULTS_TABLES/B_sensitivity/final_variant_threecal_calibration_ages.tsv	source
Divergence_time/Results/B_sensitivity/key_results_summary.tsv	Divergence_dating_source_data.zip	04_RESULTS_TABLES/B_sensitivity/key_results_summary.tsv	source
Divergence_time/Results/B_sensitivity/node_ages.tsv	Divergence_dating_source_data.zip	04_RESULTS_TABLES/B_sensitivity/node_ages.tsv	source
Divergence_time/Results/B_sensitivity/two_vs_three_calibration_node_ages.tsv	Divergence_dating_source_data.zip	04_RESULTS_TABLES/B_sensitivity/two_vs_three_calibration_node_ages.tsv	source
Divergence_time/Results/combined/all_internal_node_difference_summary.tsv	Divergence_dating_source_data.zip	04_RESULTS_TABLES/combined/all_internal_node_difference_summary.tsv	source
Divergence_time/Results/combined/all_internal_node_differences.tsv	Divergence_dating_source_data.zip	04_RESULTS_TABLES/combined/all_internal_node_differences.tsv	source
Divergence_time/Results/combined/boundary_crossings_33_9.tsv	Divergence_dating_source_data.zip	04_RESULTS_TABLES/combined/boundary_crossings_33_9.tsv	source
Divergence_time/Results/combined/calibration_sensitivity_summary.tsv	Divergence_dating_source_data.zip	04_RESULTS_TABLES/combined/calibration_sensitivity_summary.tsv	source
Divergence_time/Results/combined/calibration_sensitivity_summary_with_leave_one_out.tsv	Divergence_dating_source_data.zip	04_RESULTS_TABLES/combined/calibration_sensitivity_summary_with_leave_one_out.tsv	source
Divergence_time/Results/combined/focal_node_age_comparison.FORMAL_full_precision.tsv	Divergence_dating_source_data.zip	04_RESULTS_TABLES/combined/focal_node_age_comparison.FORMAL_full_precision.tsv	source
Divergence_time/Results/combined/leave_one_out_diagnostic_summary.tsv	Divergence_dating_source_data.zip	04_RESULTS_TABLES/combined/leave_one_out_diagnostic_summary.tsv	source
Divergence_time/Results/EARLY_BACKBONE_NODE_AGES.tsv	Divergence_dating_source_data.zip	04_RESULTS_TABLES/EARLY_BACKBONE_NODE_AGES.tsv	source
Divergence_time/Results/MANUSCRIPT_KEY_RESULTS.tsv	Divergence_dating_source_data.zip	04_RESULTS_TABLES/MANUSCRIPT_KEY_RESULTS.tsv	source
Divergence_time/Results/TRIBE_CROWN_NODE_AGES.tsv	Divergence_dating_source_data.zip	04_RESULTS_TABLES/TRIBE_CROWN_NODE_AGES.tsv	source
Divergence_time/Computation/A_primary/configs/cv_ext_run_01.cfg	Divergence_dating_source_data.zip	07_REPRODUCIBILITY/A_primary/configs/cv_ext_run_01.cfg	source
Divergence_time/Computation/A_primary/configs/cv_ext_run_02.cfg	Divergence_dating_source_data.zip	07_REPRODUCIBILITY/A_primary/configs/cv_ext_run_02.cfg	source
Divergence_time/Computation/A_primary/configs/cv_ext_run_03.cfg	Divergence_dating_source_data.zip	07_REPRODUCIBILITY/A_primary/configs/cv_ext_run_03.cfg	source
Divergence_time/Computation/A_primary/configs/cv_finalgrid_run_01.cfg	Divergence_dating_source_data.zip	07_REPRODUCIBILITY/A_primary/configs/cv_finalgrid_run_01.cfg	source
Divergence_time/Computation/A_primary/configs/cv_finalgrid_run_02.cfg	Divergence_dating_source_data.zip	07_REPRODUCIBILITY/A_primary/configs/cv_finalgrid_run_02.cfg	source
Divergence_time/Computation/A_primary/configs/cv_finalgrid_run_03.cfg	Divergence_dating_source_data.zip	07_REPRODUCIBILITY/A_primary/configs/cv_finalgrid_run_03.cfg	source
Divergence_time/Computation/A_primary/configs/cv_full_run_01.cfg	Divergence_dating_source_data.zip	07_REPRODUCIBILITY/A_primary/configs/cv_full_run_01.cfg	source
Divergence_time/Computation/A_primary/configs/cv_full_run_02.cfg	Divergence_dating_source_data.zip	07_REPRODUCIBILITY/A_primary/configs/cv_full_run_02.cfg	source
Divergence_time/Computation/A_primary/configs/cv_full_run_03.cfg	Divergence_dating_source_data.zip	07_REPRODUCIBILITY/A_primary/configs/cv_full_run_03.cfg	source
Divergence_time/Computation/A_primary/configs/cv_run_01.cfg	Divergence_dating_source_data.zip	07_REPRODUCIBILITY/A_primary/configs/cv_run_01.cfg	source
Divergence_time/Computation/A_primary/configs/cv_run_02.cfg	Divergence_dating_source_data.zip	07_REPRODUCIBILITY/A_primary/configs/cv_run_02.cfg	source
Divergence_time/Computation/A_primary/configs/cv_run_03.cfg	Divergence_dating_source_data.zip	07_REPRODUCIBILITY/A_primary/configs/cv_run_03.cfg	source
Divergence_time/Computation/A_primary/configs/final.cfg	Divergence_dating_source_data.zip	07_REPRODUCIBILITY/A_primary/configs/final.cfg	source
Divergence_time/Computation/A_primary/configs/final_baseline_no_thorough.cfg	Divergence_dating_source_data.zip	07_REPRODUCIBILITY/A_primary/configs/final_baseline_no_thorough.cfg	source
Divergence_time/Computation/A_primary/configs/final_repeat_same_seed.cfg	Divergence_dating_source_data.zip	07_REPRODUCIBILITY/A_primary/configs/final_repeat_same_seed.cfg	source
Divergence_time/Computation/A_primary/configs/final_sensitivity_1e-12.cfg	Divergence_dating_source_data.zip	07_REPRODUCIBILITY/A_primary/configs/final_sensitivity_1e-12.cfg	source
Divergence_time/Computation/A_primary/configs/final_sensitivity_1e-13.cfg	Divergence_dating_source_data.zip	07_REPRODUCIBILITY/A_primary/configs/final_sensitivity_1e-13.cfg	source
Divergence_time/Computation/A_primary/configs/prime.cfg	Divergence_dating_source_data.zip	07_REPRODUCIBILITY/A_primary/configs/prime.cfg	source
Divergence_time/Computation/A_primary/scripts/01_preflight_mapping.R	Divergence_dating_source_data.zip	07_REPRODUCIBILITY/A_primary/scripts/01_preflight_mapping.R	source
Divergence_time/Computation/A_primary/scripts/03_validate_alignment.R	Divergence_dating_source_data.zip	07_REPRODUCIBILITY/A_primary/scripts/03_validate_alignment.R	source
Divergence_time/Computation/A_primary/scripts/04_lint_treepl_config.R	Divergence_dating_source_data.zip	07_REPRODUCIBILITY/A_primary/scripts/04_lint_treepl_config.R	source
Divergence_time/Computation/A_primary/scripts/05_extract_prime_recommendations.R	Divergence_dating_source_data.zip	07_REPRODUCIBILITY/A_primary/scripts/05_extract_prime_recommendations.R	source
Divergence_time/Computation/A_primary/scripts/06_summarize_cv_19point.R	Divergence_dating_source_data.zip	07_REPRODUCIBILITY/A_primary/scripts/06_summarize_cv_19point.R	source
Divergence_time/Computation/A_primary/scripts/07_final_qa.R	Divergence_dating_source_data.zip	07_REPRODUCIBILITY/A_primary/scripts/07_final_qa.R	source
Divergence_time/Computation/A_primary/scripts/09_compare_final_variants.R	Divergence_dating_source_data.zip	07_REPRODUCIBILITY/A_primary/scripts/09_compare_final_variants.R	source
Divergence_time/Computation/A_primary/scripts/10_compile_config_lint.R	Divergence_dating_source_data.zip	07_REPRODUCIBILITY/A_primary/scripts/10_compile_config_lint.R	source
Divergence_time/Computation/B_sensitivity/configs/cv_extendedgrid_run_01.cfg	Divergence_dating_source_data.zip	07_REPRODUCIBILITY/B_sensitivity/configs/cv_extendedgrid_run_01.cfg	source
Divergence_time/Computation/B_sensitivity/configs/cv_extendedgrid_run_02.cfg	Divergence_dating_source_data.zip	07_REPRODUCIBILITY/B_sensitivity/configs/cv_extendedgrid_run_02.cfg	source
Divergence_time/Computation/B_sensitivity/configs/cv_extendedgrid_run_03.cfg	Divergence_dating_source_data.zip	07_REPRODUCIBILITY/B_sensitivity/configs/cv_extendedgrid_run_03.cfg	source
Divergence_time/Computation/B_sensitivity/configs/cv_finalgrid_run_01.cfg	Divergence_dating_source_data.zip	07_REPRODUCIBILITY/B_sensitivity/configs/cv_finalgrid_run_01.cfg	source
Divergence_time/Computation/B_sensitivity/configs/cv_finalgrid_run_02.cfg	Divergence_dating_source_data.zip	07_REPRODUCIBILITY/B_sensitivity/configs/cv_finalgrid_run_02.cfg	source
Divergence_time/Computation/B_sensitivity/configs/cv_finalgrid_run_03.cfg	Divergence_dating_source_data.zip	07_REPRODUCIBILITY/B_sensitivity/configs/cv_finalgrid_run_03.cfg	source
Divergence_time/Computation/B_sensitivity/configs/cv_full_run_01.cfg	Divergence_dating_source_data.zip	07_REPRODUCIBILITY/B_sensitivity/configs/cv_full_run_01.cfg	source
Divergence_time/Computation/B_sensitivity/configs/cv_full_run_02.cfg	Divergence_dating_source_data.zip	07_REPRODUCIBILITY/B_sensitivity/configs/cv_full_run_02.cfg	source
Divergence_time/Computation/B_sensitivity/configs/cv_full_run_03.cfg	Divergence_dating_source_data.zip	07_REPRODUCIBILITY/B_sensitivity/configs/cv_full_run_03.cfg	source
Divergence_time/Computation/B_sensitivity/configs/final.cfg	Divergence_dating_source_data.zip	07_REPRODUCIBILITY/B_sensitivity/configs/final.cfg	source
Divergence_time/Computation/B_sensitivity/configs/final_baseline_no_thorough.cfg	Divergence_dating_source_data.zip	07_REPRODUCIBILITY/B_sensitivity/configs/final_baseline_no_thorough.cfg	source
Divergence_time/Computation/B_sensitivity/configs/final_repeat_same_seed.cfg	Divergence_dating_source_data.zip	07_REPRODUCIBILITY/B_sensitivity/configs/final_repeat_same_seed.cfg	source
Divergence_time/Computation/B_sensitivity/configs/final_sensitivity_1e-10.cfg	Divergence_dating_source_data.zip	07_REPRODUCIBILITY/B_sensitivity/configs/final_sensitivity_1e-10.cfg	source
Divergence_time/Computation/B_sensitivity/configs/final_sensitivity_1e-11.cfg	Divergence_dating_source_data.zip	07_REPRODUCIBILITY/B_sensitivity/configs/final_sensitivity_1e-11.cfg	source
Divergence_time/Computation/B_sensitivity/configs/final_sensitivity_1e-12.cfg	Divergence_dating_source_data.zip	07_REPRODUCIBILITY/B_sensitivity/configs/final_sensitivity_1e-12.cfg	source
Divergence_time/Computation/B_sensitivity/configs/final_sensitivity_1e-13.cfg	Divergence_dating_source_data.zip	07_REPRODUCIBILITY/B_sensitivity/configs/final_sensitivity_1e-13.cfg	source
Divergence_time/Computation/B_sensitivity/configs/final_sensitivity_1e-14.cfg	Divergence_dating_source_data.zip	07_REPRODUCIBILITY/B_sensitivity/configs/final_sensitivity_1e-14.cfg	source
Divergence_time/Computation/B_sensitivity/configs/final_sensitivity_1e-15.cfg	Divergence_dating_source_data.zip	07_REPRODUCIBILITY/B_sensitivity/configs/final_sensitivity_1e-15.cfg	source
Divergence_time/Computation/B_sensitivity/configs/final_sensitivity_1e-16.cfg	Divergence_dating_source_data.zip	07_REPRODUCIBILITY/B_sensitivity/configs/final_sensitivity_1e-16.cfg	source
Divergence_time/Computation/B_sensitivity/configs/final_sensitivity_1e-17.cfg	Divergence_dating_source_data.zip	07_REPRODUCIBILITY/B_sensitivity/configs/final_sensitivity_1e-17.cfg	source
Divergence_time/Computation/B_sensitivity/configs/prime.cfg	Divergence_dating_source_data.zip	07_REPRODUCIBILITY/B_sensitivity/configs/prime.cfg	source
Divergence_time/Computation/B_sensitivity/scripts/01_preflight_mapping.R	Divergence_dating_source_data.zip	07_REPRODUCIBILITY/B_sensitivity/scripts/01_preflight_mapping.R	source
Divergence_time/Computation/B_sensitivity/scripts/04_lint_treepl_config.R	Divergence_dating_source_data.zip	07_REPRODUCIBILITY/B_sensitivity/scripts/04_lint_treepl_config.R	source
Divergence_time/Computation/B_sensitivity/scripts/06_summarize_cv_19point.R	Divergence_dating_source_data.zip	07_REPRODUCIBILITY/B_sensitivity/scripts/06_summarize_cv_19point.R	source
Divergence_time/Computation/B_sensitivity/scripts/06b_summarize_cv_23point.R	Divergence_dating_source_data.zip	07_REPRODUCIBILITY/B_sensitivity/scripts/06b_summarize_cv_23point.R	source
Divergence_time/Computation/B_sensitivity/scripts/07_final_qa.R	Divergence_dating_source_data.zip	07_REPRODUCIBILITY/B_sensitivity/scripts/07_final_qa.R	source
Divergence_time/Computation/B_sensitivity/scripts/08_compare_two_vs_three_calibrations.R	Divergence_dating_source_data.zip	07_REPRODUCIBILITY/B_sensitivity/scripts/08_compare_two_vs_three_calibrations.R	source
Divergence_time/Computation/B_sensitivity/scripts/09_compare_final_variants_threecal.R	Divergence_dating_source_data.zip	07_REPRODUCIBILITY/B_sensitivity/scripts/09_compare_final_variants_threecal.R	source
Divergence_time/Computation/B_sensitivity/scripts/10_compile_config_lint_threecal.R	Divergence_dating_source_data.zip	07_REPRODUCIBILITY/B_sensitivity/scripts/10_compile_config_lint_threecal.R	source
Divergence_time/Computation/B_sensitivity/scripts/12_collect_provenance_threecal.R	Divergence_dating_source_data.zip	07_REPRODUCIBILITY/B_sensitivity/scripts/12_collect_provenance_threecal.R	source
Divergence_time/Computation/B_sensitivity/scripts/13b_generate_final_configs_from_23point.R	Divergence_dating_source_data.zip	07_REPRODUCIBILITY/B_sensitivity/scripts/13b_generate_final_configs_from_23point.R	source
Divergence_time/Computation/common/01_compile_ab_summary.R	Divergence_dating_source_data.zip	07_REPRODUCIBILITY/common/01_compile_ab_summary.R	source
Divergence_time/Computation/common/02_summarize_leave_one_out_cv.R	Divergence_dating_source_data.zip	07_REPRODUCIBILITY/common/02_summarize_leave_one_out_cv.R	source
Divergence_time/Computation/common/03_final_qa_leave_one_out.R	Divergence_dating_source_data.zip	07_REPRODUCIBILITY/common/03_final_qa_leave_one_out.R	source
Divergence_time/Computation/common/04_compile_four_scenario_summary.R	Divergence_dating_source_data.zip	07_REPRODUCIBILITY/common/04_compile_four_scenario_summary.R	source
Divergence_time/Computation/common/LICENSE	Divergence_dating_source_data.zip	07_REPRODUCIBILITY/common/LICENSE	source
Divergence_time/Computation/common/randomcv_parent_index_fix.patch	Divergence_dating_source_data.zip	07_REPRODUCIBILITY/common/randomcv_parent_index_fix.patch	source
Divergence_time/Computation/common/software_versions.txt	Divergence_dating_source_data.zip	07_REPRODUCIBILITY/common/software_versions.txt	source
Divergence_time/Inputs/alignment_label_crosswalk.tsv	Divergence_dating_source_data.zip	02_INPUT_AND_CALIBRATIONS/Hesperiinae_NT_supermatrix.495tip.requested_mydata_labels.fasta	derived_exact_sequence_hash_crosswalk
Divergence_time/Computation/A_primary/scripts/03_validate_alignment.R	Divergence_dating_source_data.zip	07_REPRODUCIBILITY/B_sensitivity/scripts/03_validate_alignment.R	identical_existing_file
Divergence_time/Computation/A_primary/scripts/05_extract_prime_recommendations.R	Divergence_dating_source_data.zip	07_REPRODUCIBILITY/B_sensitivity/scripts/05_extract_prime_recommendations.R	identical_existing_file
