anchor_number	anchor_name	anchor_kind	model	ape_node	node_age_Ma	top1_state	top1_prob	top2_state	top2_prob	top3_state	top3_prob	other_prob	entropy_nats	p_range4	TV_M0_M1	TV_M1_M2	TV_M0_M2
1	Hesperiinae root	root	M0	418	42.083092000000008	AF+EPA+ORI	0.27275493655226596	AF+EPA	0.20567325122556662	AF+EPA+IND+ORI	0.13194126355983254	0.38963054866233482	2.3468308921018508	0.30939215017280841	0.96142996269820657	0.90270798069872249	0.4403721864264884
2	Aeromachini	tribe_crown	M0	419	34.717804999999998	EPA	0.44447335567917268	AF+EPA+IND+ORI	0.13057516804092814	AF+EPA+IND+WPA	0.081729675236259999	0.3432218010436392	1.9940841563742524	0.29422891187314704	0.80168897665775618	0.51069510667911855	0.409498464069671
3	Ceratrichiini	tribe_crown	M0	451	26.035688999999998	AF	0.99999999737669609	AF+ORI	3.2451130887276421e-10	AF+EPA	3.0392957817382695e-10	1.9948630525234989e-09	6.0484200503041894e-08	1.0574938388968608e-24	0.00014315194617333719	0.00014315456870828217	2.6228309848461517e-09
4	Astictopterini	tribe_crown	M0	458	34.461443000000003	AF	0.99725616236342107	AF+EPA	0.0010609931420965937	AF+ORI	0.00086220049015828259	0.00082064400432402262	0.023321317474306359	0.00010058972144389264	0.0025791722685711261	0.00044354781865631448	0.0021395676726831767
5	Gretnini stem	tribe_stem_parent	M0	513	34.923476000000008	AF+ORI	0.85604436308215426	AF+AUS+EPA+ORI	0.033631813096658213	AF+AUS+ORI	0.030111506295031374	0.080212317526156207	0.71342253414530865	0.065336519220770911	0.95201221665395974	0.92589008526767413	0.090285607755457811
6	Taractrocerini	tribe_crown	M0	515	28.910453999999998	ORI	0.61477708884989823	AUS+ORI	0.15331637094466016	EPA+ORI	0.047406018846241835	0.18450052135919981	1.4175873436680442	0.029317841662780023	0.30400946073340251	0.2907194262955462	0.060265256075015927
7	Erionotini	tribe_crown	M0	534	30.987928000000004	ORI	0.99376572267576246	IND+ORI	0.0019866414726626334	EPA+ORI	0.0015064670066847648	0.0027411688448901739	0.047644201057363673	3.2439932006999191e-05	0.059461830108197736	0.050431044291868697	0.009385741376125625
8	Notocryptini	tribe_crown	M0	565	21.867397999999998	ORI	0.96540496925071029	EPA+ORI	0.016087848029481284	IND+ORI	0.016061045893049967	0.0024461368267584271	0.18442165112714629	0.00019202124733506412	0.30191098367415731	0.25154977752213564	0.050375661215951911
9	Eetionini stem	tribe_stem_parent	M0	572	31.323367999999999	ORI	0.99788758873193784	IND+ORI	0.0011108405122223228	EPA+ORI	0.00099186439408462026	9.7063617552350934e-06	0.016638527820775292	5.7195273520017543e-13	0.080793038847182433	0.076728351556516333	0.0040646877619370646
10	Ismini	tribe_crown	M0	573	26.663573999999997	ORI	0.95967731838748083	IND+ORI	0.020522002114665212	EPA+ORI	0.018594683866193833	0.0012059956316601284	0.20156559441791944	1.3691063177952902e-10	0.20898817805429046	0.15951973941282721	0.04946844178418152
11	Psolosini	tribe_crown	M0	577	18.301616000000003	ORI	0.68749693485163599	IND+ORI	0.17242661307553972	EPA+ORI	0.095388460592422147	0.044687991480402145	0.93177971082505928	6.1092670684907948e-09	0.53011943784446725	0.33910290161462781	0.19101655051732078
12	Baorini	tribe_crown	M0	581	22.19417700000001	ORI	0.77818813723545976	EPA+ORI	0.084185480255873663	IND+ORI	0.056459339371051541	0.081167043137615025	0.90816084408886733	0.015826520702919136	0.63583184701014051	0.36054352562588166	0.3475246681950348
13	Pericharini	tribe_crown	M0	604	29.910651000000001	SAM	0.95775242768141433	CAM	0.022443438127847083	CAM+SAM	0.019369189756915667	0.00043494443382297021	0.20649490404113907	1.5712372547431202e-12	0.041911890443546693	0.012821150282077922	0.029090741646599281
14	Megathymini	tribe_crown	M0	611	18.043817000000004	CAM	0.50708718124986629	CAM+ENA	0.39785415686080228	CAM+ENA+WNA	0.057260121055660432	0.037798540833670957	0.99862888318539977	1.2826253838803078e-07	0.40757520185897789	0.31545042802653006	0.14633464614668071
15	Hesperiini	tribe_crown	M0	618	28.234085000000007	SAM	0.48134783519016555	ENA+SAM	0.39226075017739154	CAM+SAM	0.10276993164123308	0.023621482991209808	1.0537832481353329	0.00056890193092032533	0.53073960641066731	0.17655688887076088	0.67015179611921316
1	Hesperiinae root	root	M1	418	42.083092000000008	AF+IND+ORI+SAM	0.18930825920901187	AF+CAM+ORI+SAM	0.17851199089969491	AF+ENA+ORI+SAM	0.13655103508393093	0.49562871480736226	2.6200554929968702	0.82711838001623983	0.96142996269820657	0.90270798069872249	0.4403721864264884
2	Aeromachini	tribe_crown	M1	419	34.717804999999998	ORI	0.2474909499475888	EPA+ORI	0.1956599608788685	IND+ORI	0.16332464623718354	0.39352444293635913	2.0894882963931205	0.029556661804206585	0.80168897665775618	0.51069510667911855	0.409498464069671
3	Ceratrichiini	tribe_crown	M1	451	26.035688999999998	AF	0.99985684543081876	AF+MDG	9.6791069299488039e-05	AF+WPA	4.5925950833036233e-05	4.3754904865966893e-07	0.0015035412120952493	8.2699477376856295e-09	0.00014315194617333719	0.00014315456870828217	2.6228309848461517e-09
4	Astictopterini	tribe_crown	M1	458	34.461443000000003	AF	0.99983527734805355	AF+WPA	0.00012588036296584402	AF+MDG	3.2229342852990016e-05	6.61294612758212e-06	0.0017195281636035213	6.3803184486575393e-07	0.0025791722685711261	0.00044354781865631448	0.0021395676726831767
5	Gretnini stem	tribe_stem_parent	M1	513	34.923476000000008	AF+IND+ORI+SAM	0.2667761583015969	AF+CAM+ORI+SAM	0.18000720657074565	AF+ORI+SAM	0.16384470913374397	0.38937192599391346	2.3004507640074752	0.7677197335842183	0.95201221665395974	0.92589008526767413	0.090285607755457811
6	Taractrocerini	tribe_crown	M1	515	28.910453999999998	ORI	0.49424606685233685	IND+ORI	0.19749168254293945	IND	0.1089932770966015	0.19926897350812223	1.6484269222709749	0.0074397448650827137	0.30400946073340251	0.2907194262955462	0.060265256075015927
7	Erionotini	tribe_crown	M1	534	30.987928000000004	ORI	0.9353440635861372	IND+ORI	0.05030821942769656	EPA+ORI	0.0088384985011798426	0.0055092184849864223	0.29253111388849529	0.00011106335386699802	0.059461830108197736	0.050431044291868697	0.009385741376125625
8	Notocryptini	tribe_crown	M1	565	21.867397999999998	ORI	0.66366458707473075	IND+ORI	0.22548389730459348	EPA+ORI	0.048341626866666439	0.062509888754009313	0.99003471700799239	0.0018889300653071796	0.30191098367415731	0.25154977752213564	0.050375661215951911
9	Eetionini stem	tribe_stem_parent	M1	572	31.323367999999999	ORI	0.91709454988475536	IND	0.038656275009340844	IND+ORI	0.03609175045957462	0.0081574246463291811	0.36939865717074899	4.937235052543007e-06	0.080793038847182433	0.076728351556516333	0.0040646877619370646
10	Ismini	tribe_crown	M1	573	26.663573999999997	ORI	0.75068914033319034	IND+ORI	0.16236717330597136	EPA+ORI	0.042177209374410995	0.044766476986427328	0.82366746767722143	0.00050733102132115195	0.20898817805429046	0.15951973941282721	0.04946844178418152
11	Psolosini	tribe_crown	M1	577	18.301616000000003	IND+ORI	0.40682201808613	ORI	0.18701610726260615	EPA+IND+ORI	0.18590654678674842	0.2202553278645154	1.5714021787516554	0.011610133399488229	0.53011943784446725	0.33910290161462781	0.19101655051732078
12	Baorini	tribe_crown	M1	581	22.19417700000001	IND+ORI	0.18184786615728288	ORI	0.15484911631723486	EPA+IND+ORI	0.14241779942604429	0.520885218099438	2.4379553209048916	0.179182020790911	0.63583184701014051	0.36054352562588166	0.3475246681950348
13	Pericharini	tribe_crown	M1	604	29.910651000000001	SAM	0.99944360122615872	CAM+SAM	0.0003214104421750147	ORI+SAM	0.00011366315642501197	0.00012132517524121589	0.0054790177515274055	4.6565805721603363e-07	0.041911890443546693	0.012821150282077922	0.029090741646599281
14	Megathymini	tribe_crown	M1	611	18.043817000000004	CAM	0.31426905237203295	CAM+ENA+WNA	0.24634489518491173	CAM+ENA	0.18309708387965776	0.25628896856339756	1.7644598440748871	0.008447754097063059	0.40757520185897789	0.31545042802653006	0.14633464614668071
15	Hesperiini	tribe_crown	M1	618	28.234085000000007	CAM+SAM	0.53692940164466385	SAM	0.18951474517068878	ENA+SAM	0.15354586333272563	0.12000998985192179	1.3483906654290707	0.010817254275312244	0.53073960641066731	0.17655688887076088	0.67015179611921316
1	Hesperiinae root	root	M2	418	42.083092000000008	AF+EPA+ORI	0.26234718742141155	AF+ORI	0.17013639405005565	AF+IND+ORI	0.1496764372905649	0.41783998123796784	2.5783142165710156	0.21190865353938759	0.96142996269820657	0.90270798069872249	0.4403721864264884
2	Aeromachini	tribe_crown	M2	419	34.717804999999998	EPA	0.24324836211269002	EPA+ORI	0.11356189525451342	IND	0.10647476100490463	0.536714981627892	2.7065003415507505	0.19996962601159912	0.80168897665775618	0.51069510667911855	0.409498464069671
3	Ceratrichiini	tribe_crown	M2	451	26.035688999999998	AF	0.99999999999952704	AF+MDG	2.4075829378933354e-13	AF+WPA	1.2288050942811823e-13	1.0935696792557792e-13	1.4591615402040105e-11	3.0629354301423052e-35	0.00014315194617333719	0.00014315456870828217	2.6228309848461517e-09
4	Astictopterini	tribe_crown	M2	458	34.461443000000003	AF	0.99939239362418819	AF+WPA	0.00020365562868639023	AF+ORI	0.00019977280547136557	0.00020417794165406011	0.0061092270658607978	1.0451311213637511e-05	0.0025791722685711261	0.00044354781865631448	0.0021395676726831767
5	Gretnini stem	tribe_stem_parent	M2	513	34.923476000000008	AF+ORI	0.81144238675007729	AF+AUS+ORI	0.06813601410834827	AF+AUS+IND+ORI	0.031950143449370402	0.088471455692204048	0.90480585550238468	0.068695280107547566	0.95201221665395974	0.92589008526767413	0.090285607755457811
6	Taractrocerini	tribe_crown	M2	515	28.910453999999998	ORI	0.60991626113965569	AUS+ORI	0.1577719425817404	IND+ORI	0.074833251333770376	0.15747854494483349	1.3961322547730655	0.013743957017225384	0.30400946073340251	0.2907194262955462	0.060265256075015927
7	Erionotini	tribe_crown	M2	534	30.987928000000004	ORI	0.9851705741919452	IND+ORI	0.0088011712244460971	EPA+ORI	0.0033157378043108593	0.0027125167792978466	0.094732373892063002	4.9071656187893801e-05	0.059461830108197736	0.050431044291868697	0.009385741376125625
8	Notocryptini	tribe_crown	M2	565	21.867397999999998	ORI	0.91515057254540633	IND+ORI	0.050725192496918252	EPA+ORI	0.024789462582759509	0.0093347723749158673	0.3713519641144935	0.00019010906169232802	0.30191098367415731	0.25154977752213564	0.050375661215951911
9	Eetionini stem	tribe_stem_parent	M2	572	31.323367999999999	ORI	0.99382290144127172	IND+ORI	0.0042831819525324015	EPA+ORI	0.0018393800210639115	5.4536585131992332e-05	0.041634807476161363	8.8042216588289739e-16	0.080793038847182433	0.076728351556516333	0.0040646877619370646
10	Ismini	tribe_crown	M2	573	26.663573999999997	ORI	0.9102088797460175	IND+ORI	0.05700242433559595	EPA+ORI	0.028042946064819229	0.0047457498535673492	0.37578405201037857	1.8037030982862649e-13	0.20898817805429046	0.15951973941282721	0.04946844178418152
11	Psolosini	tribe_crown	M2	577	18.301616000000003	ORI	0.5010028699969219	IND+ORI	0.28577563138117246	EPA+IND+ORI	0.11449726226407739	0.098724236357828232	1.2134358653548021	7.041074166342884e-12	0.53011943784446725	0.33910290161462781	0.19101655051732078
12	Baorini	tribe_crown	M2	581	22.19417700000001	ORI	0.45742195944964592	IND+ORI	0.20339143842447421	EPA+ORI	0.1350314033317549	0.20415519879412503	1.5981281742069817	0.033833333504651335	0.63583184701014051	0.36054352562588166	0.3475246681950348
13	Pericharini	tribe_crown	M2	604	29.910651000000001	SAM	0.98684316932801364	CAM+SAM	0.010796777652680254	CAM	0.002349222808665001	1.0830210641077365e-05	0.076319798021643306	7.2038539847795439e-17	0.041911890443546693	0.012821150282077922	0.029090741646599281
14	Megathymini	tribe_crown	M2	611	18.043817000000004	CAM	0.56129642079085795	CAM+ENA	0.25152014348736285	CAM+ENA+WNA	0.11278885462477657	0.074394581097002588	1.1107452417440484	2.1377884614367583e-11	0.40757520185897789	0.31545042802653006	0.14633464614668071
15	Hesperiini	tribe_crown	M2	618	28.234085000000007	CAM+SAM	0.70779282869160753	ENA+SAM	0.12782014667180649	CAM+ENA+SAM	0.076320325803749742	0.088066698832836243	0.97034442191186088	0.0029260953944466668	0.53073960641066731	0.17655688887076088	0.67015179611921316
