parent	child	branch_length_Ma
418	419	7.3652850000000001
419	420	1.315356
420	421	24.356494999999999
421	1	9.0459530000000008
421	2	9.0459530000000008
420	422	23.831813
422	3	9.5706349999999993
422	4	9.5706349999999993
419	423	1.0810960000000001
423	424	14.826554
424	5	18.810154000000001
424	425	8.2555859999999992
425	6	10.554568
425	426	2.2660140000000002
426	7	8.2885539999999995
426	427	3.8341059999999998
427	8	4.4544480000000002
427	428	2.925996
428	9	1.5284519999999999
428	10	1.5284519999999999
423	429	5.2520540000000002
429	430	3.207503
430	431	5.0633720000000002
431	11	20.113779000000001
431	12	20.113779000000001
430	432	11.193657999999999
432	13	13.983492999999999
432	433	1.5224439999999999
433	434	1.3372390000000001
434	14	11.123810000000001
434	15	11.123810000000001
433	16	12.46105
429	435	1.137994
435	436	10.590475
436	17	16.656185000000001
436	18	16.656185000000001
435	437	8.4436630000000008
437	438	10.253951000000001
438	19	8.5490469999999998
438	439	2.464855
439	20	6.0841909999999997
439	21	6.0841909999999997
437	440	1.8530219999999999
440	441	4.1108599999999997
441	22	12.839115
441	442	2.6684199999999998
442	23	10.170695
442	443	7.6376109999999997
443	24	2.533083
443	25	2.533083
440	444	6.3408509999999998
444	26	10.609124
444	445	2.2441499999999999
445	446	1.473095
446	27	6.8918790000000003
446	28	6.8918790000000003
445	447	0.58600099999999999
447	448	3.6134210000000002
448	29	4.1655519999999999
448	30	4.1655519999999999
447	449	3.2689659999999998
449	31	4.510008
449	32	4.510008
418	450	4.6711220000000004
450	451	11.376279
451	452	18.456437000000001
452	33	7.5792510000000002
452	34	7.5792510000000002
451	453	3.6325210000000001
453	454	4.9540379999999997
454	35	17.44913
454	36	17.44913
453	455	14.722281000000001
455	37	7.6808860000000001
455	456	6.4045339999999999
456	38	1.2763530000000001
456	39	1.2763530000000001
450	457	1.385723
457	458	1.5648029999999999
458	459	9.5921620000000001
459	460	1.013193
460	40	23.856086999999999
460	461	5.4661390000000001
461	41	18.389948
461	462	2.3628
462	463	1.22879
463	42	14.798358
463	43	14.798358
462	464	2.1870120000000002
464	44	13.840137
464	465	0.92622300000000002
465	45	12.913914
465	466	2.4345509999999999
466	467	0.59210200000000002
467	46	9.8872610000000005
467	468	1.1184750000000001
468	47	8.7687860000000004
468	48	8.7687860000000004
466	469	3.7651829999999999
469	49	6.7141789999999997
469	50	6.7141789999999997
459	470	0.29372799999999999
470	471	3.8120599999999998
471	51	20.763491999999999
471	472	12.817194000000001
472	473	4.800395
473	52	3.1459039999999998
473	53	3.1459039999999998
472	474	4.0068469999999996
474	54	3.9394520000000002
474	55	3.9394520000000002
470	475	0.21737600000000001
475	476	10.068572
476	56	14.289604000000001
476	57	14.289604000000001
475	477	0.30417300000000003
477	478	18.284025
478	58	5.7699790000000002
478	59	5.7699790000000002
477	479	1.3788309999999999
479	480	6.9288720000000001
480	60	15.746301000000001
480	481	4.227004
481	61	11.519297
481	62	11.519297
479	482	6.404725
482	63	16.270447999999998
482	64	16.270447999999998
458	483	1.2155670000000001
483	484	8.617362
484	65	24.628512000000001
484	485	12.972105000000001
485	66	11.656407
485	486	3.978046
486	67	7.6783609999999998
486	68	7.6783609999999998
483	487	0.40538099999999999
487	488	0.66041899999999998
488	69	32.180075000000002
488	489	5.1955809999999998
489	490	1.0984020000000001
490	70	25.886092000000001
490	491	4.0654490000000001
491	71	21.820644000000001
491	72	21.820644000000001
489	492	0.85053900000000004
492	73	26.133956000000001
492	493	3.4377049999999998
493	494	2.7683740000000001
494	74	19.927876000000001
494	495	12.030001
495	75	7.897875
495	76	7.897875
493	496	5.9631600000000002
496	77	16.733091000000002
496	497	15.547528
497	78	1.1855629999999999
497	79	1.1855629999999999
487	498	0.655111
498	499	8.5912369999999996
499	500	22.551200000000001
500	80	1.0429459999999999
500	81	1.0429459999999999
499	501	12.220228000000001
501	82	11.373918
501	83	11.373918
498	502	4.4090829999999999
502	503	9.8004510000000007
503	504	16.399736000000001
504	84	1.576112
504	85	1.576112
503	505	6.9742629999999997
505	86	11.001585
505	506	0.91448799999999997
506	87	10.087097
506	88	10.087097
502	507	0.77396299999999996
507	508	11.128708
508	89	15.873628999999999
508	509	1.10893
509	90	14.764699
509	91	14.764699
507	510	0.962534
510	92	26.039802000000002
510	511	6.1453699999999998
511	93	19.894431999999998
511	512	8.4498390000000008
512	94	11.444592999999999
512	95	11.444592999999999
457	513	1.1027709999999999
513	96	34.923473000000001
513	514	0.88900599999999996
514	515	5.1240139999999998
515	97	28.910453
515	516	8.6618049999999993
516	517	1.873238
517	518	11.354752
518	98	7.0206590000000002
518	99	7.0206590000000002
517	519	3.7748870000000001
519	100	14.600523000000001
519	520	5.6275779999999997
520	521	2.136393
521	101	6.8365520000000002
521	102	6.8365520000000002
520	522	0.94309200000000004
522	103	8.0298529999999992
522	523	3.3855059999999999
523	104	4.6443469999999998
523	524	0.93600799999999995
524	105	3.7083390000000001
524	525	1.2506660000000001
525	106	2.4576730000000002
525	107	2.4576730000000002
516	526	4.4301630000000003
526	527	1.5687990000000001
527	108	14.249684999999999
527	528	10.477038
528	109	3.7726479999999998
528	110	3.7726479999999998
526	529	1.1209819999999999
529	530	6.3435829999999997
530	111	8.3539189999999994
530	112	8.3539189999999994
529	531	9.1378129999999995
531	113	5.5596889999999997
531	532	3.8431479999999998
532	114	1.716542
532	115	1.716542
514	533	0.44144499999999998
533	534	2.6050949999999999
534	535	0.88516600000000001
535	536	6.9704480000000002
536	116	23.132313
536	117	23.132313
535	537	9.1212780000000002
537	118	20.981483000000001
537	538	5.2330940000000004
538	539	2.3037299999999998
539	119	13.444659
539	120	13.444659
538	540	7.899286
540	121	7.8491030000000004
540	541	6.6027649999999998
541	122	1.2463379999999999
541	123	1.2463379999999999
534	542	0.40932400000000002
542	543	1.6753290000000001
543	544	8.1995249999999995
544	124	20.703748999999998
544	545	14.72594
545	125	5.9778099999999998
545	126	5.9778099999999998
543	546	2.6427510000000001
546	127	26.260522999999999
546	547	3.0511149999999998
547	128	23.209408
547	548	13.540760000000001
548	129	9.6686479999999992
548	130	9.6686479999999992
542	549	0.35685299999999998
549	550	1.95875
550	131	28.263000999999999
550	551	20.506616000000001
551	132	7.7563849999999999
551	552	0.89641700000000002
552	133	6.8599680000000003
552	134	6.8599680000000003
549	553	1.3780829999999999
553	554	7.6264149999999997
554	135	21.217251999999998
554	555	8.1897819999999992
555	136	13.027469999999999
555	137	13.027469999999999
553	556	2.2641689999999999
556	557	15.529163
557	138	11.050336
557	558	1.8028150000000001
558	139	9.2475210000000008
558	140	9.2475210000000008
556	559	1.768078
559	560	6.3072059999999999
560	141	18.504214000000001
560	142	18.504214000000001
559	561	3.688952
561	143	21.122468000000001
561	562	15.268103999999999
562	144	5.8543640000000003
562	563	3.749352
563	145	2.105013
563	146	2.1050119999999999
533	564	0.46662700000000001
564	565	11.258998
565	147	21.867398000000001
565	566	4.1113989999999996
566	148	17.755998999999999
566	567	6.2385710000000003
567	149	11.517428000000001
567	568	1.071823
568	150	10.445605
568	569	0.88137200000000004
569	151	9.5642329999999998
569	570	0.95675200000000005
570	152	8.6074809999999999
570	153	8.6074809999999999
564	571	0.227772
571	572	1.575256
572	154	31.323367999999999
572	573	4.6597939999999998
573	155	26.663573
573	574	9.9511420000000008
574	575	7.8992339999999999
575	156	8.8131970000000006
575	157	8.8131970000000006
574	158	16.712432
571	576	0.44487900000000002
576	577	14.152129
577	159	18.301615999999999
577	578	10.154783
578	160	8.1468330000000009
578	579	3.5939809999999999
579	161	4.5528519999999997
579	162	4.5528519999999997
576	580	1.2202390000000001
580	581	9.0393290000000004
581	582	20.123093999999998
582	163	2.0710829999999998
582	164	2.0710820000000001
581	583	8.5256209999999992
583	584	2.0004249999999999
584	585	6.9495930000000001
585	165	4.7185379999999997
585	166	4.7185379999999997
584	586	3.7827540000000002
586	167	7.8853770000000001
586	168	7.8853770000000001
583	587	0.496116
587	588	11.142616
588	169	2.0298240000000001
588	170	2.0298240000000001
587	589	1.528635
589	590	0.21118200000000001
590	171	11.432622
590	591	0.38606099999999999
591	172	11.046562
591	592	1.2931379999999999
592	593	5.6433970000000002
593	173	4.1100260000000004
593	174	4.1100260000000004
592	594	3.6864750000000002
594	175	6.0669490000000001
594	176	6.0669490000000001
589	595	0.65019800000000005
595	596	0.44112200000000001
596	177	10.552485000000001
596	597	0.38199300000000003
597	178	10.170491999999999
597	598	2.0469620000000002
598	179	8.1235300000000006
598	180	8.1235300000000006
595	599	1.4882230000000001
599	600	7.2902680000000002
600	181	2.2151160000000001
600	182	2.2151160000000001
599	601	3.1828129999999999
601	183	6.3225709999999999
601	602	4.7129289999999999
602	184	1.6096410000000001
602	185	1.6096410000000001
580	603	0.26344699999999999
603	604	1.0594079999999999
604	605	17.368569000000001
605	186	12.542081
605	187	12.542081
604	606	2.8322759999999998
606	188	27.078374
606	607	5.2905360000000003
607	608	5.8502400000000003
608	189	15.937597999999999
608	190	15.937599000000001
607	609	0.4279
609	191	21.359938
609	192	21.359938
603	610	0.29195599999999999
610	611	12.634285999999999
611	193	18.043817000000001
611	612	9.7850230000000007
612	613	6.9195120000000001
613	194	1.3392820000000001
613	195	1.3392820000000001
612	614	1.9083349999999999
614	196	6.3504589999999999
614	615	1.3392520000000001
615	197	5.0112069999999997
615	616	0.99060099999999995
616	198	4.0206049999999998
616	617	2.105127
617	199	1.9154789999999999
617	200	1.9154789999999999
610	618	2.4440200000000001
618	619	0.94730099999999995
619	620	0.61885100000000004
620	201	26.667930999999999
620	621	0.358846
621	622	5.4442539999999999
622	623	7.6472990000000003
623	202	13.217530999999999
623	203	13.217530999999999
622	624	0.84415799999999996
624	204	20.020672000000001
624	205	20.020672000000001
621	625	3.0519440000000002
625	206	23.257141000000001
625	626	1.762391
626	207	21.49475
626	208	21.49475
619	627	7.0091279999999996
627	628	1.241347
628	629	8.5012699999999999
629	209	10.535037000000001
629	210	10.535037000000001
628	630	1.8947050000000001
630	211	17.141601999999999
630	212	17.141601999999999
627	631	0.58843299999999998
631	213	19.689221
631	632	1.9015919999999999
632	214	17.787628000000002
632	633	2.0270809999999999
633	215	15.760548
633	634	0.71818599999999999
634	635	3.3856619999999999
635	216	11.656699
635	217	11.656699
634	636	6.1808259999999997
636	218	8.8615359999999992
636	219	8.8615359999999992
618	637	0.53365700000000005
637	638	0.42987599999999998
638	639	0.69138200000000005
639	640	8.8259760000000007
640	220	17.753191000000001
640	641	3.5408659999999998
641	221	14.212325
641	222	14.212325
639	642	2.3651469999999999
642	643	4.7116119999999997
643	644	7.5244140000000002
644	223	11.977994000000001
644	224	11.977994000000001
643	645	6.7470460000000001
645	225	12.755362
645	646	5.5105370000000002
646	226	7.2448249999999996
646	227	7.2448259999999998
642	647	7.0418250000000002
647	648	7.4912660000000004
648	228	9.68093
648	229	9.6809290000000008
647	649	4.0725670000000003
649	230	13.099627999999999
649	650	10.237657
650	231	2.861971
650	232	2.861971
638	651	5.7658769999999997
651	652	5.7042060000000001
652	653	3.8073779999999999
653	654	3.0513840000000001
654	233	8.9417039999999997
654	234	8.9417039999999997
653	655	5.0531280000000001
655	235	6.9399600000000001
655	656	1.245976
656	236	5.6939840000000004
656	657	2.7631589999999999
657	237	2.930825
657	238	2.930825
652	658	0.90645500000000001
658	659	2.90097
659	239	11.993041
659	660	3.9711509999999999
660	240	8.0218889999999998
660	241	8.0218889999999998
658	661	1.2211460000000001
661	662	0.58261399999999997
662	242	13.090251
662	663	3.420776
663	243	9.6694750000000003
663	244	9.6694750000000003
661	664	0.60633300000000001
664	665	0.75367799999999996
665	245	12.312854
665	666	7.5865689999999999
666	246	4.7262849999999998
666	247	4.7262849999999998
664	667	3.8131810000000002
667	248	9.2533510000000003
667	668	0.54876199999999997
668	249	8.7045890000000004
668	250	8.7045890000000004
651	669	0.35578399999999999
669	670	1.5058549999999999
670	251	19.643032999999999
670	671	4.7195710000000002
671	672	0.51939800000000003
672	673	8.8530090000000001
673	252	5.551056
673	253	5.551056
672	674	2.3280880000000002
674	254	12.075976000000001
674	255	12.075976000000001
671	675	1.828106
675	256	13.095356000000001
675	676	4.7501449999999998
676	677	2.0798190000000001
677	257	6.2653920000000003
677	258	6.2653920000000003
676	678	0.71222300000000005
678	259	7.6329880000000001
678	679	0.35844900000000002
679	260	7.2745389999999999
679	261	7.2745389999999999
669	680	0.65692300000000003
680	681	2.7336299999999998
681	262	17.758334999999999
681	682	2.8504010000000002
682	263	14.907933
682	683	2.6121150000000002
683	684	4.7814899999999998
684	264	7.5143279999999999
684	685	0.814917
685	265	6.6994109999999996
685	266	6.6994109999999996
683	686	1.0606949999999999
686	687	5.1124169999999998
687	267	6.1227049999999998
687	268	6.1227049999999998
686	688	1.7350939999999999
688	269	9.5000289999999996
688	689	0.895957
689	270	8.6040720000000004
689	690	1.784179
690	271	6.8198930000000004
690	272	6.8198930000000004
680	691	1.516894
691	692	8.3194920000000003
692	693	2.6338330000000001
693	273	8.0217469999999995
693	274	8.0217469999999995
692	694	1.631143
694	275	9.0244359999999997
694	695	3.3093029999999999
695	276	5.7151329999999998
695	696	1.0357000000000001
696	277	4.6794330000000004
696	278	4.6794330000000004
691	697	1.4934799999999999
697	698	1.315013
698	279	16.166578000000001
698	699	0.69068099999999999
699	700	5.083297
700	280	10.3926
700	701	6.4964459999999997
701	281	3.8961540000000001
701	282	3.8961540000000001
699	702	1.4497990000000001
702	283	14.026097
702	703	0.50222699999999998
703	284	13.523871
703	704	0.83039799999999997
704	285	12.693472
704	705	4.5957679999999996
705	286	8.0977049999999995
705	706	0.768459
706	707	1.42679
707	287	5.9024549999999998
707	708	1.6645970000000001
708	288	4.2378580000000001
708	709	1.610943
709	289	2.6269149999999999
709	290	2.6269149999999999
706	710	0.077245999999999995
710	291	7.2519989999999996
710	711	0.17866699999999999
711	712	2.2410770000000002
712	292	4.8322560000000001
712	293	4.8322560000000001
711	713	0.76169100000000001
713	294	6.311642
713	295	6.311642
697	714	2.0590570000000001
714	296	15.422534000000001
714	715	0.41892299999999999
715	716	1.288357
716	297	13.715254
716	717	4.6353080000000002
717	298	9.0799459999999996
717	718	1.135859
718	299	7.9440869999999997
718	300	7.9440869999999997
715	719	0.99826000000000004
719	720	4.7522260000000003
720	301	9.2531250000000007
720	721	2.5445280000000001
721	302	6.7085970000000001
721	303	6.7085970000000001
719	722	0.95405300000000004
722	723	9.5296459999999996
723	304	3.521652
723	724	1.3140750000000001
724	305	2.2075770000000001
724	306	2.2075779999999998
722	725	0.31674600000000003
725	726	1.931424
726	307	10.803127999999999
726	727	3.0372110000000001
727	308	7.765917
727	309	7.765917
725	728	2.9827129999999999
728	310	9.7518390000000004
728	729	1.868126
729	730	0.26237199999999999
730	311	7.6213410000000001
730	312	7.6213410000000001
729	731	3.9082080000000001
731	313	3.9755050000000001
731	314	3.9755050000000001
637	732	0.89353400000000005
732	733	0.92837400000000003
733	734	8.2784619999999993
734	315	17.600055000000001
734	735	2.1960169999999999
735	736	3.2789839999999999
736	316	12.125054
736	737	1.8426849999999999
737	317	10.282368999999999
737	738	5.6611140000000004
738	318	4.6212540000000004
738	319	4.6212540000000004
735	739	3.0423170000000002
739	740	0.82259400000000005
740	320	11.539126
740	321	11.539126
739	741	1.3571629999999999
741	322	11.004557
741	742	3.2481070000000001
742	323	7.7564500000000001
742	743	3.204501
743	324	4.5519489999999996
743	325	4.5519489999999996
733	744	7.0504129999999998
744	745	13.924975
745	326	4.90313
745	327	4.90313
744	746	2.9867590000000002
746	747	2.5679259999999999
747	328	13.273421000000001
747	748	2.3054070000000002
748	329	10.968012999999999
748	749	3.026818
749	330	7.9411949999999996
749	331	7.9411949999999996
746	750	7.2494610000000002
750	751	0.52376400000000001
751	332	8.0681209999999997
751	752	3.5251009999999998
752	333	4.5430200000000003
752	334	4.5430200000000003
750	753	2.7574809999999998
753	335	5.8344040000000001
753	336	5.8344040000000001
732	754	3.6312470000000001
754	755	9.4236229999999992
755	337	13.752022
755	756	2.768831
756	338	10.983191
756	757	6.941084
757	339	4.0421069999999997
757	340	4.0421069999999997
754	758	0.56910300000000003
758	759	1.4999309999999999
759	341	21.106611000000001
759	760	2.5950730000000002
760	761	2.8735810000000002
761	342	15.637957
761	343	15.637957
760	762	9.0003569999999993
762	344	9.5111810000000006
762	345	9.5111810000000006
758	763	0.34439999999999998
763	764	2.274105
764	346	19.988036000000001
764	765	3.5864690000000001
765	766	6.2466419999999996
766	767	6.49695
767	347	3.6579760000000001
767	348	3.6579760000000001
766	768	0.93551600000000001
768	349	9.2194099999999999
768	769	0.72260500000000005
769	350	8.4968039999999991
769	351	8.4968039999999991
765	770	0.956789
770	352	15.444779
770	771	0.88220699999999996
771	772	1.6738850000000001
772	353	12.888686999999999
772	773	1.0013479999999999
773	354	11.887338
773	355	11.887339000000001
771	774	4.2286450000000002
774	775	0.95590699999999995
775	356	9.3780190000000001
775	357	9.3780190000000001
774	776	0.51292499999999996
776	358	9.821002
776	777	0.90567799999999998
777	359	8.915324
777	778	6.2816900000000002
778	360	2.6336339999999998
778	361	2.6336330000000001
763	779	0.57299100000000003
779	780	4.8979220000000003
780	781	4.841812
781	362	11.949415999999999
781	363	11.949415999999999
780	782	1.10144
782	364	15.689788
782	783	0.32490599999999997
783	365	15.364882
783	784	5.4858120000000001
784	366	9.8790700000000005
784	785	5.9185309999999998
785	367	3.9605389999999998
785	368	3.9605389999999998
779	786	0.33257900000000001
786	787	0.74628000000000005
787	788	1.5615209999999999
788	369	19.048770000000001
788	370	19.048770000000001
787	789	2.5915059999999999
789	371	18.018785999999999
789	790	5.85745
790	791	1.014346
791	372	11.146989
791	373	11.146989
790	792	2.5278999999999998
792	374	9.6334359999999997
792	375	9.6334359999999997
786	793	0.44815300000000002
793	794	4.882574
794	795	0.75833099999999998
795	796	2.246543
796	376	13.020970999999999
796	377	13.020970999999999
795	797	2.4335230000000001
797	798	4.6206389999999997
798	378	8.2133529999999997
798	379	8.2133529999999997
797	799	0.62544699999999998
799	800	0.75551999999999997
800	380	11.453025
800	381	11.453025
799	801	2.2619090000000002
801	382	9.9466359999999998
801	383	9.9466359999999998
794	802	4.419092
802	803	0.76905800000000002
803	384	10.837695999999999
803	804	0.64659900000000003
804	385	10.191096
804	805	0.65304200000000001
805	806	6.0138059999999998
806	386	3.524248
806	387	3.524248
805	807	0.71560699999999999
807	388	8.8224459999999993
807	389	8.8224459999999993
802	808	0.92950999999999995
808	390	10.677244
808	809	2.4732980000000002
809	391	8.2039449999999992
809	810	0.42246400000000001
810	811	0.72395699999999996
811	392	7.0575239999999999
811	393	7.0575239999999999
810	812	0.74070199999999997
812	394	7.0407789999999997
812	395	7.0407789999999997
793	813	2.2957190000000001
813	814	3.9105460000000001
814	396	14.702154999999999
814	815	2.1465420000000002
815	397	12.555612999999999
815	816	2.2039420000000001
816	398	10.35167
816	399	10.35167
813	817	4.0632169999999999
817	818	0.65514399999999995
818	819	3.009404
819	400	10.884936
819	401	10.884936
818	820	2.5800529999999999
820	402	11.314287
820	821	1.744267
821	403	9.5700210000000006
821	822	0.94525599999999999
822	404	8.624765
822	405	8.624765
817	823	0.91880399999999995
823	824	9.1739719999999991
824	406	4.4567069999999998
824	407	4.4567069999999998
823	825	0.26302199999999998
825	826	0.52732500000000004
826	408	12.840332999999999
826	827	0.81329799999999997
827	409	12.027035
827	828	3.9131079999999998
828	410	8.1139270000000003
828	411	8.1139259999999993
825	829	1.3764430000000001
829	412	11.991215
829	830	3.5381520000000002
830	413	8.4530630000000002
830	831	0.84989400000000004
831	414	7.6031690000000003
831	832	1.9610620000000001
832	415	5.6421060000000001
832	833	1.407624
833	416	4.234483
833	417	4.234483
