state_index_1based	semantic_state	range_size
1	NULL	0
2	AF	1
3	AUS	1
4	CAM	1
5	ENA	1
6	EPA	1
7	IND	1
8	MDG	1
9	ORI	1
10	SAM	1
11	WNA	1
12	WPA	1
13	AF+AUS	2
14	AF+CAM	2
15	AF+ENA	2
16	AF+EPA	2
17	AF+IND	2
18	AF+MDG	2
19	AF+ORI	2
20	AF+SAM	2
21	AF+WNA	2
22	AF+WPA	2
23	AUS+CAM	2
24	AUS+ENA	2
25	AUS+EPA	2
26	AUS+IND	2
27	AUS+MDG	2
28	AUS+ORI	2
29	AUS+SAM	2
30	AUS+WNA	2
31	AUS+WPA	2
32	CAM+ENA	2
33	CAM+EPA	2
34	CAM+IND	2
35	CAM+MDG	2
36	CAM+ORI	2
37	CAM+SAM	2
38	CAM+WNA	2
39	CAM+WPA	2
40	ENA+EPA	2
41	ENA+IND	2
42	ENA+MDG	2
43	ENA+ORI	2
44	ENA+SAM	2
45	ENA+WNA	2
46	ENA+WPA	2
47	EPA+IND	2
48	EPA+MDG	2
49	EPA+ORI	2
50	EPA+SAM	2
51	EPA+WNA	2
52	EPA+WPA	2
53	IND+MDG	2
54	IND+ORI	2
55	IND+SAM	2
56	IND+WNA	2
57	IND+WPA	2
58	MDG+ORI	2
59	MDG+SAM	2
60	MDG+WNA	2
61	MDG+WPA	2
62	ORI+SAM	2
63	ORI+WNA	2
64	ORI+WPA	2
65	SAM+WNA	2
66	SAM+WPA	2
67	WNA+WPA	2
68	AF+AUS+CAM	3
69	AF+AUS+ENA	3
70	AF+AUS+EPA	3
71	AF+AUS+IND	3
72	AF+AUS+MDG	3
73	AF+AUS+ORI	3
74	AF+AUS+SAM	3
75	AF+AUS+WNA	3
76	AF+AUS+WPA	3
77	AF+CAM+ENA	3
78	AF+CAM+EPA	3
79	AF+CAM+IND	3
80	AF+CAM+MDG	3
81	AF+CAM+ORI	3
82	AF+CAM+SAM	3
83	AF+CAM+WNA	3
84	AF+CAM+WPA	3
85	AF+ENA+EPA	3
86	AF+ENA+IND	3
87	AF+ENA+MDG	3
88	AF+ENA+ORI	3
89	AF+ENA+SAM	3
90	AF+ENA+WNA	3
91	AF+ENA+WPA	3
92	AF+EPA+IND	3
93	AF+EPA+MDG	3
94	AF+EPA+ORI	3
95	AF+EPA+SAM	3
96	AF+EPA+WNA	3
97	AF+EPA+WPA	3
98	AF+IND+MDG	3
99	AF+IND+ORI	3
100	AF+IND+SAM	3
101	AF+IND+WNA	3
102	AF+IND+WPA	3
103	AF+MDG+ORI	3
104	AF+MDG+SAM	3
105	AF+MDG+WNA	3
106	AF+MDG+WPA	3
107	AF+ORI+SAM	3
108	AF+ORI+WNA	3
109	AF+ORI+WPA	3
110	AF+SAM+WNA	3
111	AF+SAM+WPA	3
112	AF+WNA+WPA	3
113	AUS+CAM+ENA	3
114	AUS+CAM+EPA	3
115	AUS+CAM+IND	3
116	AUS+CAM+MDG	3
117	AUS+CAM+ORI	3
118	AUS+CAM+SAM	3
119	AUS+CAM+WNA	3
120	AUS+CAM+WPA	3
121	AUS+ENA+EPA	3
122	AUS+ENA+IND	3
123	AUS+ENA+MDG	3
124	AUS+ENA+ORI	3
125	AUS+ENA+SAM	3
126	AUS+ENA+WNA	3
127	AUS+ENA+WPA	3
128	AUS+EPA+IND	3
129	AUS+EPA+MDG	3
130	AUS+EPA+ORI	3
131	AUS+EPA+SAM	3
132	AUS+EPA+WNA	3
133	AUS+EPA+WPA	3
134	AUS+IND+MDG	3
135	AUS+IND+ORI	3
136	AUS+IND+SAM	3
137	AUS+IND+WNA	3
138	AUS+IND+WPA	3
139	AUS+MDG+ORI	3
140	AUS+MDG+SAM	3
141	AUS+MDG+WNA	3
142	AUS+MDG+WPA	3
143	AUS+ORI+SAM	3
144	AUS+ORI+WNA	3
145	AUS+ORI+WPA	3
146	AUS+SAM+WNA	3
147	AUS+SAM+WPA	3
148	AUS+WNA+WPA	3
149	CAM+ENA+EPA	3
150	CAM+ENA+IND	3
151	CAM+ENA+MDG	3
152	CAM+ENA+ORI	3
153	CAM+ENA+SAM	3
154	CAM+ENA+WNA	3
155	CAM+ENA+WPA	3
156	CAM+EPA+IND	3
157	CAM+EPA+MDG	3
158	CAM+EPA+ORI	3
159	CAM+EPA+SAM	3
160	CAM+EPA+WNA	3
161	CAM+EPA+WPA	3
162	CAM+IND+MDG	3
163	CAM+IND+ORI	3
164	CAM+IND+SAM	3
165	CAM+IND+WNA	3
166	CAM+IND+WPA	3
167	CAM+MDG+ORI	3
168	CAM+MDG+SAM	3
169	CAM+MDG+WNA	3
170	CAM+MDG+WPA	3
171	CAM+ORI+SAM	3
172	CAM+ORI+WNA	3
173	CAM+ORI+WPA	3
174	CAM+SAM+WNA	3
175	CAM+SAM+WPA	3
176	CAM+WNA+WPA	3
177	ENA+EPA+IND	3
178	ENA+EPA+MDG	3
179	ENA+EPA+ORI	3
180	ENA+EPA+SAM	3
181	ENA+EPA+WNA	3
182	ENA+EPA+WPA	3
183	ENA+IND+MDG	3
184	ENA+IND+ORI	3
185	ENA+IND+SAM	3
186	ENA+IND+WNA	3
187	ENA+IND+WPA	3
188	ENA+MDG+ORI	3
189	ENA+MDG+SAM	3
190	ENA+MDG+WNA	3
191	ENA+MDG+WPA	3
192	ENA+ORI+SAM	3
193	ENA+ORI+WNA	3
194	ENA+ORI+WPA	3
195	ENA+SAM+WNA	3
196	ENA+SAM+WPA	3
197	ENA+WNA+WPA	3
198	EPA+IND+MDG	3
199	EPA+IND+ORI	3
200	EPA+IND+SAM	3
201	EPA+IND+WNA	3
202	EPA+IND+WPA	3
203	EPA+MDG+ORI	3
204	EPA+MDG+SAM	3
205	EPA+MDG+WNA	3
206	EPA+MDG+WPA	3
207	EPA+ORI+SAM	3
208	EPA+ORI+WNA	3
209	EPA+ORI+WPA	3
210	EPA+SAM+WNA	3
211	EPA+SAM+WPA	3
212	EPA+WNA+WPA	3
213	IND+MDG+ORI	3
214	IND+MDG+SAM	3
215	IND+MDG+WNA	3
216	IND+MDG+WPA	3
217	IND+ORI+SAM	3
218	IND+ORI+WNA	3
219	IND+ORI+WPA	3
220	IND+SAM+WNA	3
221	IND+SAM+WPA	3
222	IND+WNA+WPA	3
223	MDG+ORI+SAM	3
224	MDG+ORI+WNA	3
225	MDG+ORI+WPA	3
226	MDG+SAM+WNA	3
227	MDG+SAM+WPA	3
228	MDG+WNA+WPA	3
229	ORI+SAM+WNA	3
230	ORI+SAM+WPA	3
231	ORI+WNA+WPA	3
232	SAM+WNA+WPA	3
233	AF+AUS+CAM+ENA	4
234	AF+AUS+CAM+EPA	4
235	AF+AUS+CAM+IND	4
236	AF+AUS+CAM+MDG	4
237	AF+AUS+CAM+ORI	4
238	AF+AUS+CAM+SAM	4
239	AF+AUS+CAM+WNA	4
240	AF+AUS+CAM+WPA	4
241	AF+AUS+ENA+EPA	4
242	AF+AUS+ENA+IND	4
243	AF+AUS+ENA+MDG	4
244	AF+AUS+ENA+ORI	4
245	AF+AUS+ENA+SAM	4
246	AF+AUS+ENA+WNA	4
247	AF+AUS+ENA+WPA	4
248	AF+AUS+EPA+IND	4
249	AF+AUS+EPA+MDG	4
250	AF+AUS+EPA+ORI	4
251	AF+AUS+EPA+SAM	4
252	AF+AUS+EPA+WNA	4
253	AF+AUS+EPA+WPA	4
254	AF+AUS+IND+MDG	4
255	AF+AUS+IND+ORI	4
256	AF+AUS+IND+SAM	4
257	AF+AUS+IND+WNA	4
258	AF+AUS+IND+WPA	4
259	AF+AUS+MDG+ORI	4
260	AF+AUS+MDG+SAM	4
261	AF+AUS+MDG+WNA	4
262	AF+AUS+MDG+WPA	4
263	AF+AUS+ORI+SAM	4
264	AF+AUS+ORI+WNA	4
265	AF+AUS+ORI+WPA	4
266	AF+AUS+SAM+WNA	4
267	AF+AUS+SAM+WPA	4
268	AF+AUS+WNA+WPA	4
269	AF+CAM+ENA+EPA	4
270	AF+CAM+ENA+IND	4
271	AF+CAM+ENA+MDG	4
272	AF+CAM+ENA+ORI	4
273	AF+CAM+ENA+SAM	4
274	AF+CAM+ENA+WNA	4
275	AF+CAM+ENA+WPA	4
276	AF+CAM+EPA+IND	4
277	AF+CAM+EPA+MDG	4
278	AF+CAM+EPA+ORI	4
279	AF+CAM+EPA+SAM	4
280	AF+CAM+EPA+WNA	4
281	AF+CAM+EPA+WPA	4
282	AF+CAM+IND+MDG	4
283	AF+CAM+IND+ORI	4
284	AF+CAM+IND+SAM	4
285	AF+CAM+IND+WNA	4
286	AF+CAM+IND+WPA	4
287	AF+CAM+MDG+ORI	4
288	AF+CAM+MDG+SAM	4
289	AF+CAM+MDG+WNA	4
290	AF+CAM+MDG+WPA	4
291	AF+CAM+ORI+SAM	4
292	AF+CAM+ORI+WNA	4
293	AF+CAM+ORI+WPA	4
294	AF+CAM+SAM+WNA	4
295	AF+CAM+SAM+WPA	4
296	AF+CAM+WNA+WPA	4
297	AF+ENA+EPA+IND	4
298	AF+ENA+EPA+MDG	4
299	AF+ENA+EPA+ORI	4
300	AF+ENA+EPA+SAM	4
301	AF+ENA+EPA+WNA	4
302	AF+ENA+EPA+WPA	4
303	AF+ENA+IND+MDG	4
304	AF+ENA+IND+ORI	4
305	AF+ENA+IND+SAM	4
306	AF+ENA+IND+WNA	4
307	AF+ENA+IND+WPA	4
308	AF+ENA+MDG+ORI	4
309	AF+ENA+MDG+SAM	4
310	AF+ENA+MDG+WNA	4
311	AF+ENA+MDG+WPA	4
312	AF+ENA+ORI+SAM	4
313	AF+ENA+ORI+WNA	4
314	AF+ENA+ORI+WPA	4
315	AF+ENA+SAM+WNA	4
316	AF+ENA+SAM+WPA	4
317	AF+ENA+WNA+WPA	4
318	AF+EPA+IND+MDG	4
319	AF+EPA+IND+ORI	4
320	AF+EPA+IND+SAM	4
321	AF+EPA+IND+WNA	4
322	AF+EPA+IND+WPA	4
323	AF+EPA+MDG+ORI	4
324	AF+EPA+MDG+SAM	4
325	AF+EPA+MDG+WNA	4
326	AF+EPA+MDG+WPA	4
327	AF+EPA+ORI+SAM	4
328	AF+EPA+ORI+WNA	4
329	AF+EPA+ORI+WPA	4
330	AF+EPA+SAM+WNA	4
331	AF+EPA+SAM+WPA	4
332	AF+EPA+WNA+WPA	4
333	AF+IND+MDG+ORI	4
334	AF+IND+MDG+SAM	4
335	AF+IND+MDG+WNA	4
336	AF+IND+MDG+WPA	4
337	AF+IND+ORI+SAM	4
338	AF+IND+ORI+WNA	4
339	AF+IND+ORI+WPA	4
340	AF+IND+SAM+WNA	4
341	AF+IND+SAM+WPA	4
342	AF+IND+WNA+WPA	4
343	AF+MDG+ORI+SAM	4
344	AF+MDG+ORI+WNA	4
345	AF+MDG+ORI+WPA	4
346	AF+MDG+SAM+WNA	4
347	AF+MDG+SAM+WPA	4
348	AF+MDG+WNA+WPA	4
349	AF+ORI+SAM+WNA	4
350	AF+ORI+SAM+WPA	4
351	AF+ORI+WNA+WPA	4
352	AF+SAM+WNA+WPA	4
353	AUS+CAM+ENA+EPA	4
354	AUS+CAM+ENA+IND	4
355	AUS+CAM+ENA+MDG	4
356	AUS+CAM+ENA+ORI	4
357	AUS+CAM+ENA+SAM	4
358	AUS+CAM+ENA+WNA	4
359	AUS+CAM+ENA+WPA	4
360	AUS+CAM+EPA+IND	4
361	AUS+CAM+EPA+MDG	4
362	AUS+CAM+EPA+ORI	4
363	AUS+CAM+EPA+SAM	4
364	AUS+CAM+EPA+WNA	4
365	AUS+CAM+EPA+WPA	4
366	AUS+CAM+IND+MDG	4
367	AUS+CAM+IND+ORI	4
368	AUS+CAM+IND+SAM	4
369	AUS+CAM+IND+WNA	4
370	AUS+CAM+IND+WPA	4
371	AUS+CAM+MDG+ORI	4
372	AUS+CAM+MDG+SAM	4
373	AUS+CAM+MDG+WNA	4
374	AUS+CAM+MDG+WPA	4
375	AUS+CAM+ORI+SAM	4
376	AUS+CAM+ORI+WNA	4
377	AUS+CAM+ORI+WPA	4
378	AUS+CAM+SAM+WNA	4
379	AUS+CAM+SAM+WPA	4
380	AUS+CAM+WNA+WPA	4
381	AUS+ENA+EPA+IND	4
382	AUS+ENA+EPA+MDG	4
383	AUS+ENA+EPA+ORI	4
384	AUS+ENA+EPA+SAM	4
385	AUS+ENA+EPA+WNA	4
386	AUS+ENA+EPA+WPA	4
387	AUS+ENA+IND+MDG	4
388	AUS+ENA+IND+ORI	4
389	AUS+ENA+IND+SAM	4
390	AUS+ENA+IND+WNA	4
391	AUS+ENA+IND+WPA	4
392	AUS+ENA+MDG+ORI	4
393	AUS+ENA+MDG+SAM	4
394	AUS+ENA+MDG+WNA	4
395	AUS+ENA+MDG+WPA	4
396	AUS+ENA+ORI+SAM	4
397	AUS+ENA+ORI+WNA	4
398	AUS+ENA+ORI+WPA	4
399	AUS+ENA+SAM+WNA	4
400	AUS+ENA+SAM+WPA	4
401	AUS+ENA+WNA+WPA	4
402	AUS+EPA+IND+MDG	4
403	AUS+EPA+IND+ORI	4
404	AUS+EPA+IND+SAM	4
405	AUS+EPA+IND+WNA	4
406	AUS+EPA+IND+WPA	4
407	AUS+EPA+MDG+ORI	4
408	AUS+EPA+MDG+SAM	4
409	AUS+EPA+MDG+WNA	4
410	AUS+EPA+MDG+WPA	4
411	AUS+EPA+ORI+SAM	4
412	AUS+EPA+ORI+WNA	4
413	AUS+EPA+ORI+WPA	4
414	AUS+EPA+SAM+WNA	4
415	AUS+EPA+SAM+WPA	4
416	AUS+EPA+WNA+WPA	4
417	AUS+IND+MDG+ORI	4
418	AUS+IND+MDG+SAM	4
419	AUS+IND+MDG+WNA	4
420	AUS+IND+MDG+WPA	4
421	AUS+IND+ORI+SAM	4
422	AUS+IND+ORI+WNA	4
423	AUS+IND+ORI+WPA	4
424	AUS+IND+SAM+WNA	4
425	AUS+IND+SAM+WPA	4
426	AUS+IND+WNA+WPA	4
427	AUS+MDG+ORI+SAM	4
428	AUS+MDG+ORI+WNA	4
429	AUS+MDG+ORI+WPA	4
430	AUS+MDG+SAM+WNA	4
431	AUS+MDG+SAM+WPA	4
432	AUS+MDG+WNA+WPA	4
433	AUS+ORI+SAM+WNA	4
434	AUS+ORI+SAM+WPA	4
435	AUS+ORI+WNA+WPA	4
436	AUS+SAM+WNA+WPA	4
437	CAM+ENA+EPA+IND	4
438	CAM+ENA+EPA+MDG	4
439	CAM+ENA+EPA+ORI	4
440	CAM+ENA+EPA+SAM	4
441	CAM+ENA+EPA+WNA	4
442	CAM+ENA+EPA+WPA	4
443	CAM+ENA+IND+MDG	4
444	CAM+ENA+IND+ORI	4
445	CAM+ENA+IND+SAM	4
446	CAM+ENA+IND+WNA	4
447	CAM+ENA+IND+WPA	4
448	CAM+ENA+MDG+ORI	4
449	CAM+ENA+MDG+SAM	4
450	CAM+ENA+MDG+WNA	4
451	CAM+ENA+MDG+WPA	4
452	CAM+ENA+ORI+SAM	4
453	CAM+ENA+ORI+WNA	4
454	CAM+ENA+ORI+WPA	4
455	CAM+ENA+SAM+WNA	4
456	CAM+ENA+SAM+WPA	4
457	CAM+ENA+WNA+WPA	4
458	CAM+EPA+IND+MDG	4
459	CAM+EPA+IND+ORI	4
460	CAM+EPA+IND+SAM	4
461	CAM+EPA+IND+WNA	4
462	CAM+EPA+IND+WPA	4
463	CAM+EPA+MDG+ORI	4
464	CAM+EPA+MDG+SAM	4
465	CAM+EPA+MDG+WNA	4
466	CAM+EPA+MDG+WPA	4
467	CAM+EPA+ORI+SAM	4
468	CAM+EPA+ORI+WNA	4
469	CAM+EPA+ORI+WPA	4
470	CAM+EPA+SAM+WNA	4
471	CAM+EPA+SAM+WPA	4
472	CAM+EPA+WNA+WPA	4
473	CAM+IND+MDG+ORI	4
474	CAM+IND+MDG+SAM	4
475	CAM+IND+MDG+WNA	4
476	CAM+IND+MDG+WPA	4
477	CAM+IND+ORI+SAM	4
478	CAM+IND+ORI+WNA	4
479	CAM+IND+ORI+WPA	4
480	CAM+IND+SAM+WNA	4
481	CAM+IND+SAM+WPA	4
482	CAM+IND+WNA+WPA	4
483	CAM+MDG+ORI+SAM	4
484	CAM+MDG+ORI+WNA	4
485	CAM+MDG+ORI+WPA	4
486	CAM+MDG+SAM+WNA	4
487	CAM+MDG+SAM+WPA	4
488	CAM+MDG+WNA+WPA	4
489	CAM+ORI+SAM+WNA	4
490	CAM+ORI+SAM+WPA	4
491	CAM+ORI+WNA+WPA	4
492	CAM+SAM+WNA+WPA	4
493	ENA+EPA+IND+MDG	4
494	ENA+EPA+IND+ORI	4
495	ENA+EPA+IND+SAM	4
496	ENA+EPA+IND+WNA	4
497	ENA+EPA+IND+WPA	4
498	ENA+EPA+MDG+ORI	4
499	ENA+EPA+MDG+SAM	4
500	ENA+EPA+MDG+WNA	4
501	ENA+EPA+MDG+WPA	4
502	ENA+EPA+ORI+SAM	4
503	ENA+EPA+ORI+WNA	4
504	ENA+EPA+ORI+WPA	4
505	ENA+EPA+SAM+WNA	4
506	ENA+EPA+SAM+WPA	4
507	ENA+EPA+WNA+WPA	4
508	ENA+IND+MDG+ORI	4
509	ENA+IND+MDG+SAM	4
510	ENA+IND+MDG+WNA	4
511	ENA+IND+MDG+WPA	4
512	ENA+IND+ORI+SAM	4
513	ENA+IND+ORI+WNA	4
514	ENA+IND+ORI+WPA	4
515	ENA+IND+SAM+WNA	4
516	ENA+IND+SAM+WPA	4
517	ENA+IND+WNA+WPA	4
518	ENA+MDG+ORI+SAM	4
519	ENA+MDG+ORI+WNA	4
520	ENA+MDG+ORI+WPA	4
521	ENA+MDG+SAM+WNA	4
522	ENA+MDG+SAM+WPA	4
523	ENA+MDG+WNA+WPA	4
524	ENA+ORI+SAM+WNA	4
525	ENA+ORI+SAM+WPA	4
526	ENA+ORI+WNA+WPA	4
527	ENA+SAM+WNA+WPA	4
528	EPA+IND+MDG+ORI	4
529	EPA+IND+MDG+SAM	4
530	EPA+IND+MDG+WNA	4
531	EPA+IND+MDG+WPA	4
532	EPA+IND+ORI+SAM	4
533	EPA+IND+ORI+WNA	4
534	EPA+IND+ORI+WPA	4
535	EPA+IND+SAM+WNA	4
536	EPA+IND+SAM+WPA	4
537	EPA+IND+WNA+WPA	4
538	EPA+MDG+ORI+SAM	4
539	EPA+MDG+ORI+WNA	4
540	EPA+MDG+ORI+WPA	4
541	EPA+MDG+SAM+WNA	4
542	EPA+MDG+SAM+WPA	4
543	EPA+MDG+WNA+WPA	4
544	EPA+ORI+SAM+WNA	4
545	EPA+ORI+SAM+WPA	4
546	EPA+ORI+WNA+WPA	4
547	EPA+SAM+WNA+WPA	4
548	IND+MDG+ORI+SAM	4
549	IND+MDG+ORI+WNA	4
550	IND+MDG+ORI+WPA	4
551	IND+MDG+SAM+WNA	4
552	IND+MDG+SAM+WPA	4
553	IND+MDG+WNA+WPA	4
554	IND+ORI+SAM+WNA	4
555	IND+ORI+SAM+WPA	4
556	IND+ORI+WNA+WPA	4
557	IND+SAM+WNA+WPA	4
558	MDG+ORI+SAM+WNA	4
559	MDG+ORI+SAM+WPA	4
560	MDG+ORI+WNA+WPA	4
561	MDG+SAM+WNA+WPA	4
562	ORI+SAM+WNA+WPA	4
