tip_label	tribe	geography_bits	observed_state
Sovia_subflava	Aeromachini	00001000000	EPA
Sovia_lucasii	Aeromachini	00001100000	EPA+IND
Arnetta_atkinsoni	Aeromachini	00001101000	EPA+IND+ORI
Arnetta_verones	Aeromachini	00000001000	ORI
Prosopalpus_debilis	Aeromachini	10000000000	AF
Aeromachus_nana	Aeromachini	00001101001	EPA+IND+ORI+WPA
Aeromachus_jhora	Aeromachini	00001101000	EPA+IND+ORI
Aeromachus_stigmata	Aeromachini	00001101000	EPA+IND+ORI
Aeromachus_piceus	Aeromachini	00001101000	EPA+IND+ORI
Aeromachus_catocyanea	Aeromachini	00001000000	EPA
Lepella_lepeletier	Aeromachini	10000000000	AF
Baracus_vittatus	Aeromachini	00001101000	EPA+IND+ORI
Ampittia_virgata	Aeromachini	10001100000	AF+EPA+IND
Ampittia_trimacula	Aeromachini	00001001000	EPA+ORI
Ampittia_subvittatus	Aeromachini	00001101000	EPA+IND+ORI
Ampittia_dioscorides	Aeromachini	00001101100	EPA+IND+ORI+SAM
Thoressa_masoni	Aeromachini	00001001000	EPA+ORI
Sebastonyma_dolopia	Aeromachini	00001101000	EPA+IND+ORI
Halpe_porus	Aeromachini	00001101000	EPA+IND+ORI
Halpe_nephele	Aeromachini	00001001000	EPA+ORI
Halpe_concavimarginata	Aeromachini	00001101100	EPA+IND+ORI+SAM
Pedesta_rubella	Aeromachini	00001001000	EPA+ORI
Praethoressa_varia	Aeromachini	00001000000	EPA
Pithauria_linus	Aeromachini	00001001000	EPA+ORI
Pithauria_stramineipennis	Aeromachini	00001101000	EPA+IND+ORI
Onryza_siamica	Aeromachini	00000001000	ORI
Thoressa_kuata	Aeromachini	00001000000	EPA
Onryza_maga	Aeromachini	00001000000	EPA
Pedesta_submacula	Aeromachini	00001001000	EPA+ORI
Thoressa_bivitta	Aeromachini	00001000000	EPA
Pedesta_masuriensis	Aeromachini	00001101000	EPA+IND+ORI
Pedesta_blanchardii	Aeromachini	00001000000	EPA
Ceratrichia_phocion	Ceratrichiini	10000000000	AF
Ceratrichia_nothus	Ceratrichiini	10000000000	AF
Herila_herilus	Ceratrichiini	10000000000	AF
Meza_meza	Ceratrichiini	10000000000	AF
Ankola_fan	Ceratrichiini	10000000000	AF
Pardaleodes_incerta	Ceratrichiini	10000000000	AF
Pardaleodes_edipus	Ceratrichiini	10000000000	AF
Chondrolepis_niveicornis	Astictopterini	10000000000	AF
Eogenes_alcides	Astictopterini	00001000001	EPA+WPA
Tsitana_tsita	Astictopterini	10000000000	AF
Kedestes_barberae	Astictopterini	10000000000	AF
Astictopterus_jama	Astictopterini	00001101000	EPA+IND+ORI
Xanthoneura_obscurior	Astictopterini	00000001000	ORI
Dotta_callicles	Astictopterini	10000000000	AF
Perrotia_varians	Astictopterini	00000010000	MDG
Fulda_coroller	Astictopterini	00000010000	MDG
Astictopterus_punctulata	Astictopterini	10000000000	AF
Isoteinon_lamprospilus	Astictopterini	00001001000	EPA+ORI
Lissia_luehderi	Astictopterini	10000000000	AF
Gamia_shelleyi	Astictopterini	10000000000	AF
Gamia_buchholzi	Astictopterini	10000000000	AF
Artitropa_erinnys	Astictopterini	10000010000	AF+MDG
Artitropa_comus	Astictopterini	10000000000	AF
Mopala_orma	Astictopterini	10000000000	AF
Leona_leonora	Astictopterini	10000000000	AF
Zophopetes_dysmephila	Astictopterini	10000000000	AF
Zophopetes_cerymica	Astictopterini	10000000000	AF
Monza_punctata	Astictopterini	10000000000	AF
Pteroteinon_caenira	Astictopterini	10000000000	AF
Pteroteinon_laufella	Astictopterini	10000000000	AF
Hidari_bhawani	Astictopterini	00000101000	IND+ORI
Hidari_irava	Astictopterini	00000001000	ORI
Caenides_dacela	Astictopterini	10000000000	AF
Hypoleucis_tripunctata	Astictopterini	10000000000	AF
Xanthodisca_vibius	Astictopterini	10000000000	AF
Semalea_pulvina	Astictopterini	10000000000	AF
Platylesches_picanini	Astictopterini	10000000000	AF
Gorgyra_diversata	Astictopterini	10000000000	AF
Parosmodes_morantii	Astictopterini	10000000000	AF
Cupitha_purreea	Astictopterini	00001101000	EPA+IND+ORI
Osphantes_ogowena	Astictopterini	10000000000	AF
Noctulana_noctula	Astictopterini	10000000000	AF
Zographetus_satwa	Astictopterini	00001101000	EPA+IND+ORI
Zographetus_ogygia	Astictopterini	00000101000	IND+ORI
Gyrogra_subnotata	Astictopterini	10000000000	AF
Melphinyet_tarace	Astictopterini	10000000000	AF
Melphinyet_flavina	Astictopterini	10000000000	AF
Rhabdomantis_sosia	Astictopterini	10000000000	AF
Rhabdomantis_galatia	Astictopterini	10000000000	AF
Osmodes_thora	Astictopterini	10000000000	AF
Osmodes_laronia	Astictopterini	10000000000	AF
Fresna_nyassae	Astictopterini	10000000000	AF
Fresna_netopha	Astictopterini	10000000000	AF
Caenides_hidaroides	Astictopterini	10000000000	AF
Paronymus_ligora	Astictopterini	10000000000	AF
Paronymus_xanthias	Astictopterini	10000000000	AF
Paracleros_biguttulus	Astictopterini	10000000000	AF
Acleros_ploetzi	Astictopterini	10000000000	AF
Acleros_leucopyga	Astictopterini	00000010000	MDG
Andronymus_neander	Astictopterini	10000000000	AF
Acada_biseriata	Astictopterini	10000000000	AF
Teniorhinus_watsoni	Astictopterini	10000000000	AF
Teniorhinus_harona	Astictopterini	10000000000	AF
Gretna_cylinda	Gretnini	10000000000	AF
Oriens_gola	Taractrocerini	00001101000	EPA+IND+ORI
Taractrocera_maevius	Taractrocerini	00001101000	EPA+IND+ORI
Taractrocera_luzonensis	Taractrocerini	01001101000	AUS+EPA+IND+ORI
Kobrona_kobros	Taractrocerini	01000000000	AUS
Ocybadistes_walkeri	Taractrocerini	01000000000	AUS
Ocybadistes_flavovittata	Taractrocerini	01000000000	AUS
Suniana_sunias	Taractrocerini	01000000000	AUS
Potanthus_omaha	Taractrocerini	01000101000	AUS+IND+ORI
Potanthus_ganda	Taractrocerini	00000101000	IND+ORI
Potanthus_flavus	Taractrocerini	00001101001	EPA+IND+ORI+WPA
Potanthus_trachala	Taractrocerini	00001101000	EPA+IND+ORI
Sabera_caesina	Taractrocerini	01000000000	AUS
Arrhenes_marnas	Taractrocerini	01000001000	AUS+ORI
Arrhenes_dschilus	Taractrocerini	01000000000	AUS
Cephrenes_acalle_oceanica	Taractrocerini	01001101000	AUS+EPA+IND+ORI
Cephrenes_augiades	Taractrocerini	01000001000	AUS+ORI
Telicota_sp.	Taractrocerini	01001101000	AUS+EPA+IND+ORI
Telicota_bambusae	Taractrocerini	01001101000	AUS+EPA+IND+ORI
Telicota_augias	Taractrocerini	01001101000	AUS+EPA+IND+ORI
Quedara_monteithi	Erionotini	00000001000	ORI
Hyarotis_adrastus	Erionotini	00001101001	EPA+IND+ORI+WPA
Suada_swerga	Erionotini	00000101000	IND+ORI
Scobura_coniata	Erionotini	00001001000	EPA+ORI
Scobura_cephaloides	Erionotini	00001101000	EPA+IND+ORI
Scobura_isota	Erionotini	00001101000	EPA+IND+ORI
Scobura_eximia	Erionotini	00001101000	EPA+IND+ORI
Scobura_cephala	Erionotini	00000101000	IND+ORI
Ploetzia_amygdalis	Erionotini	00000010000	MDG
Pirdana_distanti	Erionotini	00000001000	ORI
Pirdana_hyela	Erionotini	00001101001	EPA+IND+ORI+WPA
Oerane_microthyrus	Erionotini	00000001000	ORI
Suastus_gremius	Erionotini	00001101000	EPA+IND+ORI
Salanoemia_sala	Erionotini	00000101000	IND+ORI
Plastingia_naga	Erionotini	00001101000	EPA+IND+ORI
Ge_geta	Erionotini	00000001000	ORI
Pyroneura_margherita	Erionotini	00001101000	EPA+IND+ORI
Pseudokerana_fulgur	Erionotini	00000001000	ORI
Pyroneura_derna	Erionotini	00000001000	ORI
Lotongus_calathus	Erionotini	00100001000	CAM+ORI
Ilma_irvina	Erionotini	00000001000	ORI
Unkana_ambasa	Erionotini	00000101000	IND+ORI
Matapa_sasivarna	Erionotini	00001101000	EPA+IND+ORI
Matapa_druna	Erionotini	00000101000	IND+ORI
Matapa_aria	Erionotini	00001101000	EPA+IND+ORI
Zela_zeus	Erionotini	00000001000	ORI
Acerbas_sarala	Erionotini	00001001000	EPA+ORI
Gangara_thyrsis	Erionotini	00001101000	EPA+IND+ORI
Erionota_grandis	Erionotini	00001000000	EPA
Erionota_acroleucus	Erionotini	00001101000	EPA+IND+ORI
Erionota_thrax	Erionotini	01000101010	AUS+IND+ORI+WNA
Ancistroides_gemmifer	Notocryptini	00000001000	ORI
Ancistroides_nigrita	Notocryptini	00001101000	EPA+IND+ORI
Udaspes_folus	Notocryptini	00001101000	EPA+IND+ORI
Ancistroides_longicornis	Notocryptini	00000001000	ORI
Notocrypta_paralysos	Notocryptini	01001101000	AUS+EPA+IND+ORI
Notocrypta_curvifascia	Notocryptini	00001101000	EPA+IND+ORI
Notocrypta_feisthamelii	Notocryptini	10001101000	AF+EPA+IND+ORI
Eetion_elia	Eetionini	00000001000	ORI
Iambrix_salsala	Ismini	00001101000	EPA+IND+ORI
Isma_protoclea	Ismini	00000101000	IND+ORI
Isma_bononia	Ismini	00000001000	ORI
Idmon_distanti	Ismini	00000001000	ORI
Psolos_fuligo	Psolosini	00001101000	EPA+IND+ORI
Koruthaialos_rubecula	Psolosini	00001101000	EPA+IND+ORI
Stimula_swinhoei	Psolosini	00000101000	IND+ORI
Koruthaialos_butleri	Psolosini	00000101000	IND+ORI
Parnara_guttata	Baorini	00001101000	EPA+IND+ORI
Parnara_apostata	Baorini	00001001000	EPA+ORI
Polytremis_nascens	Baorini	00001101000	EPA+IND+ORI
Polytremis_theca	Baorini	00001000000	EPA
Zenonia_zeno	Baorini	10000000000	AF
Polytremis_eltola	Baorini	10001101000	AF+EPA+IND+ORI
Iton_watsonii	Baorini	00000101000	IND+ORI
Iton_semamora	Baorini	00000101000	IND+ORI
Brusa_saxicola	Baorini	10000000000	AF
Polytremis_lubricans	Baorini	10001101000	AF+EPA+IND+ORI
Gegenes_nostrodamus	Baorini	10001100001	AF+EPA+IND+WPA
Gegenes_pumilio	Baorini	10011000001	AF+ENA+EPA+WPA
Borbo_borbonica	Baorini	10000010001	AF+MDG+WPA
Borbo_cinnara	Baorini	01001101000	AUS+EPA+IND+ORI
Prusiana_prusias	Baorini	00000001000	ORI
Caltoris_sirius	Baorini	00001101000	EPA+IND+ORI
Caltoris_cormasa	Baorini	10000101000	AF+IND+ORI
Caltoris_cahira	Baorini	10001101000	AF+EPA+IND+ORI
Baoris_oceia	Baorini	00001101000	EPA+IND+ORI
Baoris_farri	Baorini	00001101000	EPA+IND+ORI
Pelopidas_sinensis	Baorini	10001101000	AF+EPA+IND+ORI
Pelopidas_mathias	Baorini	10001101000	AF+EPA+IND+ORI
Pelopidas_agna	Baorini	01001101000	AUS+EPA+IND+ORI
Orphe_vatinius	Pericharini	00100000100	CAM+SAM
Orphe_gerasa	Pericharini	00100000100	CAM+SAM
Lychnuchoides_ozias	Pericharini	00000000100	SAM
Perichares_lotus	Pericharini	00100000100	CAM+SAM
Perichares_adela	Pericharini	00110000100	CAM+ENA+SAM
Orses_cynisca	Pericharini	00100000100	CAM+SAM
Lycas_argentea	Pericharini	00100000100	CAM+SAM
Carystoides_escalantei	Megathymini	00100000000	CAM
Agathymus_aryxna	Megathymini	00100000010	CAM+WNA
Agathymus_mariae	Megathymini	00110000010	CAM+ENA+WNA
Stallingsia_maculosus	Megathymini	00110000000	CAM+ENA
Megathymus_streckeri	Megathymini	00010000010	ENA+WNA
Megathymus_yuccae	Megathymini	00110000010	CAM+ENA+WNA
Megathymus_violae	Megathymini	00010000010	ENA+WNA
Megathymus_ursus	Megathymini	00110000010	CAM+ENA+WNA
Talides_sinois	Hesperiini	00100000100	CAM+SAM
Tromba_tromba	Hesperiini	00000000100	SAM
Pyrrhopygopsis_socrates	Hesperiini	00100000100	CAM+SAM
Ebusus_ebusus	Hesperiini	00100000100	CAM+SAM
Damas_clavus	Hesperiini	00100000100	CAM+SAM
Aroma_aroma	Hesperiini	00100000100	CAM+SAM
Tellona_variegata	Hesperiini	00000000100	SAM
Molo_mango	Hesperiini	00100000100	CAM+SAM
Dubiella_dubius	Hesperiini	00000000100	SAM
Carystina_aurifer	Hesperiini	00100000100	CAM+SAM
Thracides_phidon	Hesperiini	00100000100	CAM+SAM
Aides_duma	Hesperiini	00100000100	CAM+SAM
Vertica_verticalis	Hesperiini	00100000100	CAM+SAM
Cobalus_calvina	Hesperiini	00100000100	CAM+SAM
Moeros_moeros	Hesperiini	00000000100	SAM
Peba_verames	Hesperiini	00000000100	SAM
Argon_lota	Hesperiini	00100000100	CAM+SAM
Synale_cynaxa	Hesperiini	00100000000	CAM
Carystus_phorcus	Hesperiini	00100000100	CAM+SAM
Adopaeoides_prittwitzi	Hesperiini	00110000010	CAM+ENA+WNA
Apaustus_gracilis	Hesperiini	00100000100	CAM+SAM
Ancyloxypha_numitor	Hesperiini	00010000000	ENA
Saliana_esperi	Hesperiini	00110000100	CAM+ENA+SAM
Calpodes_ethlius	Hesperiini	00110000110	CAM+ENA+SAM+WNA
Zenis_jebus	Hesperiini	00100000100	CAM+SAM
Panoquina_panoquin	Hesperiini	00010000000	ENA
Panoquina_ocola	Hesperiini	00110000100	CAM+ENA+SAM
Thymelicus_sylvestris	Hesperiini	10001000001	AF+EPA+WPA
Thymelicus_lineola	Hesperiini	00011000011	ENA+EPA+WNA+WPA
Copaeodes_aurantiaca	Hesperiini	00110000010	CAM+ENA+WNA
Oarisma_powesheik	Hesperiini	00010000000	ENA
Oarisma_garita	Hesperiini	00110000010	CAM+ENA+WNA
Mnaseas_bicolor	Hesperiini	00100000100	CAM+SAM
Arotis_derasa	Hesperiini	00000000100	SAM
Papias_trimacula	Hesperiini	00100000100	CAM+SAM
Euphyes_arpa	Hesperiini	00010000000	ENA
Euphyes_dion	Hesperiini	00010000000	ENA
Notamblyscirtes_simius	Hesperiini	00110000010	CAM+ENA+WNA
Serdis_viridicans	Hesperiini	00000000100	SAM
Tirynthoides_lotana	Hesperiini	00000000100	SAM
Cyclosma_sp.	Hesperiini	00100000100	CAM+SAM
Metron_oropa	Hesperiini	00000000100	SAM
Phemiades_pohli	Hesperiini	00100000100	CAM+SAM
Libra_aligula	Hesperiini	00000000100	SAM
Lindra_brasus	Hesperiini	00100000100	CAM+SAM
Oxynthes_corusca	Hesperiini	00100000100	CAM+SAM
Orthos_trinka	Hesperiini	00000000100	SAM
Chalcone_briquenydan	Hesperiini	00000000100	SAM
Propertius_dejongi	Hesperiini	00000000100	SAM
Hansa_devergens	Hesperiini	00000000100	SAM
Amblyscirtes_simius	Hesperiini	00010000010	ENA+WNA
Problema_byssus	Hesperiini	00010000000	ENA
Atrytone_arogos	Hesperiini	00010000000	ENA
Zariaspes_mys	Hesperiini	00100000100	CAM+SAM
Anatrytone_logan	Hesperiini	00110000000	CAM+ENA
Quasimellana_antipazina	Hesperiini	00100000000	CAM
Onespa_gala	Hesperiini	00100000000	CAM
Buzyges_idothea	Hesperiini	00100000000	CAM
Librita_librita	Hesperiini	00100000000	CAM
Tirynthia_conflua	Hesperiini	00100000100	CAM+SAM
Decinea_decinea	Hesperiini	00100000100	CAM+SAM
Evansiella_cordela	Hesperiini	00000000100	SAM
Paratrytone_snowi	Hesperiini	00110000010	CAM+ENA+WNA
Thespieus_dalman	Hesperiini	00100000100	CAM+SAM
Thespieus_ethemides	Hesperiini	00000000100	SAM
Thespieus_macareus	Hesperiini	00100000100	CAM+SAM
Atrytonopsis_edwardsi	Hesperiini	00110000010	CAM+ENA+WNA
Atrytonopsis_hianna	Hesperiini	00010000000	ENA
Xeniades_orchamus	Hesperiini	00100000100	CAM+SAM
Vacerra_bonfilius	Hesperiini	00100000100	CAM+SAM
Cobaloides_argus	Hesperiini	00000000100	SAM
Oligoria_maculata	Hesperiini	00010000000	ENA
Stinga_morrisoni	Hesperiini	00110000010	CAM+ENA+WNA
Lon_zabulon	Hesperiini	00110000000	CAM+ENA
Ochlodes_sylvanoides	Hesperiini	00010000010	ENA+WNA
Ochlodes_sylvanus	Hesperiini	00001000001	EPA+WPA
Ochlodes_bouddha	Hesperiini	00001001000	EPA+ORI
Ochlodes_thibetana	Hesperiini	00001000000	EPA
Parachoranthus_magdalia	Hesperiini	00100000000	CAM
Nyctelius_nyctelius	Hesperiini	00110000110	CAM+ENA+SAM+WNA
Conga_zela	Hesperiini	00000000100	SAM
Conga_chydaea	Hesperiini	00110000100	CAM+ENA+SAM
Vernia_verna	Hesperiini	00110000000	CAM+ENA
Pseudocopaeodes_eunus	Hesperiini	00100000010	CAM+WNA
Atalopedes_campestris	Hesperiini	00110000110	CAM+ENA+SAM+WNA
Hesperia_meskei	Hesperiini	00110000000	CAM+ENA
Hesperia_dacotae	Hesperiini	00010000000	ENA
Hesperia_nevada	Hesperiini	00010000010	ENA+WNA
Hesperia_colorado	Hesperiini	00010000010	ENA+WNA
Hesperia_comma	Hesperiini	00011000011	ENA+EPA+WNA+WPA
Hesperia_pahaska	Hesperiini	00110000010	CAM+ENA+WNA
Hesperia_woodgatei	Hesperiini	00110000010	CAM+ENA+WNA
Hesperia_balcones	Hesperiini	00010000010	ENA+WNA
Hesperia_viridis	Hesperiini	00110000010	CAM+ENA+WNA
Hesperia_attalus	Hesperiini	00110000000	CAM+ENA
Hylephila_phyleus	Hesperiini	00110000110	CAM+ENA+SAM+WNA
Polites_vibex	Hesperiini	00110000100	CAM+ENA+SAM
Pompeius_pompeius	Hesperiini	00100000100	CAM+SAM
Pompeius_amblyspila	Hesperiini	00000000100	SAM
Appia_appia	Hesperiini	00000000100	SAM
Polites_origenes	Hesperiini	00010000000	ENA
Polites_sonora	Hesperiini	00010000010	ENA+WNA
Polites_mystic	Hesperiini	00010000010	ENA+WNA
Wallengrenia_egeremet	Hesperiini	00010000000	ENA
Wallengrenia_premnas	Hesperiini	00000000100	SAM
Wallengrenia_otho	Hesperiini	00110000100	CAM+ENA+SAM
Polites_baracoa	Hesperiini	00110000000	CAM+ENA
Polites_rhesus	Hesperiini	00110000010	CAM+ENA+WNA
Polites_carus	Hesperiini	00110000010	CAM+ENA+WNA
Polites_themistocles	Hesperiini	00010000010	ENA+WNA
Polites_mardon	Hesperiini	00000000010	WNA
Polites_peckius	Hesperiini	00010000010	ENA+WNA
Polites_sabuleti	Hesperiini	00110000010	CAM+ENA+WNA
Polites_draco	Hesperiini	00010000010	ENA+WNA
Falga_jeconia	Hesperiini	00000000100	SAM
Thargella_evansi	Hesperiini	00000000100	SAM
Propapias_sipariana	Hesperiini	00100000100	CAM+SAM
Synapte_silius	Hesperiini	00100000100	CAM+SAM
Synapte_salenus	Hesperiini	00100000100	CAM+SAM
Turesis_theste	Hesperiini	00100000000	CAM
Flaccilla_aecas	Hesperiini	00100000100	CAM+SAM
Methion_melas	Hesperiini	00100000000	CAM
Mnasinous_patage	Hesperiini	00100000000	CAM
Miltomiges_cinnamomea	Hesperiini	00000000100	SAM
Methionopsis_ina	Hesperiini	00100000100	CAM+SAM
Racta_chiria	Hesperiini	00000000100	SAM
Racta_sp.	Hesperiini	00000000100	SAM
Corticea_corticea	Hesperiini	00110000100	CAM+ENA+SAM
Anthoptus_insignis	Hesperiini	00100000100	CAM+SAM
Anthoptus_sp.	Hesperiini	00110000100	CAM+ENA+SAM
Anthoptus_epictetus	Hesperiini	00110000100	CAM+ENA+SAM
Choranthus_radians	Hesperiini	00110000000	CAM+ENA
Choranthus_vitellius	Hesperiini	00100000000	CAM
Choranthus_haitensis	Hesperiini	00100000000	CAM
Pyrrhocalles_antiqua	Hesperiini	00100000000	CAM
Asbolis_capucinus	Hesperiini	00110000100	CAM+ENA+SAM
Styriodes_quadrinotata	Hesperiini	00100000100	CAM+SAM
Saniba_sabina	Hesperiini	00000000100	SAM
Psoralis_stacara	Hesperiini	00000000100	SAM
Pamba_boyaca	Hesperiini	00000000100	SAM
Alychna_victa	Hesperiini	00000000100	SAM
Mucia_zygia	Hesperiini	00100000100	CAM+SAM
Adlerodea_petrovna	Hesperiini	00100000100	CAM+SAM
Wahydra_sp.	Hesperiini	00000000100	SAM
Wahydra_kenava	Hesperiini	00000000100	SAM
Vinius_letis	Hesperiini	00000000100	SAM
Rhinthon_cubana	Hesperiini	00100000000	CAM
Neoxeniades_braesia	Hesperiini	00000000100	SAM
Quinta_cannae	Hesperiini	00100000100	CAM+SAM
Cynea_cynea	Hesperiini	00100000100	CAM+SAM
Cynea_diluta	Hesperiini	00100000100	CAM+SAM
Onophas_columbaria	Hesperiini	00100000100	CAM+SAM
Paracarystus_hypargyra	Hesperiini	00100000100	CAM+SAM
Moeris_striga	Hesperiini	00000000100	SAM
Gallio_carasta	Hesperiini	00000000100	SAM
Thoon_modius	Hesperiini	00100000100	CAM+SAM
Halotus_rica	Hesperiini	00100000000	CAM
Tigasis_arita	Hesperiini	00100000100	CAM+SAM
Joanna_joanna	Hesperiini	00100000000	CAM
Niconiades_xanthaphes	Hesperiini	00100000100	CAM+SAM
Niconiades_incomptus	Hesperiini	00100000100	CAM+SAM
Remella_rita	Hesperiini	00100000100	CAM+SAM
Mnasicles_geta	Hesperiini	00100000000	CAM
Amblyscirtes_florus	Hesperiini	00110000010	CAM+ENA+WNA
Amblyscirtes_elissa	Hesperiini	00100000010	CAM+WNA
Amblyscirtes_eos	Hesperiini	00110000010	CAM+ENA+WNA
Amblyscirtes_celia	Hesperiini	00110000000	CAM+ENA
Amblyscirtes_belli	Hesperiini	00010000000	ENA
Mnasitheus_chrysophrys	Hesperiini	00100000100	CAM+SAM
Callimormus_radiola	Hesperiini	00100000100	CAM+SAM
Misius_misius	Hesperiini	00000000100	SAM
Levina_levina	Hesperiini	00000000100	SAM
Mnestheus_ittona	Hesperiini	00100000100	CAM+SAM
Virga_austrinus	Hesperiini	00000000100	SAM
Lento_lento	Hesperiini	00100000100	CAM+SAM
Sodalia_sodalis	Hesperiini	00100000100	CAM+SAM
Naevolus_orius	Hesperiini	00100000100	CAM+SAM
Lychnuchus_celsus	Hesperiini	00000000100	SAM
Enosis_sp.	Hesperiini	00100000100	CAM+SAM
Venas_evans	Hesperiini	00100000100	CAM+SAM
Eprius_veleda	Hesperiini	00100000100	CAM+SAM
Eutychide_physcella	Hesperiini	00000000100	SAM
Dion_gemmatus	Hesperiini	00100000000	CAM
Phanes_abaris	Hesperiini	00000000100	SAM
Cumbre_cumbre	Hesperiini	00000000100	SAM
Rufocumbre_eberti	Hesperiini	00000000100	SAM
Molla_molla	Hesperiini	00000000100	SAM
Lamponia_lamponia	Hesperiini	00000000100	SAM
Pheraeus_odilia	Hesperiini	00100000100	CAM+SAM
Artines_rica	Hesperiini	00100000100	CAM+SAM
Eutocus_sp.	Hesperiini	00100000100	CAM+SAM
Lucida_lucia	Hesperiini	00000000100	SAM
Ginungagapus_ranesus	Hesperiini	00000000100	SAM
Panca_subpunctuli	Hesperiini	00000000100	SAM
Ginungagapus_fiedleri	Hesperiini	00000000100	SAM
Duroca_duroca	Hesperiini	00000000100	SAM
Cantha_calva	Hesperiini	00000000100	SAM
Saturnus_metonidia	Hesperiini	00000000100	SAM
Parphorus_storax	Hesperiini	00100000100	CAM+SAM
Papias_subcostulata	Hesperiini	00100000100	CAM+SAM
Mnasilus_allubita	Hesperiini	00110000100	CAM+ENA+SAM
Morys_compta	Hesperiini	00100000100	CAM+SAM
Lerema_accius	Hesperiini	00110000010	CAM+ENA+WNA
Lerema_liris	Hesperiini	00110000000	CAM+ENA
Lerema_lineosa	Hesperiini	00000000100	SAM
Vidius_catarinae	Hesperiini	00000000100	SAM
Cymaenes_tripunctata	Hesperiini	00110000100	CAM+ENA+SAM
Cobalopsis_miaba	Hesperiini	00100000100	CAM+SAM
Lerodea_eufala	Hesperiini	00110000110	CAM+ENA+SAM+WNA
Vehilius_celeus	Hesperiini	00000000100	SAM
Nastra_julia	Hesperiini	00110000000	CAM+ENA
Monca_branca	Hesperiini	00000000100	SAM
Troyus_fantasos	Hesperiini	00110000100	CAM+ENA+SAM
Troyus_diversus	Hesperiini	00100000100	CAM+SAM
Troyus_aurelius	Hesperiini	00100000100	CAM+SAM
Troyus_marcus	Hesperiini	00110000100	CAM+ENA+SAM
Vettius_lafrenaye	Hesperiini	00100000100	CAM+SAM
