taxon	strict_genes	A_only	B_only	AB_tie_without_unknown	unknown_only	A_unknown_tie	B_unknown_tie	AB_unknown_tie	AB_tie_including_unknown	unknown_including_all_patterns	unambiguous_gene_pattern	conservative_figure_evidence_category_suggestion	suggestion_reason_zh	unknown_retained	final_strain_or_sample_supergroup	use_legend
Acerbas_sarala_chinensis	38	33	1	0	0	4	0	0	0	4	cross_family_A_B_affinity_disagreement	conflicting_reference_affinity	不同家族分别出现A-only与B-only；保留两方，不多数票定组	True	UNCLASSIFIED_NOT_ASSIGNED	Reference-affinity evidence pattern; not strain supergroup diagnosis
Aeromachus_catocyanea	22	12	0	0	0	9	0	1	1	10	A_only_reference_affinity_in_unambiguous_genes	unclassified	存在A/B并列或其他未解决证据；不把未并列基因的一侧标签推广为样本确定超群	True	UNCLASSIFIED_NOT_ASSIGNED	Reference-affinity evidence pattern; not strain supergroup diagnosis
Aeromachus_nana	15	8	2	0	3	2	0	0	0	5	cross_family_A_B_affinity_disagreement	conflicting_reference_affinity	不同家族分别出现A-only与B-only；保留两方，不多数票定组	True	UNCLASSIFIED_NOT_ASSIGNED	Reference-affinity evidence pattern; not strain supergroup diagnosis
Ampittia_dioscorides_fabricius	34	33	0	0	0	1	0	0	0	1	A_only_reference_affinity_in_unambiguous_genes	A_affinity_no_observed_B	有A-only证据，全部最高分集合未见明确B；仍保留unknown基因，不等于确诊A菌株	True	UNCLASSIFIED_NOT_ASSIGNED	Reference-affinity evidence pattern; not strain supergroup diagnosis
Ancistroides_nigrita	42	39	0	0	0	3	0	0	0	3	A_only_reference_affinity_in_unambiguous_genes	A_affinity_no_observed_B	有A-only证据，全部最高分集合未见明确B；仍保留unknown基因，不等于确诊A菌株	True	UNCLASSIFIED_NOT_ASSIGNED	Reference-affinity evidence pattern; not strain supergroup diagnosis
Cupitha_purreea	43	40	0	0	0	3	0	0	0	3	A_only_reference_affinity_in_unambiguous_genes	A_affinity_no_observed_B	有A-only证据，全部最高分集合未见明确B；仍保留unknown基因，不等于确诊A菌株	True	UNCLASSIFIED_NOT_ASSIGNED	Reference-affinity evidence pattern; not strain supergroup diagnosis
Halpe_concavimarginata	35	30	0	0	0	5	0	0	0	5	A_only_reference_affinity_in_unambiguous_genes	A_affinity_no_observed_B	有A-only证据，全部最高分集合未见明确B；仍保留unknown基因，不等于确诊A菌株	True	UNCLASSIFIED_NOT_ASSIGNED	Reference-affinity evidence pattern; not strain supergroup diagnosis
Halpe_porus	15	6	0	0	3	1	1	4	4	9	A_only_reference_affinity_in_unambiguous_genes	unclassified	存在A/B并列或其他未解决证据；不把未并列基因的一侧标签推广为样本确定超群	True	UNCLASSIFIED_NOT_ASSIGNED	Reference-affinity evidence pattern; not strain supergroup diagnosis
Idmon_fujianana	42	39	0	0	0	3	0	0	0	3	A_only_reference_affinity_in_unambiguous_genes	A_affinity_no_observed_B	有A-only证据，全部最高分集合未见明确B；仍保留unknown基因，不等于确诊A菌株	True	UNCLASSIFIED_NOT_ASSIGNED	Reference-affinity evidence pattern; not strain supergroup diagnosis
Isoteinon_lamprospilus	15	0	1	1	0	0	0	13	14	13	B_only_reference_affinity_in_unambiguous_genes	unclassified	存在A/B并列或其他未解决证据；不把未并列基因的一侧标签推广为样本确定超群	True	UNCLASSIFIED_NOT_ASSIGNED	Reference-affinity evidence pattern; not strain supergroup diagnosis
Matapa_druna	41	38	0	0	0	3	0	0	0	3	A_only_reference_affinity_in_unambiguous_genes	A_affinity_no_observed_B	有A-only证据，全部最高分集合未见明确B；仍保留unknown基因，不等于确诊A菌株	True	UNCLASSIFIED_NOT_ASSIGNED	Reference-affinity evidence pattern; not strain supergroup diagnosis
Ochlodes_bouddha	27	16	0	0	1	8	0	2	2	11	A_only_reference_affinity_in_unambiguous_genes	unclassified	存在A/B并列或其他未解决证据；不把未并列基因的一侧标签推广为样本确定超群	True	UNCLASSIFIED_NOT_ASSIGNED	Reference-affinity evidence pattern; not strain supergroup diagnosis
Oriens_gola	46	35	0	0	4	2	1	4	4	11	A_only_reference_affinity_in_unambiguous_genes	unclassified	存在A/B并列或其他未解决证据；不把未并列基因的一侧标签推广为样本确定超群	True	UNCLASSIFIED_NOT_ASSIGNED	Reference-affinity evidence pattern; not strain supergroup diagnosis
Pedesta_masuriensis	25	18	0	0	0	6	0	1	1	7	A_only_reference_affinity_in_unambiguous_genes	unclassified	存在A/B并列或其他未解决证据；不把未并列基因的一侧标签推广为样本确定超群	True	UNCLASSIFIED_NOT_ASSIGNED	Reference-affinity evidence pattern; not strain supergroup diagnosis
Pedesta_rubella	39	36	0	0	0	3	0	0	0	3	A_only_reference_affinity_in_unambiguous_genes	A_affinity_no_observed_B	有A-only证据，全部最高分集合未见明确B；仍保留unknown基因，不等于确诊A菌株	True	UNCLASSIFIED_NOT_ASSIGNED	Reference-affinity evidence pattern; not strain supergroup diagnosis
Perichares_adela	28	4	0	0	0	6	0	18	18	24	A_only_reference_affinity_in_unambiguous_genes	unclassified	存在A/B并列或其他未解决证据；不把未并列基因的一侧标签推广为样本确定超群	True	UNCLASSIFIED_NOT_ASSIGNED	Reference-affinity evidence pattern; not strain supergroup diagnosis
Pithauria_linus	23	19	0	0	0	3	0	1	1	4	A_only_reference_affinity_in_unambiguous_genes	unclassified	存在A/B并列或其他未解决证据；不把未并列基因的一侧标签推广为样本确定超群	True	UNCLASSIFIED_NOT_ASSIGNED	Reference-affinity evidence pattern; not strain supergroup diagnosis
Pithauria_stramineipennis	42	38	0	0	0	3	1	0	0	4	A_only_reference_affinity_in_unambiguous_genes	unclassified	存在A/B并列或其他未解决证据；不把未并列基因的一侧标签推广为样本确定超群	True	UNCLASSIFIED_NOT_ASSIGNED	Reference-affinity evidence pattern; not strain supergroup diagnosis
Polytremis_eltola	46	35	2	0	1	3	2	3	3	9	cross_family_A_B_affinity_disagreement	conflicting_reference_affinity	不同家族分别出现A-only与B-only；保留两方，不多数票定组	True	UNCLASSIFIED_NOT_ASSIGNED	Reference-affinity evidence pattern; not strain supergroup diagnosis
Polytremis_theca	31	19	0	0	1	8	0	3	3	12	A_only_reference_affinity_in_unambiguous_genes	unclassified	存在A/B并列或其他未解决证据；不把未并列基因的一侧标签推广为样本确定超群	True	UNCLASSIFIED_NOT_ASSIGNED	Reference-affinity evidence pattern; not strain supergroup diagnosis
Potanthus_trachala	15	0	6	0	0	0	0	9	9	9	B_only_reference_affinity_in_unambiguous_genes	unclassified	存在A/B并列或其他未解决证据；不把未并列基因的一侧标签推广为样本确定超群	True	UNCLASSIFIED_NOT_ASSIGNED	Reference-affinity evidence pattern; not strain supergroup diagnosis
Sovia_lucasii_lucasii	15	0	6	0	0	0	0	9	9	9	B_only_reference_affinity_in_unambiguous_genes	unclassified	存在A/B并列或其他未解决证据；不把未并列基因的一侧标签推广为样本确定超群	True	UNCLASSIFIED_NOT_ASSIGNED	Reference-affinity evidence pattern; not strain supergroup diagnosis
Sovia_subflava	38	34	1	0	0	3	0	0	0	3	cross_family_A_B_affinity_disagreement	conflicting_reference_affinity	不同家族分别出现A-only与B-only；保留两方，不多数票定组	True	UNCLASSIFIED_NOT_ASSIGNED	Reference-affinity evidence pattern; not strain supergroup diagnosis
Telicota_bambusae	41	39	0	0	0	2	0	0	0	2	A_only_reference_affinity_in_unambiguous_genes	A_affinity_no_observed_B	有A-only证据，全部最高分集合未见明确B；仍保留unknown基因，不等于确诊A菌株	True	UNCLASSIFIED_NOT_ASSIGNED	Reference-affinity evidence pattern; not strain supergroup diagnosis
Thoressa_kuata	15	6	2	0	3	2	0	2	2	7	cross_family_A_B_affinity_disagreement	conflicting_reference_affinity	不同家族分别出现A-only与B-only；保留两方，不多数票定组	True	UNCLASSIFIED_NOT_ASSIGNED	Reference-affinity evidence pattern; not strain supergroup diagnosis
