taxon	in_main25	strict_genes	strict_families	A_only_gene_count	B_only_gene_count	AB_tie_gene_count	unknown_only_gene_count	A_unknown_tie_gene_count	B_unknown_tie_gene_count	AB_unknown_tie_gene_count	E_only_gene_count	other_explicit_tie_gene_count	other_explicit_unknown_tie_gene_count	no_qualifying_HSP_gene_count	unknown_including_gene_count	A_B_tie_including_unknown_gene_count	A_only_family_count	B_only_family_count	A_only_family_ids	B_only_family_ids	both_A_only_and_B_only_distinct_families	evidence_pattern	final_sample_supergroup	interpretation_scope
Acerbas_sarala_chinensis	1	38	38	33	1	0	0	4	0	0	0	0	0	0	4	0	33	1	P0294554494f5a8cec05865fd;P0675c48295767aa3906ac372;P07f88e2bb1e56fb05f02e58a;P0c624e151735e4a9fed865d5;P0f7e8941919e9b634eb350c7;P105e81cadb13fa73bec24ff5;P16ac9b89ff10a00bf5aef6dc;P1c6d0324297a9a0d8c4410e8;P20dcc1f87621309dee9a6f80;P23e7a20ecc5930faafdadf7b;P2c83049b426ff56b08fe28b0;P44f6e46ea2ed589cedda429f;P507058803c71333cf0b9f49f;P52a038d73fbb0dc2fce63fa2;P642aafeefb367660a9b78c39;P6650f8af23e8baae78a43f97;P6e77e4124db35977ff81de98;P8c07225efaa092ab30d53679;P8d6f063f581eb9f0d5456da6;P942e1b2a3926d675d1974bf5;P95855010e0c2448a44e263ca;P9897241121f49b098577aa4d;Pa2bce227857811250a569cd1;Pb3f06ba9a36b08c87a7cccb2;Pb53b4d94c05a6d484ec8e538;Pbf111878b49f8635cfc0b308;Pbfb42565c9fa797dd31365b6;Pc399a2889a3327696ebea158;Pcd189dc1eefba4ae08285709;Pd361fb920038257624d583f4;Pda2dffc75bee2718e9054d16;Pdd5c78cc55f1937e37fb3db7;Pfd55ca99eaf0d62d7a09bf25	P1b45d62aeeff39a57fb5f62e	1	A_only_and_B_only_evidence_in_distinct_families	NOT_ASSIGNED	highest reported bitscore reference evidence; no majority label or infection/transfer inference
Aeromachus_catocyanea	1	22	22	12	0	0	0	9	0	1	0	0	0	0	10	1	12	0	P0294554494f5a8cec05865fd;P07f88e2bb1e56fb05f02e58a;P1440feb117cd723f6abb3813;P17c4a8f0e8f2f82c6ac338cd;P20dcc1f87621309dee9a6f80;P23e7a20ecc5930faafdadf7b;P642aafeefb367660a9b78c39;P69d68c4e9723a50f19464644;P7b8604775adae8acd2294a64;Pa2bce227857811250a569cd1;Pcd189dc1eefba4ae08285709;Pfa51b8e46837a9b1625cc8c5		0	A_B_tied_reference_evidence_present	NOT_ASSIGNED	highest reported bitscore reference evidence; no majority label or infection/transfer inference
Aeromachus_nana	1	15	15	8	2	0	3	2	0	0	0	0	0	0	5	0	8	2	P13e05d070734305f12c2eb26;P1c6d0324297a9a0d8c4410e8;P44f6e46ea2ed589cedda429f;P507058803c71333cf0b9f49f;P642aafeefb367660a9b78c39;P69d68c4e9723a50f19464644;P71bb8c7f5b149dba1c7305d5;Pc399a2889a3327696ebea158	P1b45d62aeeff39a57fb5f62e;P23e7a20ecc5930faafdadf7b	1	A_only_and_B_only_evidence_in_distinct_families	NOT_ASSIGNED	highest reported bitscore reference evidence; no majority label or infection/transfer inference
Ampittia_dioscorides_fabricius	1	34	34	33	0	0	0	1	0	0	0	0	0	0	1	0	33	0	P0294554494f5a8cec05865fd;P0675c48295767aa3906ac372;P07f88e2bb1e56fb05f02e58a;P0c624e151735e4a9fed865d5;P0f7e8941919e9b634eb350c7;P105e81cadb13fa73bec24ff5;P13e05d070734305f12c2eb26;P16ac9b89ff10a00bf5aef6dc;P17c4a8f0e8f2f82c6ac338cd;P20dcc1f87621309dee9a6f80;P22c5aea74644942fb02544bc;P23e7a20ecc5930faafdadf7b;P44f6e46ea2ed589cedda429f;P493f6ff5725a58e31ceb52ab;P52a038d73fbb0dc2fce63fa2;P642aafeefb367660a9b78c39;P6650f8af23e8baae78a43f97;P69d68c4e9723a50f19464644;P6e77e4124db35977ff81de98;P71bb8c7f5b149dba1c7305d5;P7b8604775adae8acd2294a64;P8c07225efaa092ab30d53679;P8d6f063f581eb9f0d5456da6;P8fcb3dea8eb09c45fa38015a;P942e1b2a3926d675d1974bf5;P9897241121f49b098577aa4d;Pa2bce227857811250a569cd1;Pb3f06ba9a36b08c87a7cccb2;Pb53b4d94c05a6d484ec8e538;Pcd189dc1eefba4ae08285709;Pd361fb920038257624d583f4;Pda2dffc75bee2718e9054d16;Pfd55ca99eaf0d62d7a09bf25		0	residual_unknown_reference_evidence_present	NOT_ASSIGNED	highest reported bitscore reference evidence; no majority label or infection/transfer inference
Ancistroides_nigrita	1	42	42	39	0	0	0	3	0	0	0	0	0	0	3	0	39	0	P0294554494f5a8cec05865fd;P0675c48295767aa3906ac372;P07f88e2bb1e56fb05f02e58a;P0c624e151735e4a9fed865d5;P0f7e8941919e9b634eb350c7;P105e81cadb13fa73bec24ff5;P13e05d070734305f12c2eb26;P1440feb117cd723f6abb3813;P16ac9b89ff10a00bf5aef6dc;P17c4a8f0e8f2f82c6ac338cd;P20dcc1f87621309dee9a6f80;P22c5aea74644942fb02544bc;P2c83049b426ff56b08fe28b0;P44f6e46ea2ed589cedda429f;P493f6ff5725a58e31ceb52ab;P52a038d73fbb0dc2fce63fa2;P642aafeefb367660a9b78c39;P6650f8af23e8baae78a43f97;P69d68c4e9723a50f19464644;P6e77e4124db35977ff81de98;P71bb8c7f5b149dba1c7305d5;P7b8604775adae8acd2294a64;P8c07225efaa092ab30d53679;P8d6f063f581eb9f0d5456da6;P8fcb3dea8eb09c45fa38015a;P942e1b2a3926d675d1974bf5;P95855010e0c2448a44e263ca;P9897241121f49b098577aa4d;Pa2bce227857811250a569cd1;Pb3f06ba9a36b08c87a7cccb2;Pb53b4d94c05a6d484ec8e538;Pbf111878b49f8635cfc0b308;Pbfb42565c9fa797dd31365b6;Pcd189dc1eefba4ae08285709;Pd361fb920038257624d583f4;Pda2dffc75bee2718e9054d16;Pdd5c78cc55f1937e37fb3db7;Pfa51b8e46837a9b1625cc8c5;Pfd55ca99eaf0d62d7a09bf25		0	residual_unknown_reference_evidence_present	NOT_ASSIGNED	highest reported bitscore reference evidence; no majority label or infection/transfer inference
Cupitha_purreea	1	43	43	40	0	0	0	3	0	0	0	0	0	0	3	0	40	0	P0294554494f5a8cec05865fd;P0675c48295767aa3906ac372;P07f88e2bb1e56fb05f02e58a;P0c624e151735e4a9fed865d5;P0f7e8941919e9b634eb350c7;P105e81cadb13fa73bec24ff5;P13e05d070734305f12c2eb26;P1440feb117cd723f6abb3813;P16ac9b89ff10a00bf5aef6dc;P17c4a8f0e8f2f82c6ac338cd;P20dcc1f87621309dee9a6f80;P22c5aea74644942fb02544bc;P2c83049b426ff56b08fe28b0;P44f6e46ea2ed589cedda429f;P493f6ff5725a58e31ceb52ab;P52a038d73fbb0dc2fce63fa2;P642aafeefb367660a9b78c39;P6650f8af23e8baae78a43f97;P69d68c4e9723a50f19464644;P6e77e4124db35977ff81de98;P71bb8c7f5b149dba1c7305d5;P7b8604775adae8acd2294a64;P8c07225efaa092ab30d53679;P8d6f063f581eb9f0d5456da6;P8fcb3dea8eb09c45fa38015a;P942e1b2a3926d675d1974bf5;P95855010e0c2448a44e263ca;P9897241121f49b098577aa4d;Pa2bce227857811250a569cd1;Pb3f06ba9a36b08c87a7cccb2;Pb53b4d94c05a6d484ec8e538;Pbf111878b49f8635cfc0b308;Pbfb42565c9fa797dd31365b6;Pc399a2889a3327696ebea158;Pcd189dc1eefba4ae08285709;Pd361fb920038257624d583f4;Pda2dffc75bee2718e9054d16;Pdd5c78cc55f1937e37fb3db7;Pfa51b8e46837a9b1625cc8c5;Pfd55ca99eaf0d62d7a09bf25		0	residual_unknown_reference_evidence_present	NOT_ASSIGNED	highest reported bitscore reference evidence; no majority label or infection/transfer inference
Halpe_concavimarginata	1	35	35	30	0	0	0	5	0	0	0	0	0	0	5	0	30	0	P0294554494f5a8cec05865fd;P0675c48295767aa3906ac372;P07f88e2bb1e56fb05f02e58a;P0c624e151735e4a9fed865d5;P0f7e8941919e9b634eb350c7;P105e81cadb13fa73bec24ff5;P13e05d070734305f12c2eb26;P16ac9b89ff10a00bf5aef6dc;P23e7a20ecc5930faafdadf7b;P2c83049b426ff56b08fe28b0;P44f6e46ea2ed589cedda429f;P493f6ff5725a58e31ceb52ab;P6650f8af23e8baae78a43f97;P6e77e4124db35977ff81de98;P7b8604775adae8acd2294a64;P8d6f063f581eb9f0d5456da6;P8fcb3dea8eb09c45fa38015a;P942e1b2a3926d675d1974bf5;P95855010e0c2448a44e263ca;P9897241121f49b098577aa4d;Pa2bce227857811250a569cd1;Pb3f06ba9a36b08c87a7cccb2;Pb53b4d94c05a6d484ec8e538;Pbf111878b49f8635cfc0b308;Pc399a2889a3327696ebea158;Pcd189dc1eefba4ae08285709;Pd361fb920038257624d583f4;Pda2dffc75bee2718e9054d16;Pdd5c78cc55f1937e37fb3db7;Pfd55ca99eaf0d62d7a09bf25		0	residual_unknown_reference_evidence_present	NOT_ASSIGNED	highest reported bitscore reference evidence; no majority label or infection/transfer inference
Halpe_porus	1	15	15	6	0	0	3	1	1	4	0	0	0	0	9	4	6	0	P20dcc1f87621309dee9a6f80;P22c5aea74644942fb02544bc;P23e7a20ecc5930faafdadf7b;P69d68c4e9723a50f19464644;P8c07225efaa092ab30d53679;Pcd189dc1eefba4ae08285709		0	A_B_tied_reference_evidence_present	NOT_ASSIGNED	highest reported bitscore reference evidence; no majority label or infection/transfer inference
Idmon_fujianana	1	42	42	39	0	0	0	3	0	0	0	0	0	0	3	0	39	0	P0294554494f5a8cec05865fd;P0675c48295767aa3906ac372;P07f88e2bb1e56fb05f02e58a;P0c624e151735e4a9fed865d5;P0f7e8941919e9b634eb350c7;P105e81cadb13fa73bec24ff5;P13e05d070734305f12c2eb26;P1440feb117cd723f6abb3813;P16ac9b89ff10a00bf5aef6dc;P17c4a8f0e8f2f82c6ac338cd;P20dcc1f87621309dee9a6f80;P22c5aea74644942fb02544bc;P2c83049b426ff56b08fe28b0;P493f6ff5725a58e31ceb52ab;P52a038d73fbb0dc2fce63fa2;P642aafeefb367660a9b78c39;P6650f8af23e8baae78a43f97;P69d68c4e9723a50f19464644;P6e77e4124db35977ff81de98;P71bb8c7f5b149dba1c7305d5;P7b8604775adae8acd2294a64;P8c07225efaa092ab30d53679;P8d6f063f581eb9f0d5456da6;P8fcb3dea8eb09c45fa38015a;P942e1b2a3926d675d1974bf5;P95855010e0c2448a44e263ca;P9897241121f49b098577aa4d;Pa2bce227857811250a569cd1;Pb3f06ba9a36b08c87a7cccb2;Pb53b4d94c05a6d484ec8e538;Pbf111878b49f8635cfc0b308;Pbfb42565c9fa797dd31365b6;Pc399a2889a3327696ebea158;Pcd189dc1eefba4ae08285709;Pd361fb920038257624d583f4;Pda2dffc75bee2718e9054d16;Pdd5c78cc55f1937e37fb3db7;Pfa51b8e46837a9b1625cc8c5;Pfd55ca99eaf0d62d7a09bf25		0	residual_unknown_reference_evidence_present	NOT_ASSIGNED	highest reported bitscore reference evidence; no majority label or infection/transfer inference
Isoteinon_lamprospilus	1	15	15	0	1	1	0	0	0	13	0	0	0	0	13	14	0	1		P0c73e7dda09d8a40b8e20092	0	A_B_tied_reference_evidence_present	NOT_ASSIGNED	highest reported bitscore reference evidence; no majority label or infection/transfer inference
Matapa_druna	1	41	41	38	0	0	0	3	0	0	0	0	0	0	3	0	38	0	P0294554494f5a8cec05865fd;P07f88e2bb1e56fb05f02e58a;P0c624e151735e4a9fed865d5;P0f7e8941919e9b634eb350c7;P105e81cadb13fa73bec24ff5;P13e05d070734305f12c2eb26;P1440feb117cd723f6abb3813;P16ac9b89ff10a00bf5aef6dc;P17c4a8f0e8f2f82c6ac338cd;P20dcc1f87621309dee9a6f80;P22c5aea74644942fb02544bc;P2c83049b426ff56b08fe28b0;P44f6e46ea2ed589cedda429f;P493f6ff5725a58e31ceb52ab;P52a038d73fbb0dc2fce63fa2;P642aafeefb367660a9b78c39;P6650f8af23e8baae78a43f97;P69d68c4e9723a50f19464644;P6e77e4124db35977ff81de98;P71bb8c7f5b149dba1c7305d5;P7b8604775adae8acd2294a64;P8d6f063f581eb9f0d5456da6;P8fcb3dea8eb09c45fa38015a;P942e1b2a3926d675d1974bf5;P95855010e0c2448a44e263ca;P9897241121f49b098577aa4d;Pa2bce227857811250a569cd1;Pb3f06ba9a36b08c87a7cccb2;Pb53b4d94c05a6d484ec8e538;Pbf111878b49f8635cfc0b308;Pbfb42565c9fa797dd31365b6;Pc399a2889a3327696ebea158;Pcd189dc1eefba4ae08285709;Pd361fb920038257624d583f4;Pda2dffc75bee2718e9054d16;Pdd5c78cc55f1937e37fb3db7;Pfa51b8e46837a9b1625cc8c5;Pfd55ca99eaf0d62d7a09bf25		0	residual_unknown_reference_evidence_present	NOT_ASSIGNED	highest reported bitscore reference evidence; no majority label or infection/transfer inference
Ochlodes_bouddha	1	27	27	16	0	0	1	8	0	2	0	0	0	0	11	2	16	0	P0675c48295767aa3906ac372;P105e81cadb13fa73bec24ff5;P1440feb117cd723f6abb3813;P17c4a8f0e8f2f82c6ac338cd;P20dcc1f87621309dee9a6f80;P22c5aea74644942fb02544bc;P23e7a20ecc5930faafdadf7b;P2c83049b426ff56b08fe28b0;P44f6e46ea2ed589cedda429f;P493f6ff5725a58e31ceb52ab;P642aafeefb367660a9b78c39;P6650f8af23e8baae78a43f97;P69d68c4e9723a50f19464644;P8c07225efaa092ab30d53679;P8fcb3dea8eb09c45fa38015a;Pcd189dc1eefba4ae08285709		0	A_B_tied_reference_evidence_present	NOT_ASSIGNED	highest reported bitscore reference evidence; no majority label or infection/transfer inference
Oriens_gola	1	46	46	35	0	0	4	2	1	4	0	0	0	0	11	4	35	0	P0294554494f5a8cec05865fd;P0675c48295767aa3906ac372;P07f88e2bb1e56fb05f02e58a;P0c624e151735e4a9fed865d5;P0f7e8941919e9b634eb350c7;P105e81cadb13fa73bec24ff5;P13e05d070734305f12c2eb26;P16ac9b89ff10a00bf5aef6dc;P17c4a8f0e8f2f82c6ac338cd;P20dcc1f87621309dee9a6f80;P2c83049b426ff56b08fe28b0;P44f6e46ea2ed589cedda429f;P493f6ff5725a58e31ceb52ab;P52a038d73fbb0dc2fce63fa2;P6650f8af23e8baae78a43f97;P69d68c4e9723a50f19464644;P6e77e4124db35977ff81de98;P71bb8c7f5b149dba1c7305d5;P7b8604775adae8acd2294a64;P8c07225efaa092ab30d53679;P8d6f063f581eb9f0d5456da6;P942e1b2a3926d675d1974bf5;P95855010e0c2448a44e263ca;P9897241121f49b098577aa4d;Pa2bce227857811250a569cd1;Pb3f06ba9a36b08c87a7cccb2;Pb53b4d94c05a6d484ec8e538;Pbf111878b49f8635cfc0b308;Pbfb42565c9fa797dd31365b6;Pc399a2889a3327696ebea158;Pcd189dc1eefba4ae08285709;Pd361fb920038257624d583f4;Pda2dffc75bee2718e9054d16;Pdd5c78cc55f1937e37fb3db7;Pfd55ca99eaf0d62d7a09bf25		0	A_B_tied_reference_evidence_present	NOT_ASSIGNED	highest reported bitscore reference evidence; no majority label or infection/transfer inference
Pedesta_masuriensis	1	25	25	18	0	0	0	6	0	1	0	0	0	0	7	1	18	0	P105e81cadb13fa73bec24ff5;P17c4a8f0e8f2f82c6ac338cd;P20dcc1f87621309dee9a6f80;P22c5aea74644942fb02544bc;P23e7a20ecc5930faafdadf7b;P2c83049b426ff56b08fe28b0;P493f6ff5725a58e31ceb52ab;P52a038d73fbb0dc2fce63fa2;P642aafeefb367660a9b78c39;P6650f8af23e8baae78a43f97;P69d68c4e9723a50f19464644;P8c07225efaa092ab30d53679;P8d6f063f581eb9f0d5456da6;P8fcb3dea8eb09c45fa38015a;P9897241121f49b098577aa4d;Pd361fb920038257624d583f4;Pdd5c78cc55f1937e37fb3db7;Pfd55ca99eaf0d62d7a09bf25		0	A_B_tied_reference_evidence_present	NOT_ASSIGNED	highest reported bitscore reference evidence; no majority label or infection/transfer inference
Pedesta_rubella	1	39	39	36	0	0	0	3	0	0	0	0	0	0	3	0	36	0	P0294554494f5a8cec05865fd;P07f88e2bb1e56fb05f02e58a;P0c624e151735e4a9fed865d5;P0f7e8941919e9b634eb350c7;P105e81cadb13fa73bec24ff5;P13e05d070734305f12c2eb26;P1440feb117cd723f6abb3813;P16ac9b89ff10a00bf5aef6dc;P17c4a8f0e8f2f82c6ac338cd;P20dcc1f87621309dee9a6f80;P22c5aea74644942fb02544bc;P2c83049b426ff56b08fe28b0;P44f6e46ea2ed589cedda429f;P493f6ff5725a58e31ceb52ab;P52a038d73fbb0dc2fce63fa2;P642aafeefb367660a9b78c39;P6650f8af23e8baae78a43f97;P69d68c4e9723a50f19464644;P6e77e4124db35977ff81de98;P71bb8c7f5b149dba1c7305d5;P8c07225efaa092ab30d53679;P8d6f063f581eb9f0d5456da6;P8fcb3dea8eb09c45fa38015a;P942e1b2a3926d675d1974bf5;P95855010e0c2448a44e263ca;P9897241121f49b098577aa4d;Pa2bce227857811250a569cd1;Pb3f06ba9a36b08c87a7cccb2;Pb53b4d94c05a6d484ec8e538;Pbf111878b49f8635cfc0b308;Pbfb42565c9fa797dd31365b6;Pcd189dc1eefba4ae08285709;Pd361fb920038257624d583f4;Pda2dffc75bee2718e9054d16;Pdd5c78cc55f1937e37fb3db7;Pfd55ca99eaf0d62d7a09bf25		0	residual_unknown_reference_evidence_present	NOT_ASSIGNED	highest reported bitscore reference evidence; no majority label or infection/transfer inference
Perichares_adela	1	28	28	4	0	0	0	6	0	18	0	0	0	0	24	18	4	0	P0675c48295767aa3906ac372;P52a038d73fbb0dc2fce63fa2;P6e77e4124db35977ff81de98;Pc399a2889a3327696ebea158		0	A_B_tied_reference_evidence_present	NOT_ASSIGNED	highest reported bitscore reference evidence; no majority label or infection/transfer inference
Pithauria_linus	1	23	23	19	0	0	0	3	0	1	0	0	0	0	4	1	19	0	P16ac9b89ff10a00bf5aef6dc;P17c4a8f0e8f2f82c6ac338cd;P1b45d62aeeff39a57fb5f62e;P20dcc1f87621309dee9a6f80;P22c5aea74644942fb02544bc;P2c83049b426ff56b08fe28b0;P493f6ff5725a58e31ceb52ab;P642aafeefb367660a9b78c39;P69d68c4e9723a50f19464644;P71bb8c7f5b149dba1c7305d5;P7b8604775adae8acd2294a64;P8c07225efaa092ab30d53679;P8fcb3dea8eb09c45fa38015a;P942e1b2a3926d675d1974bf5;Pbf111878b49f8635cfc0b308;Pbfb42565c9fa797dd31365b6;Pd361fb920038257624d583f4;Pda2dffc75bee2718e9054d16;Pdd5c78cc55f1937e37fb3db7		0	A_B_tied_reference_evidence_present	NOT_ASSIGNED	highest reported bitscore reference evidence; no majority label or infection/transfer inference
Pithauria_stramineipennis	1	42	42	38	0	0	0	3	1	0	0	0	0	0	4	0	38	0	P0294554494f5a8cec05865fd;P0675c48295767aa3906ac372;P07f88e2bb1e56fb05f02e58a;P0c624e151735e4a9fed865d5;P0f7e8941919e9b634eb350c7;P105e81cadb13fa73bec24ff5;P13e05d070734305f12c2eb26;P1440feb117cd723f6abb3813;P16ac9b89ff10a00bf5aef6dc;P17c4a8f0e8f2f82c6ac338cd;P20dcc1f87621309dee9a6f80;P22c5aea74644942fb02544bc;P2c83049b426ff56b08fe28b0;P44f6e46ea2ed589cedda429f;P52a038d73fbb0dc2fce63fa2;P642aafeefb367660a9b78c39;P6650f8af23e8baae78a43f97;P69d68c4e9723a50f19464644;P6e77e4124db35977ff81de98;P71bb8c7f5b149dba1c7305d5;P7b8604775adae8acd2294a64;P8c07225efaa092ab30d53679;P8d6f063f581eb9f0d5456da6;P8fcb3dea8eb09c45fa38015a;P942e1b2a3926d675d1974bf5;P95855010e0c2448a44e263ca;P9897241121f49b098577aa4d;Pa2bce227857811250a569cd1;Pb3f06ba9a36b08c87a7cccb2;Pb53b4d94c05a6d484ec8e538;Pbf111878b49f8635cfc0b308;Pbfb42565c9fa797dd31365b6;Pcd189dc1eefba4ae08285709;Pd361fb920038257624d583f4;Pda2dffc75bee2718e9054d16;Pdd5c78cc55f1937e37fb3db7;Pfa51b8e46837a9b1625cc8c5;Pfd55ca99eaf0d62d7a09bf25		0	residual_unknown_reference_evidence_present	NOT_ASSIGNED	highest reported bitscore reference evidence; no majority label or infection/transfer inference
Polytremis_eltola	1	46	46	35	2	0	1	3	2	3	0	0	0	0	9	3	35	2	P0294554494f5a8cec05865fd;P0675c48295767aa3906ac372;P07f88e2bb1e56fb05f02e58a;P0c624e151735e4a9fed865d5;P0f7e8941919e9b634eb350c7;P105e81cadb13fa73bec24ff5;P13e05d070734305f12c2eb26;P16ac9b89ff10a00bf5aef6dc;P17c4a8f0e8f2f82c6ac338cd;P20dcc1f87621309dee9a6f80;P2c83049b426ff56b08fe28b0;P44f6e46ea2ed589cedda429f;P493f6ff5725a58e31ceb52ab;P52a038d73fbb0dc2fce63fa2;P6650f8af23e8baae78a43f97;P69d68c4e9723a50f19464644;P6e77e4124db35977ff81de98;P71bb8c7f5b149dba1c7305d5;P7b8604775adae8acd2294a64;P8c07225efaa092ab30d53679;P8d6f063f581eb9f0d5456da6;P942e1b2a3926d675d1974bf5;P95855010e0c2448a44e263ca;P9897241121f49b098577aa4d;Pa2bce227857811250a569cd1;Pb3f06ba9a36b08c87a7cccb2;Pb53b4d94c05a6d484ec8e538;Pbf111878b49f8635cfc0b308;Pbfb42565c9fa797dd31365b6;Pc399a2889a3327696ebea158;Pcd189dc1eefba4ae08285709;Pd361fb920038257624d583f4;Pda2dffc75bee2718e9054d16;Pdd5c78cc55f1937e37fb3db7;Pfd55ca99eaf0d62d7a09bf25	P1c6d0324297a9a0d8c4410e8;P507058803c71333cf0b9f49f	1	A_only_and_B_only_evidence_in_distinct_families	NOT_ASSIGNED	highest reported bitscore reference evidence; no majority label or infection/transfer inference
Polytremis_theca	1	31	31	19	0	0	1	8	0	3	0	0	0	0	12	3	19	0	P0675c48295767aa3906ac372;P0c624e151735e4a9fed865d5;P105e81cadb13fa73bec24ff5;P13e05d070734305f12c2eb26;P17c4a8f0e8f2f82c6ac338cd;P493f6ff5725a58e31ceb52ab;P52a038d73fbb0dc2fce63fa2;P69d68c4e9723a50f19464644;P7b8604775adae8acd2294a64;P9897241121f49b098577aa4d;Pa87d72afcf636cec7bbf5d9e;Pb3f06ba9a36b08c87a7cccb2;Pb53b4d94c05a6d484ec8e538;Pbfb42565c9fa797dd31365b6;Pcd189dc1eefba4ae08285709;Pd361fb920038257624d583f4;Pda2dffc75bee2718e9054d16;Pdd5c78cc55f1937e37fb3db7;Pfd55ca99eaf0d62d7a09bf25		0	A_B_tied_reference_evidence_present	NOT_ASSIGNED	highest reported bitscore reference evidence; no majority label or infection/transfer inference
Potanthus_trachala	1	15	15	0	6	0	0	0	0	9	0	0	0	0	9	9	0	6		P1440feb117cd723f6abb3813;P1b1b9bd92b6d337fd150f16a;P2334edc5add04f8c7e6edc90;P23e7a20ecc5930faafdadf7b;P507058803c71333cf0b9f49f;P8fcb3dea8eb09c45fa38015a	0	A_B_tied_reference_evidence_present	NOT_ASSIGNED	highest reported bitscore reference evidence; no majority label or infection/transfer inference
Sovia_lucasii_lucasii	1	15	15	0	6	0	0	0	0	9	0	0	0	0	9	9	0	6		P1440feb117cd723f6abb3813;P1b1b9bd92b6d337fd150f16a;P2334edc5add04f8c7e6edc90;P23e7a20ecc5930faafdadf7b;P507058803c71333cf0b9f49f;P8fcb3dea8eb09c45fa38015a	0	A_B_tied_reference_evidence_present	NOT_ASSIGNED	highest reported bitscore reference evidence; no majority label or infection/transfer inference
Sovia_subflava	1	38	38	34	1	0	0	3	0	0	0	0	0	0	3	0	34	1	P0294554494f5a8cec05865fd;P0675c48295767aa3906ac372;P07f88e2bb1e56fb05f02e58a;P0c624e151735e4a9fed865d5;P0f7e8941919e9b634eb350c7;P105e81cadb13fa73bec24ff5;P16ac9b89ff10a00bf5aef6dc;P1c6d0324297a9a0d8c4410e8;P20dcc1f87621309dee9a6f80;P22c5aea74644942fb02544bc;P2c83049b426ff56b08fe28b0;P44f6e46ea2ed589cedda429f;P493f6ff5725a58e31ceb52ab;P507058803c71333cf0b9f49f;P52a038d73fbb0dc2fce63fa2;P642aafeefb367660a9b78c39;P6650f8af23e8baae78a43f97;P6e77e4124db35977ff81de98;P8c07225efaa092ab30d53679;P8d6f063f581eb9f0d5456da6;P8fcb3dea8eb09c45fa38015a;P942e1b2a3926d675d1974bf5;P95855010e0c2448a44e263ca;P9897241121f49b098577aa4d;Pa2bce227857811250a569cd1;Pb3f06ba9a36b08c87a7cccb2;Pb53b4d94c05a6d484ec8e538;Pbf111878b49f8635cfc0b308;Pbfb42565c9fa797dd31365b6;Pcd189dc1eefba4ae08285709;Pd361fb920038257624d583f4;Pda2dffc75bee2718e9054d16;Pdd5c78cc55f1937e37fb3db7;Pfd55ca99eaf0d62d7a09bf25	P1b45d62aeeff39a57fb5f62e	1	A_only_and_B_only_evidence_in_distinct_families	NOT_ASSIGNED	highest reported bitscore reference evidence; no majority label or infection/transfer inference
Telicota_bambusae	1	41	41	39	0	0	0	2	0	0	0	0	0	0	2	0	39	0	P0294554494f5a8cec05865fd;P0675c48295767aa3906ac372;P07f88e2bb1e56fb05f02e58a;P0c624e151735e4a9fed865d5;P0f7e8941919e9b634eb350c7;P105e81cadb13fa73bec24ff5;P13e05d070734305f12c2eb26;P1440feb117cd723f6abb3813;P16ac9b89ff10a00bf5aef6dc;P17c4a8f0e8f2f82c6ac338cd;P20dcc1f87621309dee9a6f80;P22c5aea74644942fb02544bc;P2c83049b426ff56b08fe28b0;P44f6e46ea2ed589cedda429f;P493f6ff5725a58e31ceb52ab;P52a038d73fbb0dc2fce63fa2;P642aafeefb367660a9b78c39;P6650f8af23e8baae78a43f97;P69d68c4e9723a50f19464644;P6e77e4124db35977ff81de98;P71bb8c7f5b149dba1c7305d5;P7b8604775adae8acd2294a64;P8c07225efaa092ab30d53679;P8d6f063f581eb9f0d5456da6;P8fcb3dea8eb09c45fa38015a;P942e1b2a3926d675d1974bf5;P95855010e0c2448a44e263ca;P9897241121f49b098577aa4d;Pa2bce227857811250a569cd1;Pb3f06ba9a36b08c87a7cccb2;Pb53b4d94c05a6d484ec8e538;Pbf111878b49f8635cfc0b308;Pc399a2889a3327696ebea158;Pcd189dc1eefba4ae08285709;Pd361fb920038257624d583f4;Pda2dffc75bee2718e9054d16;Pdd5c78cc55f1937e37fb3db7;Pfa51b8e46837a9b1625cc8c5;Pfd55ca99eaf0d62d7a09bf25		0	residual_unknown_reference_evidence_present	NOT_ASSIGNED	highest reported bitscore reference evidence; no majority label or infection/transfer inference
Thoressa_kuata	1	15	15	6	2	0	3	2	0	2	0	0	0	0	7	2	6	2	P13e05d070734305f12c2eb26;P1c6d0324297a9a0d8c4410e8;P507058803c71333cf0b9f49f;P642aafeefb367660a9b78c39;P71bb8c7f5b149dba1c7305d5;Pc399a2889a3327696ebea158	P1b45d62aeeff39a57fb5f62e;P23e7a20ecc5930faafdadf7b	1	A_only_and_B_only_evidence_in_distinct_families	NOT_ASSIGNED	highest reported bitscore reference evidence; no majority label or infection/transfer inference
