check	observed	expected	pass	analysis_signature
v5_signature_chain	ca9d71d260b772eaf6bf6b6f4e53b6ddc58a95f14aab719b0575d88940cfc498	ca9d71d260b772eaf6bf6b6f4e53b6ddc58a95f14aab719b0575d88940cfc498	TRUE	5ba52282af41c8041999b03ee6a8b0a96c3875ba61e7476c66542f2074698eb8
v6_signature_chain	3ad914c3adcdceb3ce3eb393d30f64a46c24b909a3ddf4b77df2d8c1b1c91e58	3ad914c3adcdceb3ce3eb393d30f64a46c24b909a3ddf4b77df2d8c1b1c91e58	TRUE	5ba52282af41c8041999b03ee6a8b0a96c3875ba61e7476c66542f2074698eb8
tree_environment_hash_chain	06725d5a0c1ef29007aeb0f7657175c2d2329c75cb4d8fb2170e39b5fdaf6962;3d0af76b57e294ee32f963fe0945b50b9f0713282e8546c5b74f0a60e41d4e8a	current formal tree/environment SHA	TRUE	5ba52282af41c8041999b03ee6a8b0a96c3875ba61e7476c66542f2074698eb8
exact_four_dt_values	0.001;0.0025;0.005;0.01	0.001;0.0025;0.005;0.01	TRUE	5ba52282af41c8041999b03ee6a8b0a96c3875ba61e7476c66542f2074698eb8
v5_sixteen_runs_retained	16	16	TRUE	5ba52282af41c8041999b03ee6a8b0a96c3875ba61e7476c66542f2074698eb8
v6_four_rescue_runs_retained	4	>=4	TRUE	5ba52282af41c8041999b03ee6a8b0a96c3875ba61e7476c66542f2074698eb8
at_least_four_runs_per_dt	4	>=4	TRUE	5ba52282af41c8041999b03ee6a8b0a96c3875ba61e7476c66542f2074698eb8
all_dt_have_converged_solution	TRUE	TRUE	TRUE	5ba52282af41c8041999b03ee6a8b0a96c3875ba61e7476c66542f2074698eb8
all_dt_best_reproduced_at_least_twice_1e_4	4	>=2	TRUE	5ba52282af41c8041999b03ee6a8b0a96c3875ba61e7476c66542f2074698eb8
no_higher_finite_nonconverged_each_dt	TRUE	TRUE	TRUE	5ba52282af41c8041999b03ee6a8b0a96c3875ba61e7476c66542f2074698eb8
all_selected_rates_finite	TRUE	TRUE	TRUE	5ba52282af41c8041999b03ee6a8b0a96c3875ba61e7476c66542f2074698eb8
present_to_reference_center_conversion	0	<=1e-10	TRUE	5ba52282af41c8041999b03ee6a8b0a96c3875ba61e7476c66542f2074698eb8
sampling_fraction_conditioning_df_total_time	f=0.19857142857142857;cond=crown;df=80;time=42.083092000000008	417/2100;crown;80;formal total_time	TRUE	5ba52282af41c8041999b03ee6a8b0a96c3875ba61e7476c66542f2074698eb8
formal_inference_remains_official_dt_0.005	TRUE	TRUE	TRUE	5ba52282af41c8041999b03ee6a8b0a96c3875ba61e7476c66542f2074698eb8
actual_control_characters_removed	TRUE	TRUE	TRUE	5ba52282af41c8041999b03ee6a8b0a96c3875ba61e7476c66542f2074698eb8
runs_TSV_roundtrip	TRUE	TRUE	TRUE	5ba52282af41c8041999b03ee6a8b0a96c3875ba61e7476c66542f2074698eb8
summary_TSV_roundtrip	TRUE	TRUE	TRUE	5ba52282af41c8041999b03ee6a8b0a96c3875ba61e7476c66542f2074698eb8
diagnosis_TSV_roundtrip	TRUE	TRUE	TRUE	5ba52282af41c8041999b03ee6a8b0a96c3875ba61e7476c66542f2074698eb8
signature_embedded_all_rows	TRUE	TRUE	TRUE	5ba52282af41c8041999b03ee6a8b0a96c3875ba61e7476c66542f2074698eb8
